freq_mean_320,freq_std_320,noise_mean_320,noise_std_320,color_mean_320,color_std_320,edge_mean_320,edge_std_320,lapvar_mean_320,lapvar_std_320,temporal_mean_320,temporal_std_320,freq_mean_640,freq_std_640,noise_mean_640,noise_std_640,color_mean_640,color_std_640,edge_mean_640,edge_std_640,lapvar_mean_640,lapvar_std_640,temporal_mean_640,temporal_std_640,path,label
2.631251770378701,0.10759918196907431,0.0030968411359936,0.0004751775205586031,7.855047702789307,0.020376889687250908,130.32591857910157,3.192167443444473,2706.298658133425,609.318431782165,0.46320922486956484,0.2710578254449911,3.0786921998162855,0.06835103066812032,0.0011545873363502323,0.0003188815118964213,7.873934936523438,0.0048749676154573145,93.09413299560546,5.830252669660095,763.3495020911909,230.12470851741656,0.5042043208394097,0.2681271125005232,C:\Users\Lee\Documents\AI_Training_Data\human_norm_vid\q_10041403.mp4,0
2.3819396563321464,0.1208539752294222,0.00288073793053627,0.0005144184912619812,7.773683834075928,0.021108014468052293,96.39236755371094,2.3658892008950705,2846.436988343641,713.1771719055047,0.1756027562925923,0.09105360270527273,2.5131508158899547,0.22830162318324596,0.0020024541532620787,0.0008948411052217591,7.789101791381836,0.018244918370066646,82.69385528564453,9.026596585216744,1813.8354796767737,1009.1918682935378,0.25944438128324376,0.13301839879319333,C:\Users\Lee\Documents\AI_Training_Data\human_norm_vid\q_10117843.mp4,0
2.8154893163157984,0.05493672160392108,0.0003641748509835452,2.6460265479959526e-05,7.742204666137695,0.04169591903582259,38.93468551635742,0.28741779411026736,289.70060336377554,31.786737614006107,0.20141601559903305,0.10377151796310867,2.981505138739073,0.07282664582867628,0.0001873470828286372,3.432297480413702e-05,7.788508415222168,0.00917098060914495,26.758230209350586,0.900165653576724,128.66489142354328,24.877647496692397,0.21291634645468652,0.10912811188495204,C:\Users\Lee\Documents\AI_Training_Data\human_norm_vid\q_10178305.mp4,0
2.7655792013703375,0.08076621395736203,0.001053008553571999,0.00013220944450613288,7.901211547851562,0.014172192963547884,61.511085510253906,1.249749413514845,815.521243795871,140.288220475434,0.2893966751151062,0.15053076933390364,3.042594599587028,0.12179663241540732,0.00041299066215287893,0.00010237278430363105,7.904980278015136,0.008899187212048647,39.27426528930664,1.8023860716842486,278.577496652263,84.69901509174558,0.27875884982223714,0.14214769309067038,C:\Users\Lee\Documents\AI_Training_Data\human_norm_vid\q_10222212.mp4,0
2.8425231484449633,0.11047938842445146,0.0006034108751919121,0.0001555159694509567,7.84340181350708,0.06822810685326158,55.515909576416014,3.776798321777373,498.0903295779275,157.40694384952283,0.5591881257145358,0.2802044972078352,3.060240604731191,0.14263644594325134,0.0002377773926127702,8.589390939177999e-05,7.8611595153808596,0.05584133550245566,37.67322616577148,4.286787263122563,174.64634522404762,73.19295161594012,0.46213844641731117,0.23151099168822661,C:\Users\Lee\Documents\AI_Training_Data\human_norm_vid\q_10570665.mp4,0
2.4053796613375606,0.09863672931838005,0.002195916068740189,0.00030774817156188893,7.861235332489014,0.017551592596146873,87.19320678710938,1.4468463174778772,2305.84104424003,422.6385994808018,0.4348165991975407,0.21797919736189086,2.4571520049047955,0.18397461173163848,0.0017450331011787056,0.0005093656826911661,7.907999801635742,0.0040296552308425986,69.51010055541992,4.560176841289171,1710.6748134520992,572.9973126700728,0.42218952020125505,0.2113818006189255,C:\Users\Lee\Documents\AI_Training_Data\human_norm_vid\q_11207915.mp4,0
2.687467477752817,0.07199018151066011,0.0019123132806271315,0.0002166533181650595,7.923187255859375,0.029189373358474113,88.56388397216797,1.5630867966244157,1579.9917089296994,239.62527273084518,0.06831239527867265,0.04060254625006897,2.895875152075844,0.11717814176474732,0.0008842369192279875,0.00021711101177038057,7.949229145050049,0.003063927189887208,60.283678436279295,2.7417931842142647,658.9670227237391,193.36438414350704,0.08880179297117849,0.04995176882315723,C:\Users\Lee\Documents\AI_Training_Data\human_norm_vid\q_1122526.mp4,0
2.3090530690259556,0.09927795043676925,0.0055182849057018755,0.0007465563937138081,7.816250610351562,0.029313261762146055,143.75277099609374,2.80508257742774,5433.413817927457,1030.0038702758245,0.5360696001752354,0.2701266260396576,2.5687681731432463,0.16893054186411668,0.0035225564613938333,0.0011195295802566847,7.825841808319092,0.02462426660538812,114.33830413818359,8.925609576954626,2900.9287632918667,1088.6814936070223,0.5691909652682547,0.2852243334410337,C:\Users\Lee\Documents\AI_Training_Data\human_norm_vid\q_11269269.mp4,0
2.170361994591722,0.11045605735444813,0.008940191939473152,0.001837408293539897,7.886641120910644,0.028116022842507183,172.0047180175781,16.16853940908775,9236.791254282105,2296.692925018951,0.6515657045203105,0.3281918461485596,2.5637900173528965,0.14773159036709083,0.0051236542407423254,0.0016455655285440723,7.904573917388916,0.018544627496320354,149.49122314453126,18.60912532525653,4155.337142133687,1572.8326470696345,0.6369576835295345,0.32049512461977064,C:\Users\Lee\Documents\AI_Training_Data\human_norm_vid\q_12554614.mp4,0
2.206350372560177,0.10325323270722041,0.004333794489502907,0.0006875210550882288,7.87095365524292,0.020652329387230918,110.39473114013671,3.985364919635769,4564.9052390299485,935.6935767596112,0.05865728693407235,0.03338351347833257,2.3287822839041334,0.22629978749735957,0.003811204363591969,0.0013561347599256308,7.8994134902954105,0.007943331429854669,103.37796173095703,11.155025832031088,3556.8776938888054,1478.275372977771,0.12017552758641319,0.07725423068755714,C:\Users\Lee\Documents\AI_Training_Data\human_norm_vid\q_1270564.mp4,0
2.687469969128237,0.11472046358578805,0.001353066018782556,0.00022256776206137463,7.834777069091797,0.02860316170430832,85.68104705810546,1.5700797634039807,1195.188117733774,290.8993800737734,0.3591830228651095,0.18879966415209873,2.873639952914853,0.2073075073569195,0.0007181671564467252,0.00027683080536601383,7.851339340209961,0.008123466066412871,61.66856384277344,4.75160953765327,560.5565110113664,260.12103389490056,0.3975954346094203,0.20375462942911146,C:\Users\Lee\Documents\AI_Training_Data\human_norm_vid\q_12788760.mp4,0
2.9784862155057725,0.08707968704938017,0.0006758780975360424,0.00012699135273860457,7.92856273651123,0.02483707752356278,59.839054107666016,1.9295612452264903,473.26909864638657,116.93873633388317,0.378321577882592,0.20228694260241703,3.240362482864584,0.07679332357690435,0.00021801410475745796,6.978045029089558e-05,7.938903713226319,0.007741646894303996,35.822784423828125,1.8859206881797625,129.28059301867944,43.8669146041133,0.323264792437769,0.16968481197488758,C:\Users\Lee\Documents\AI_Training_Data\human_norm_vid\q_13736532.mp4,0
2.5363321286643243,0.07635356493239162,0.00938249733299017,0.0009504179340845215,7.870406913757324,0.026574253051894575,252.51690673828125,5.245050954995377,7984.894501904417,1146.2544595926743,0.10679377297097406,0.05548257650614906,3.0587904979738836,0.06652303549543388,0.0031933150254189967,0.000627924834790617,7.861108589172363,0.027439045911939953,185.15740966796875,10.4386696755828,2103.553226754369,494.55328825780026,0.1543638863811304,0.0785326683904381,C:\Users\Lee\Documents\AI_Training_Data\human_norm_vid\q_15338081.mp4,0
3.0147173841112087,0.5025016371214889,0.00040494000422768294,0.00024523178175590567,6.244791889190674,3.1225776547357023,29.150010681152345,14.650308354744997,346.5504556978805,224.3711817879801,0.4637281782035304,0.30963494387913604,3.159559380629119,0.43584361707055147,0.00020222609164193272,0.00014790782765589222,6.2542298316955565,3.127189058722699,19.603378677368163,10.082537694500076,146.07820469743893,110.36921790618608,0.4137325154143022,0.31140735023884475,C:\Users\Lee\Documents\AI_Training_Data\human_norm_vid\q_1581371.mp4,0
2.5788672302430014,0.1285250729930508,0.0009187333984300494,0.00016659447268195605,7.491106224060059,0.03254015021121098,58.02914810180664,1.4240580366632185,959.6038605985362,254.45441395576336,0.28811794142168196,0.14868712151666028,2.7533364954809727,0.16602039928629544,0.0005801348248496652,0.00021986945304962012,7.48486909866333,0.031088945104572562,48.7575927734375,4.794485266599629,486.7124412401064,214.91538576784214,0.34131412871034245,0.17298734662167992,C:\Users\Lee\Documents\AI_Training_Data\human_norm_vid\q_17274683.mp4,0
2.4406928196463893,0.13995858237741032,0.0021635916782543063,0.0005379503030265676,7.8668317794799805,0.005944656191248946,100.16074829101562,7.429410747453555,2083.0081586961683,614.8915532400604,0.6271546153311621,0.3136689623503316,2.7535675385666627,0.16128121295697462,0.001122880744514987,0.00034792699316630124,7.879206752777099,0.005797047050561605,78.08923645019532,8.733034655679063,855.612724662841,300.3426297108131,0.6104089038111035,0.3052477824687313,C:\Users\Lee\Documents\AI_Training_Data\human_norm_vid\q_17576165.mp4,0
2.3678761030810294,0.0952749116442789,0.0027035543229430915,0.00038295426454414095,7.205952739715576,0.11627374211437687,61.153741455078126,1.8040452729995782,2639.6083534124227,505.70602596208755,0.2929781041193966,0.14705270142902527,2.4545055005798955,0.2239623444246796,0.002042944438289851,0.0006259183007461197,7.194641399383545,0.12972101612124973,45.87045059204102,3.3398939526652858,1955.8520754096328,709.1158087612031,0.2809278118656331,0.14093101129628482,C:\Users\Lee\Documents\AI_Training_Data\human_norm_vid\q_17786077.mp4,0
1.995497057684447,0.13115893176214558,0.006287744827568531,0.0013762647956403965,7.646056652069092,0.03070456844358076,146.27115783691406,6.552220000642837,7606.110499538544,2269.58142263671,0.6175234552975624,0.30895610180722854,2.2862739426090277,0.22823137344502428,0.005499604297801853,0.002693500655225781,7.561163997650146,0.13217372677017794,150.61246795654296,23.851542377044463,5443.40188058845,3121.9186472096076,0.6315439235074976,0.3158504463095044,C:\Users\Lee\Documents\AI_Training_Data\human_norm_vid\q_17973477.mp4,0
2.3126783684194767,0.03176911344738919,0.0014974223915487528,0.0001300912720354418,7.805195713043213,0.021098772472696883,59.667973327636716,3.3567371856932833,1565.7329407608145,125.68394065956727,0.2848422890524274,0.14545761338459004,2.3647105772296286,0.0928262858207707,0.0013407606864348053,0.0002008733838985061,7.803419208526611,0.028515470725360297,59.54347152709961,4.539631384099682,1204.7487528195754,225.51326370883135,0.34651118938535574,0.17630499333062505,C:\Users\Lee\Documents\AI_Training_Data\human_norm_vid\q_18409741.mp4,0
2.630578758181684,0.02939308408823196,0.00036329945432953534,1.4479940703760988e-05,6.2413736343383786,0.06699770679850775,30.779217147827147,0.7065730160425071,305.84464132809507,14.49825770015598,0.27554760216318697,0.14707640104212705,2.8064440906240105,0.032088220440240824,0.00017781348724383862,7.599638165637753e-06,6.231754207611084,0.05920468080421,22.44514579772949,0.6980610347152473,138.92127367939005,6.2376933693780945,0.25749440162665516,0.13240729694585213,C:\Users\Lee\Documents\AI_Training_Data\human_norm_vid\q_18422163.mp4,0
2.7389984898956343,0.040778623821124134,0.002855595014989376,0.00023596860055233307,7.787456607818603,0.0282117470261973,123.71161499023438,2.0855374935036584,2028.4396939893784,213.31680084203737,0.3671200087215487,0.19644704780064456,2.979842860788252,0.052511317472423186,0.0010742903221398592,0.00016009073840813205,7.798723983764648,0.012780338238381013,80.3252944946289,2.9493592011405627,707.2205402537217,111.80022411550691,0.4034075281395502,0.21124663211373235,C:\Users\Lee\Documents\AI_Training_Data\human_norm_vid\q_1892490.mp4,0
2.396268885185934,0.12352339172273795,0.0069656590931117535,0.001345112018863045,7.8330036163330075,0.03324822830576572,195.69183044433595,7.179091009896662,6468.582154895621,1824.880037068091,0.7862639668268024,0.39314279923647444,2.895634858683703,0.14130312308547044,0.003074676007963717,0.0012127713394473353,7.820275211334229,0.05327178774371505,152.61669311523437,18.392979093288343,2183.433452751051,975.4759738184651,0.7724344668471327,0.3862410356847217,C:\Users\Lee\Documents\AI_Training_Data\human_norm_vid\q_19027385.mp4,0
2.215478672492832,0.10310604926700351,0.0029124243650585414,0.000557230744390547,7.5841046333312985,0.027545715651011833,96.86434326171874,5.912515157284614,3214.195003025053,774.6487725941331,0.5194963332471002,0.26000748965076165,2.5137866741179513,0.1843617494252459,0.0021187138045206666,0.0006705903989568995,7.673078155517578,0.02449511891773963,90.52590484619141,11.037144367837467,1912.6081045930573,694.9400354915354,0.5179113046299028,0.25915467577581064,C:\Users\Lee\Documents\AI_Training_Data\human_norm_vid\q_19781770.mp4,0
2.2590743287843256,0.10738191101640612,0.0038637818768620493,0.0006384654283603206,7.841384696960449,0.020611552019098024,125.16802978515625,3.6015196376602385,4126.715074960575,969.2007033154945,0.7026257548667454,0.35205403195961904,2.60733994430449,0.16594842393711243,0.0025506172562018035,0.0009038972068739884,7.858444595336914,0.02227191938116328,113.59946746826172,12.393633123373862,2131.8162100560203,873.3214431255352,0.6958835746720905,0.34829306271611504,C:\Users\Lee\Documents\AI_Training_Data\human_norm_vid\q_2028811.mp4,0
2.9589008725414407,0.06019483173642041,0.0015845696441829204,0.0001430262205144054,7.828553295135498,0.008892703029967865,114.74151916503907,1.5271546754399836,1163.251148602973,161.3377497010732,0.4183919644973656,0.21776636374981465,3.25029705704842,0.04768911765353871,0.0004565069219097495,7.127763778322054e-05,7.8127851486206055,0.020179248282608427,69.84329376220703,2.004686443323887,284.02807064797486,50.11665266987707,0.45258966317985544,0.2309476662456841,C:\Users\Lee\Documents\AI_Training_Data\human_norm_vid\q_2235949.mp4,0
2.081018919610042,0.1274743550353299,0.002702655177563429,0.0005705025849408284,7.676635456085205,0.02130895889441441,88.24633331298828,3.854234072771122,3133.144814771532,873.7178918997913,0.5517943196405801,0.2759058181332299,2.366755900962911,0.22225138699212604,0.0022415188141167164,0.0009768953750802615,7.6505763053894045,0.05015424498607729,89.52791748046874,12.849817950827136,2135.948476219818,1073.5139312405825,0.540075082439332,0.27005515547405906,C:\Users\Lee\Documents\AI_Training_Data\human_norm_vid\q_2300433.mp4,0
2.527435595830834,0.09849839696913154,0.0023671973263844847,0.0006736968602098825,7.748719787597656,0.017846497261496914,102.55137176513672,10.609677986373594,2096.166379927213,637.1040880550729,0.5720761951401824,0.2861050425040276,2.9089370809266075,0.122573770592905,0.0010465669678524137,0.00037457304193025094,7.769263648986817,0.014994173408986192,79.33392868041992,10.697401745827797,745.6783572483208,292.1916923560292,0.5428633189872516,0.27149530691142987,C:\Users\Lee\Documents\AI_Training_Data\human_norm_vid\q_24800307.mp4,0
2.1792883161736847,0.018281255398804284,0.004057258646935224,0.00015188648789610216,7.8775101661682125,0.002214114370115525,112.29913635253907,1.532324855259554,3976.43395194993,167.84589807863122,0.4352579347608055,0.32083321561592154,2.601181271230873,0.0654767893704216,0.0024385365657508375,0.000361004132159019,7.8894548416137695,0.006236090983122654,104.25671081542968,4.499322806149319,1729.4763145086333,297.764400653574,0.45392803623894074,0.3128729573555862,C:\Users\Lee\Documents\AI_Training_Data\human_norm_vid\q_25857158.mp4,0
2.283664728324722,0.09958556738270959,0.006076753325760365,0.000809582666793696,7.88717212677002,0.025497923026816877,157.73684997558593,3.6076885496505677,6058.739654522749,1116.4741705663982,0.4245974108624127,0.21261489994174976,2.460498912386941,0.2162431619475483,0.004316568584181368,0.0014994959242584022,7.895239448547363,0.020889250004327637,129.97948150634767,11.313930616696613,3925.027634190226,1696.5087279663705,0.5116702206115687,0.25647625784766814,C:\Users\Lee\Documents\AI_Training_Data\human_norm_vid\q_26383416.mp4,0
2.354356077746309,0.08861436432549147,0.006809033267199993,0.0008635590664455532,7.679774951934815,0.028998702059297124,157.91635437011718,3.22506298227607,7293.003318679652,1323.5349212821027,0.3498242294696258,0.2514061482040721,2.4721342628759047,0.20726532333405606,0.005018441379070282,0.0017247955123314209,7.58886079788208,0.07951826045242304,131.52616271972656,11.343137437776642,5044.878021845895,2174.1949971311906,0.4586979618578666,0.2776652486138743,C:\Users\Lee\Documents\AI_Training_Data\human_norm_vid\q_26583042.mp4,0
2.248990795451294,1.127115979827178,0.0007662406889721752,0.0003965256340329696,6.295395183563232,3.147744152568445,48.56952590942383,24.304408844856095,646.2729804589565,347.7918762244604,0.4994208879718133,0.3187398812448815,2.4787302028138396,1.2428414872463591,0.0003096600470598787,0.00017643087447558273,6.302756977081299,3.1513827900160107,32.720995330810545,16.486196618200413,218.12852776086203,129.14769988711322,0.4702681547715402,0.31661901622026134,C:\Users\Lee\Documents\AI_Training_Data\human_norm_vid\q_26622998.mp4,0
2.621933497079503,0.10176609802286063,0.0002502636838471517,3.975113117819476e-05,7.872849845886231,0.04932985398551917,30.056795501708983,0.463011635601675,249.62010608338156,55.86863015680085,0.11380869625447507,0.058811892068676624,2.680193894809211,0.22603947570297764,0.00019462063792161644,7.018671853834373e-05,7.899830722808838,0.012091854466422367,22.77684211730957,1.527525713614615,173.3880042681056,78.50832181335238,0.1350279026780993,0.06823255739916959,C:\Users\Lee\Documents\AI_Training_Data\human_norm_vid\q_26777778.mp4,0
2.5938138508466304,0.12587576478359724,0.0005016052862629294,0.00010212588911726411,7.849109935760498,0.030697738610667477,45.784837341308595,1.1003788953723406,442.82570726357545,132.49241419136942,0.10416112261777151,0.05353317675809832,2.7736502514242054,0.26452602552131027,0.0003111296187853441,0.00016910925238436818,7.860827445983887,0.01021707617022278,34.30021934509277,3.451462575559452,252.4827739058356,166.39754533698917,0.1489393706051701,0.07600222671543046,C:\Users\Lee\Documents\AI_Training_Data\human_norm_vid\q_27062897.mp4,0
2.675526811028224,0.07662289561960021,0.0025967823341488836,0.00029004980855392343,7.819076347351074,0.026984287988536793,121.11799468994141,1.6709150475939445,2459.697981272003,411.8531652403973,0.061495473639337404,0.04144318615066365,2.816205178414735,0.13451037005556835,0.0012968288036063313,0.00037357928468432946,7.829638576507568,0.013395743779899275,75.34943542480468,2.7584370356025967,1142.9097621820029,431.551008656988,0.0903448415691693,0.05697150763824032,C:\Users\Lee\Documents\AI_Training_Data\human_norm_vid\q_27439999.mp4,0
2.597468476420876,0.7033000224725251,0.004699015058577061,0.0024015353525632687,6.3111371994018555,3.1557667941200256,122.39277038574218,62.0060273578349,4924.293478541305,2522.8047986718293,0.7262479102713668,0.36952203304434206,2.8143652479705605,0.6095426311645296,0.0032900016754865645,0.0018640510092577845,6.319042301177978,3.159650221552196,112.24855041503906,56.76146076717834,2821.910584636272,1749.2209680069789,0.7337652666221584,0.3705547425066065,C:\Users\Lee\Documents\AI_Training_Data\human_norm_vid\q_27645915.mp4,0
2.3115221240869226,0.09914340894026054,0.005203564651310444,0.000759994726373881,7.8872698783874515,0.021887162501831176,142.45144958496093,3.282618954097926,5909.488658355034,1184.7060441118153,0.5780384350017528,0.4220511711547615,2.3052313546990955,0.2317604067478087,0.005004602018743753,0.0016324038227517534,7.911119842529297,0.010975618719869107,135.33445892333984,13.317853805387765,5505.658474205869,2136.9271254510004,0.6110798340733895,0.38765671795463424,C:\Users\Lee\Documents\AI_Training_Data\human_norm_vid\q_27695768.mp4,0
3.2078655154094426,0.018057067759031414,1.1640331467788202e-05,1.1840195996704512e-06,7.782035160064697,0.06452965236113306,15.200507164001465,0.044954507708236224,9.251508709551022,0.9308807171042351,0.02303637331654307,0.01619844740662859,3.177629715902489,0.028167100232581965,5.893881370866438e-06,7.565993573826265e-07,7.828092479705811,0.023991334015561232,8.511985969543456,0.06529182811246693,4.804532766467436,0.5593962427942871,0.021837356525041263,0.013423789357746145,C:\Users\Lee\Documents\AI_Training_Data\human_norm_vid\q_28551440.mp4,0
2.295305951710484,0.12375709040876749,0.006423451192677021,0.001172403415740717,7.90468692779541,0.016568019616690327,172.71526794433595,4.892034926958647,6531.423862409277,1683.164968095383,0.6135014663938824,0.30691995449651593,2.536020555091144,0.2485485417895813,0.004656335478648544,0.0020455558826358226,7.935791015625,0.010935734317676443,152.1948486328125,18.840807590121948,4122.500093493091,2171.0842030581757,0.6782575001032091,0.3394927427547909,C:\Users\Lee\Documents\AI_Training_Data\human_norm_vid\q_29352306.mp4,0
2.1493565330125732,0.014600893834765483,0.008257407881319522,0.00022006234572082773,7.933430194854736,0.016064934092408233,184.60520935058594,2.5781465685368476,8693.831170142144,194.557305668982,0.6549157174739437,0.327521913434796,2.277190870978777,0.07747859077050313,0.007555463071912527,0.0005644484132094473,7.9540050506591795,0.00405175116060038,179.32344970703124,3.319395182137806,6818.413093896544,884.6284226636463,0.6859709130102896,0.34299618247651736,C:\Users\Lee\Documents\AI_Training_Data\human_norm_vid\q_29358733.mp4,0
2.1602867274398503,0.010988065329727946,0.008264593966305255,0.0003695800789353088,7.827517795562744,0.028501971326991317,178.819140625,4.8046660780080215,8957.541823121262,430.89839746974275,0.6623138937359853,0.3480765727198041,2.576945650045032,0.13681499307544753,0.005005414318293333,0.0011810094641930434,7.833621883392334,0.025210715648270484,150.51365661621094,9.115528548393742,4252.364004526292,1328.8998636743022,0.6585142747864414,0.33634663204215104,C:\Users\Lee\Documents\AI_Training_Data\human_norm_vid\q_29824493.mp4,0
2.5099779996610394,0.07845380552888286,0.0027777235954999924,0.00029665764052939626,7.897232437133789,0.022489699131958522,111.74006805419921,4.509751870127956,2638.3081815216287,407.4903068985698,0.6359589473122599,0.31844888412703193,2.779080071356955,0.10863042035935294,0.00147302612895146,0.0003557915672093331,7.910898685455322,0.010238945701891593,86.24768371582032,5.1744348700992555,1155.1970244787938,329.72926843977245,0.6195687215223791,0.31018516352679465,C:\Users\Lee\Documents\AI_Training_Data\human_norm_vid\q_30090905.mp4,0
2.8588250499449654,0.027995060458926004,0.0012235236121341587,6.155315180415965e-05,7.789576530456543,0.05721066103654801,87.13566741943359,3.292339253835441,952.960539317431,39.468002901502736,0.5465976328547295,0.2918870158241105,3.0252767159878524,0.07236292807577338,0.00043806234607473015,4.529329682846287e-05,7.791394329071045,0.05614199454431012,58.83122100830078,1.2124608613297012,324.2909325849293,49.43206005932985,0.5303705499217702,0.27147472228349656,C:\Users\Lee\Documents\AI_Training_Data\human_norm_vid\q_3012516.mp4,0
2.215097516536683,0.09815341133869641,0.010230521205812693,0.0013922062139513608,7.940072154998779,0.0064500478043766,203.4882781982422,5.101586989120179,10233.959397916487,1877.354886685961,0.587487254139719,0.30499859518463945,2.5109081430474545,0.19787205115103684,0.006656843656674028,0.00236834018092031,7.954245281219483,0.00653276347071245,173.4308288574219,15.326591420825107,5692.19718158798,2574.414678792332,0.6190493012579084,0.31544671613841485,C:\Users\Lee\Documents\AI_Training_Data\human_norm_vid\q_30335364.mp4,0
2.815032169579614,0.017095392296781767,0.00017518066742923112,1.401630082703127e-05,6.796698188781738,0.060874596008507705,24.33360366821289,1.2284351656778447,150.0292875913627,11.546000526331547,0.2769853326962568,0.1393446971696797,3.076573900171175,0.048180418210159136,6.938990627531893e-05,7.300457227799571e-06,6.80101375579834,0.0502756682393452,16.753027534484865,0.9775422737957427,46.83756037495909,5.85178764099048,0.22967938727049356,0.11574391745774788,C:\Users\Lee\Documents\AI_Training_Data\human_norm_vid\q_30453177.mp4,0
2.5475126239623376,0.08898776209250304,0.004325990984216333,0.0005392800543580177,7.509062576293945,0.04040704009090343,158.70635681152345,3.4562199989793267,4251.835847995756,765.3850967759481,0.031741268175714564,0.017437697645144492,2.53976544685395,0.206106784135658,0.002990390732884407,0.0008877709437988599,7.404286003112793,0.08778624219257829,119.97854309082031,8.41025646916836,3149.1137206643903,1118.7405640610857,0.07248800337565195,0.04354472801012596,C:\Users\Lee\Documents\AI_Training_Data\human_norm_vid\q_3045871.mp4,0
2.1114829741961936,0.11427320222419284,0.007335729897022247,0.0011255264935880046,7.692068576812744,0.029309173027802036,152.5468536376953,3.9875257847294767,8655.926181685174,1793.615993902405,0.34593779444197714,0.1738455024586929,2.24830290129077,0.23909033632010443,0.007241059979423881,0.002375561742222155,7.60011510848999,0.059580857409772495,148.9567092895508,15.509257920021275,7553.309800649501,2850.577241426693,0.40431636129666665,0.20355353956157912,C:\Users\Lee\Documents\AI_Training_Data\human_norm_vid\q_30772483.mp4,0
2.3528968098322993,0.08480987632073686,0.004927074583247304,0.0005533039133579823,7.904833221435547,0.02104187506277318,134.7614715576172,2.692509565500218,4872.424018154719,778.662467331637,0.6517758853161371,0.3281329103804667,2.48437688091677,0.14148034968919107,0.0038276133593171833,0.0010054534454540293,7.9233745574951175,0.007766978437903676,117.67456817626953,9.945513701638257,3232.8104989738904,930.5719508475049,0.6747419665926054,0.3384610363895996,C:\Users\Lee\Documents\AI_Training_Data\human_norm_vid\q_30844984.mp4,0
2.566656814068925,0.13821077586860725,0.004564707400277257,0.001289649694887758,7.902965450286866,0.018795612281919862,152.73090515136718,13.145401467307671,4130.954538362148,1557.1378851810946,0.7254714534556983,0.3631168530855269,2.852525319113279,0.22647653337779536,0.0022412609541788697,0.0013561460211503856,7.911774921417236,0.015064393219268592,111.87138214111329,19.119873579351616,1806.8689321706515,1375.1229358992568,0.7063659086620356,0.35393937084625043,C:\Users\Lee\Documents\AI_Training_Data\human_norm_vid\q_31040533.mp4,0
3.028966141262046,0.06657394233034733,0.00021395244693849235,3.625748605077773e-05,7.964270782470703,0.004824242267383607,42.84485931396485,1.2818689356842417,183.81439776523922,43.36687471570463,0.38479742422903457,0.1925355599162454,3.1791427927635576,0.07184408947298694,7.883331418270245e-05,2.210940981662614e-05,7.961788272857666,0.006270259118563993,25.746933364868163,1.287280179173034,58.15340182804813,18.510291130336167,0.3196395159087233,0.1599947196198732,C:\Users\Lee\Documents\AI_Training_Data\human_norm_vid\q_31130030.mp4,0
2.716045615135243,0.07764018271595884,0.0002056718396488577,2.9991677850603303e-05,7.6803230285644535,0.03291060097286953,25.246205139160157,0.676570507097608,184.64393485345536,37.38470376994729,0.1673553676119322,0.08423283295673979,2.75312423958185,0.18698815172603162,0.00014083430141909048,5.6645043452414746e-05,7.67669677734375,0.03514380870504914,20.240615844726562,2.0977868735425123,113.77304384278474,56.6454824098686,0.17570322237865896,0.09004854803152139,C:\Users\Lee\Documents\AI_Training_Data\human_norm_vid\q_31214128.mp4,0
2.251445641692917,0.10110890021309837,0.008305338490754367,0.0012018458673981867,7.908268451690674,0.022700825598300185,177.22754821777343,4.980900208106361,8149.546621383645,1555.0658159754416,0.5001335329557005,0.25016028445909,2.3683756572439814,0.21419424594580203,0.007019228674471379,0.002179183045201678,7.920735263824463,0.01448000210225021,157.81825256347656,14.900038119545512,6308.728555338964,2247.36521203013,0.5683848004787961,0.28427051879324666,C:\Users\Lee\Documents\AI_Training_Data\human_norm_vid\q_31232277.mp4,0
2.385335462927732,0.10686875390875852,0.005593825131654739,0.0009090715399662525,7.892195034027099,0.016111911435269632,161.9871337890625,4.414884908442862,5058.471010788786,1123.3733886360628,0.22173929538215775,0.26998964564459565,2.5474821397830016,0.20987042086640317,0.004032696224749088,0.0016139241946668678,7.910473823547363,0.008058904651219822,131.47779235839843,13.626136939821638,3318.826355287235,1511.9154291739987,0.30445301428169713,0.27238736979693146,C:\Users\Lee\Documents\AI_Training_Data\human_norm_vid\q_31275547.mp4,0
2.9712552698938444,0.040880774285144555,0.00013182842958485707,1.0910831083924015e-05,7.030978584289551,0.0838596091441745,21.09992561340332,0.647400645741309,116.01969111141253,15.258950421728853,0.09313390644459973,0.04680881100960514,3.028094728775983,0.10032576963416458,6.489935694844461e-05,1.581762414677667e-05,7.037648773193359,0.08051055471006137,12.416899681091309,0.4654853402906183,54.38675706696309,18.047854710381554,0.08873356391567877,0.04461590332187353,C:\Users\Lee\Documents\AI_Training_Data\human_norm_vid\q_31469996.mp4,0
2.7649753854019212,0.07706126735615387,0.0008188391686417163,9.700719736920276e-05,7.913720703125,0.006939795485468688,58.79739074707031,0.9115669608625881,575.6031917362317,96.20332886774003,0.13482321164012187,0.09388958185365397,2.9575178621736966,0.09621348202855484,0.00036658315802924336,0.0001014255322375298,7.92411584854126,0.006538073271612003,37.92568130493164,2.3518937986430526,235.15081742318617,66.4574248928676,0.17721140207799466,0.12249935546088205,C:\Users\Lee\Documents\AI_Training_Data\human_norm_vid\q_31806785.mp4,0
2.348760975557882,0.021413649093666234,0.004275100119411945,0.00021179486964151292,7.948833847045899,0.016331692533829018,146.24932250976562,1.8261238000426998,4441.8015424163905,244.3399347948502,0.6577716926960908,0.32889141859714716,2.577181670939164,0.12871644096356233,0.002803470380604267,0.0005488730569541014,7.905880641937256,0.078289609255533,122.99671478271485,4.128834705010364,2477.455320067067,720.2202902823368,0.6772341513933422,0.33862635509910566,C:\Users\Lee\Documents\AI_Training_Data\human_norm_vid\q_31858013.mp4,0
2.3144290099611307,0.10289689072354032,0.0010941101936623454,0.00016680715988211418,7.625993251800537,0.03198741850804647,64.24232788085938,1.7084619872509301,1196.1856403102092,247.51028178252662,0.22655371520043702,0.11341788991070398,2.4517967164829115,0.178623285335359,0.000834499578922987,0.00028979785061315294,7.624707412719727,0.04036407433434731,57.66429138183594,5.901424546608961,762.0062421492287,309.92629414619364,0.2710065556203173,0.13597716528959242,C:\Users\Lee\Documents\AI_Training_Data\human_norm_vid\q_32089142.mp4,0
1.8145198567771499,0.1280510670825532,0.0051288779359310865,0.0009494143609341077,7.863850116729736,0.014785992999060962,128.47288818359374,4.829508583375247,6189.304858516234,1477.3533849324147,0.6609703946874728,0.33369849369992133,2.564521400181627,0.10363699195058504,0.002917006076313555,0.0006654470847000035,7.872152328491211,0.009313622171280936,132.00269927978516,10.996909524145105,2167.809856163155,533.9719635618383,0.6748587178069992,0.33971422762638587,C:\Users\Lee\Documents\AI_Training_Data\human_norm_vid\q_32128661.mp4,0
2.180240692945543,0.09963770180488689,0.009103928972035647,0.001321272913582828,7.639948940277099,0.039292501649361586,202.03621520996094,5.018301863931703,9791.405008289148,1956.092360013129,0.5438483760537766,0.30377000926450387,2.39304583349549,0.19606853169363092,0.006765623204410076,0.00204205553335045,7.556436824798584,0.10803921689014279,177.28472900390625,13.178658589435448,6056.508921498009,2201.1567397135805,0.6538563170867648,0.3470704441742279,C:\Users\Lee\Documents\AI_Training_Data\human_norm_vid\q_32155518.mp4,0
2.849391150783247,0.07077092254257618,0.0014368206961080433,0.0002633001501967042,7.8220006942749025,0.037090181532509495,76.82968597412109,5.160641529177304,1182.9890538284867,243.42267242393817,0.6015752092083112,0.30515142202038903,3.0623238911825887,0.1024929606840834,0.0005440777691546828,0.00016199344127149824,7.849528121948242,0.018669173187409516,49.48912582397461,3.56534018773379,387.3982421316792,136.84456981379253,0.5204269216868148,0.26234356553068033,C:\Users\Lee\Documents\AI_Training_Data\human_norm_vid\q_3255268.mp4,0
2.568960180048907,0.0864062410105347,0.00317054851911962,0.0003813902346543513,7.922532081604004,0.019416371089514498,105.3941146850586,1.7506958745592285,2946.370295608905,502.668391292772,0.3717930617032186,0.18734142335122406,2.7902364352475617,0.12993338050183642,0.0016403315821662545,0.0004579795762995656,7.931743049621582,0.006647290137051219,73.9509780883789,4.477945070850827,1295.728612677552,425.2027699872139,0.4017625219316342,0.20250852068692213,C:\Users\Lee\Documents\AI_Training_Data\human_norm_vid\q_33938854.mp4,0
2.3544142734481426,0.0899995901132638,0.0017948150634765625,0.0002423296562175922,7.927445125579834,0.03659173816635627,76.44560546875,1.636050825840083,1833.2553530279467,335.47620426732703,0.1300512473731535,0.06517279551399453,2.58762859511637,0.17471604915405964,0.0012060725828632712,0.00038794189994435996,7.873867225646973,0.0729591306098152,59.83931121826172,4.544540739100646,1035.9078582986488,401.1486233577786,0.1835153968004676,0.09215747055397541,C:\Users\Lee\Documents\AI_Training_Data\human_norm_vid\q_33945545.mp4,0
3.09408060444757,0.05278031173339897,0.0003651452367193997,3.79672799302089e-05,7.697379875183105,0.036923786103465056,56.3110107421875,0.6663335151844793,270.5767955639347,39.34301229329663,0.3078210673786518,0.17673067159719538,3.2029489922253034,0.07382250125583743,0.00012508658255683258,2.3510694713837435e-05,7.717061614990234,0.010777210653996616,31.685062408447266,0.7489539883074278,89.51867311190759,21.414729499975188,0.2598475927014098,0.14295287593555325,C:\Users\Lee\Documents\AI_Training_Data\human_norm_vid\q_34188861.mp4,0
2.4143450290762574,0.1381533202433577,0.001182029489427805,0.00025111310406877245,7.842357349395752,0.008952598003360826,69.21794738769532,1.7683649847269454,1365.5734840842017,428.0903957754385,0.13501705303382036,0.07185394815089957,2.5007089240077467,0.3395284063561414,0.0010387223737780005,0.0006262655577244935,7.859625720977784,0.010299831470544151,60.27416229248047,7.832638285762981,1117.0492040939105,844.6661885586597,0.24142196926376114,0.12949769004240858,C:\Users\Lee\Documents\AI_Training_Data\human_norm_vid\q_34239161.mp4,0
2.9731822400655994,0.08272973950682354,0.0014259151183068752,0.00019747026815947059,7.8835265159606935,0.027813927440354224,105.70459442138672,3.564415221883488,1064.5600999392218,220.36583551911698,0.5940356953248489,0.3030292451971419,3.1862260359267154,0.10204456658069996,0.0004537597415037453,0.00013269783240154435,7.885816383361816,0.018371342832886956,68.42306823730469,4.711877935252765,312.08151368441315,119.12146476963142,0.5649771117071103,0.2850719093701319,C:\Users\Lee\Documents\AI_Training_Data\human_norm_vid\q_34294407.mp4,0
2.330358099892411,0.07403980133934386,0.006847580429166555,0.0007435330389094563,7.691374683380127,0.029550529871893702,190.48552856445312,3.735742667879688,6081.943358156888,915.2692926054372,0.4846494152832978,0.2970533162072884,2.808641078265121,0.05853043342957613,0.002940780064091086,0.0006785668972160467,7.6280570983886715,0.07706785275719089,152.3982360839844,10.488633185216527,2110.3257505285005,532.8555364051714,0.5729733299441918,0.3108821794195534,C:\Users\Lee\Documents\AI_Training_Data\human_norm_vid\q_34328146.mp4,0
2.2044964127772615,0.11427150300966606,0.004279010044410825,0.0006612380585951486,7.633072185516357,0.032978430858949456,130.81243743896485,3.734787205156822,4481.4370164652355,935.5739930577655,0.6488424238384679,0.34700536250286357,2.6142343559201024,0.16652414482284605,0.0028062511701136827,0.0007960931734825151,7.615119934082031,0.0288676678610089,123.32208099365235,11.87559567739942,2249.4699562048118,728.3764953108106,0.6773263312425994,0.3441912880070528,C:\Users\Lee\Documents\AI_Training_Data\human_norm_vid\q_34328149.mp4,0
2.47798900855375,0.09251857320846447,0.0010155362891964615,0.00014626992061383536,7.610155200958252,0.03451589627681093,63.697583770751955,1.398120949639333,1071.3846163349972,205.74061409444724,0.0865143882700806,0.04585825418086324,2.494576485710656,0.20861401696427156,0.000881036784267053,0.00030937075784086764,7.556891536712646,0.057739413684106324,54.516770935058595,5.060911967917388,823.44244256394,336.2037076732578,0.1332911289895667,0.0677704203653848,C:\Users\Lee\Documents\AI_Training_Data\human_norm_vid\q_34328184.mp4,0
2.4038999376345793,0.11451585167922788,0.0014643225586041808,0.0002910751013095867,7.688317966461182,0.01030899350909654,75.42452239990234,2.6735833095965607,1445.9951766110873,375.71995281985573,0.08658237933362015,0.04569799431172942,2.583796628657703,0.22102615907128337,0.0011070011649280786,0.0005244464159953863,7.680085182189941,0.019243763693352477,65.9656005859375,8.411555542952296,922.0912392531933,504.1357712267679,0.14796461532885513,0.07448562085486898,C:\Users\Lee\Documents\AI_Training_Data\human_norm_vid\q_34328187.mp4,0
2.3366789903032212,0.008989597915443234,0.0024675355292856694,3.1000020090089356e-05,7.761567401885986,0.008640161310178375,97.52173767089843,0.9645920666940663,2607.84794509633,43.593539237150246,0.12481122254649368,0.15976761153949762,2.457203070692162,0.10080753894048154,0.0018354095052927732,0.00036131660120900373,7.719625091552734,0.039131554795284844,83.51081695556641,4.020325534687097,1686.5181767473537,420.4125187571223,0.1775106844349567,0.18641116879321817,C:\Users\Lee\Documents\AI_Training_Data\human_norm_vid\q_34328188.mp4,0
2.78275685628354,0.07351968067848567,0.00037638923968188467,5.195341867471924e-05,7.031861400604248,0.042140656733286416,38.374777221679686,1.175594473955324,354.23616665201826,65.24486065920983,0.22675082229828175,0.11918076015701669,2.7932218443602292,0.1517490392644496,0.00023621841828571632,6.566597786363725e-05,7.027941513061523,0.046102239825801715,27.15333824157715,1.7101668481420242,211.74975885123922,70.09399287644341,0.24211731511251325,0.12381804328806365,C:\Users\Lee\Documents\AI_Training_Data\human_norm_vid\q_34328189.mp4,0
2.2920439945198887,0.015348763891279512,0.004845042154192925,0.0001621716279064027,7.654885959625244,0.031173813285388804,149.96644592285156,2.083791912870489,4406.782930699717,187.83376752024597,0.4959157590069351,0.3213480905089352,2.8506812192749407,0.024525035043045366,0.0021605897461995484,0.0002747146950262134,7.608904457092285,0.03898112294877878,120.77772979736328,5.713466904719846,1469.9057829610601,192.67009285842852,0.5278994513511897,0.3064943088188204,C:\Users\Lee\Documents\AI_Training_Data\human_norm_vid\q_34328190.mp4,0
2.37015308951382,0.121929665652377,0.0027754467912018297,0.0005591542106575919,7.73947057723999,0.020158357483422696,102.66052856445313,3.6446997226126534,2799.5616702971884,750.6542626192337,0.054460144150841036,0.027958839485414083,2.555401625280673,0.23518965826435223,0.0019909962080419063,0.000877914584972788,7.706448364257812,0.05290927128897007,89.63556365966797,10.58754267485276,1752.2167066356403,926.1463855080428,0.11226007389739404,0.06135089883281952,C:\Users\Lee\Documents\AI_Training_Data\human_norm_vid\q_34328191.mp4,0
2.3617254712264106,0.10667846445570787,0.001738557917997241,0.0002709994872016765,7.714324569702148,0.010593384070279436,80.35819091796876,2.6386546995652598,1783.190273889793,357.4851802647415,0.11529316195904489,0.0764666077520302,2.489972153082463,0.19438353373803605,0.0013960562413558365,0.0004739304301193248,7.712244701385498,0.009058209338683,72.06108093261719,7.470247325623072,1221.8787472262534,479.1519853236597,0.1512121522639315,0.09239902528336426,C:\Users\Lee\Documents\AI_Training_Data\human_norm_vid\q_34328193.mp4,0
2.6634054168187964,0.005855092092143777,0.0005102147813886404,3.1924073206488887e-06,7.609518814086914,0.0334128934706145,50.542091369628906,0.17058419353629542,519.815896889769,5.502564761265198,0.052655585504079935,0.026525311548754992,2.6785156691510577,0.09321153286943426,0.00034216472413390876,7.036964663194875e-05,7.589323997497559,0.03516393202866505,37.83859100341797,1.4906651669352196,307.948707201587,82.34162792704471,0.0808769119875234,0.04181419217435339,C:\Users\Lee\Documents\AI_Training_Data\human_norm_vid\q_34328194.mp4,0
2.5623957275889357,0.018811128620942447,0.0008519142866134644,3.70148432763823e-05,7.4424127578735355,0.024417339256673973,58.38577728271484,0.6944934343566069,868.1622729786895,44.63992604502168,0.36918030864863516,0.22775008210325368,2.729714084316932,0.15447616770377665,0.0005010636639781296,0.0001236197658378807,7.459180164337158,0.012209648718204055,43.836402130126956,1.7259603259939504,449.2613243683576,158.58708325018245,0.38439880488493305,0.20773829250397208,C:\Users\Lee\Documents\AI_Training_Data\human_norm_vid\q_34328263.mp4,0
2.4690596825077575,0.12313276425064223,0.0008688731701113284,0.000150178682477891,7.219124794006348,0.08897774339000543,30.945063018798827,0.9710983798068694,968.0776192237383,234.73066103044997,0.21185036238469862,0.11142247873090379,2.524153453571295,0.22690486843392485,0.0007062185381073504,0.00024760066276535925,7.216159343719482,0.07977664894534775,24.819120025634767,2.204200568225905,702.9531924500512,291.9270410587392,0.1910794886609773,0.09765280366600054,C:\Users\Lee\Documents\AI_Training_Data\human_norm_vid\q_34328264.mp4,0
2.4070805124488146,0.07683516538282778,0.002119555580429733,0.0002668389771950085,7.042607021331787,0.08353079111010575,80.21761932373047,2.7196143267799715,2266.0595688248695,399.10825795454593,0.1272296508207098,0.06780356162380242,2.432266411746889,0.2076663249729483,0.0016540523036383092,0.0005516398242228982,6.99534387588501,0.11208229742918177,62.51863098144531,5.59021719470349,1752.6346673845946,751.1322295228689,0.15100672948436009,0.08137755719447393,C:\Users\Lee\Documents\AI_Training_Data\human_norm_vid\q_34328308.mp4,0
2.441969615914293,0.07067919909899976,0.0020433450816199185,0.0002370278941484629,6.719659423828125,0.26806224188245276,78.43201141357422,4.901550636025484,2174.0095979080465,359.6372182402178,0.2738248839071333,0.13713406813776036,2.4077164592977502,0.20909684592752104,0.0016609653597697616,0.0005742268481872438,6.65947151184082,0.26625537287909723,60.11674194335937,6.0688668054572945,1807.8596531569005,792.0719384379616,0.28253925659112317,0.14214615983216816,C:\Users\Lee\Documents\AI_Training_Data\human_norm_vid\q_34328309.mp4,0
2.373615286403013,0.005099016664292866,0.0022401613183319568,3.142004504445402e-05,5.8229166030883786,0.0624221648566761,57.849901580810545,0.22072053565549776,2541.818047723343,27.873182812653596,0.04789632210898207,0.028553423997692506,2.3288138035671455,0.0025261200710661375,0.0020019532181322574,1.9868790478595304e-05,5.686945629119873,0.04638195402036151,48.3238021850586,0.11196834583775797,2153.287136290453,21.10288369950542,0.052554308789251734,0.02968424284174493,C:\Users\Lee\Documents\AI_Training_Data\human_norm_vid\q_34328310.mp4,0
2.702944583776987,0.03756536110259293,0.0008353044278919697,3.702169899576485e-05,6.836846542358399,0.17892777926903156,59.958551025390626,3.2650209388673384,734.9345484124831,47.51288208537389,0.3986268911119608,0.20211427625907197,2.6988336810990425,0.08393779449137743,0.00044070048024877904,6.13267208590165e-05,6.829247283935547,0.18298262241031885,38.82799224853515,2.843439122580028,398.4221944249508,79.98688542732211,0.3619070517097628,0.1836946241445974,C:\Users\Lee\Documents\AI_Training_Data\human_norm_vid\q_34328312.mp4,0
2.380243436902255,0.11476316094634133,0.0013630852452479302,0.00023183650258445994,7.706510353088379,0.025083149392102686,67.38820343017578,1.9662411894220726,1348.5568865296407,297.43802821533006,0.1833076438567949,0.10431774652535927,2.491268242287422,0.23187069963609694,0.001070538256317377,0.00038621927333192847,7.681936264038086,0.03129028279099886,53.88169708251953,5.2164247166342586,943.8624228464354,386.64824415699445,0.2421396127038739,0.12491914146597077,C:\Users\Lee\Documents\AI_Training_Data\human_norm_vid\q_34342255.mp4,0
2.291081988885675,0.09106430522894328,0.0028078098315745593,0.00036973461499166093,7.692379474639893,0.01883875644875753,121.3367691040039,2.9321133618891673,3067.0601482561733,568.0353004267733,0.2944414003347869,0.21076545572498098,2.4937755321626227,0.23111178933248158,0.002062016958370805,0.0007664668644048584,7.7040181159973145,0.01363558829581302,102.96866912841797,8.729136432434515,2016.5136718418112,1067.5919793452665,0.36570194818303436,0.2219440286680765,C:\Users\Lee\Documents\AI_Training_Data\human_norm_vid\q_34342373.mp4,0
2.3807498556741136,0.013028764050078178,0.0016585930483415724,1.9139870221260785e-05,7.518288898468017,0.03367707190170577,82.56363372802734,0.32322162434554236,1586.063125686246,30.49972818008654,0.1999305206263236,0.10512645991368802,2.5792421072341942,0.11492389582686786,0.0010187681182287633,0.0002044327820403021,7.5584235191345215,0.007408454673086983,65.93720092773438,2.922209032541978,853.0301946153919,218.73534333932471,0.2682394978576909,0.13621604707410012,C:\Users\Lee\Documents\AI_Training_Data\human_norm_vid\q_34342375.mp4,0
2.0869419537505918,0.008701805095547348,0.0074958037585020065,0.0001187987201845133,7.887892246246338,0.021333342499402535,170.80496520996093,0.5548332134954188,8920.892932672525,212.92446327556698,0.41916641316239184,0.3479552345470462,2.291534901521266,0.1690360675186614,0.006628792360424995,0.0014491315269919145,7.898012256622314,0.012597491487129764,170.3015930175781,8.713799390629571,6504.4062975846855,1933.8609005413234,0.4960985882485554,0.379800263073359,C:\Users\Lee\Documents\AI_Training_Data\human_norm_vid\q_34346082.mp4,0
2.2014292086572222,0.01998679967267716,0.0042914594523608685,0.0002381235311535202,7.795031547546387,0.0251453600355517,123.80126190185547,4.006228372912346,4795.903071750356,292.8920658428036,0.6776614960437322,0.33890387159330676,2.3420810021420664,0.09476649505061743,0.0037145369220525025,0.00043175430357501415,7.753005409240723,0.03810506927985287,120.14795837402343,3.7242222609076037,3494.903267113542,668.5923450569841,0.6793452790368616,0.33969231416856693,C:\Users\Lee\Documents\AI_Training_Data\human_norm_vid\q_34346087.mp4,0
2.368677409965231,0.05733486955085494,0.004687044303864241,0.00030979983525889106,7.921054935455322,0.019775537949104548,129.03453521728517,4.756233480017281,4281.671468211107,363.0288603110371,0.6917025379694542,0.3473183290731633,2.6721909953081253,0.13258294162475456,0.0026889753062278032,0.0005193324921202657,7.919885349273682,0.015826047002714037,106.10227966308594,7.801379431906794,2044.9968358820006,478.5440120436618,0.6688627853855125,0.33610347803275625,C:\Users\Lee\Documents\AI_Training_Data\human_norm_vid\q_34346096.mp4,0
2.162127308866487,0.008679307383890134,0.005538490042090416,0.00010084339351369359,7.890769004821777,0.018176592481777908,141.66946411132812,2.374789076598585,6178.351048176048,112.75632067093471,0.6264556456749537,0.3133989236394129,2.414019905718029,0.14044874619733286,0.004055858217179775,0.0008487163741007874,7.897293472290039,0.013424200846108817,128.83991088867188,5.792562427806329,3734.209738251235,1075.6830284573473,0.6337259868725407,0.31718286344776186,C:\Users\Lee\Documents\AI_Training_Data\human_norm_vid\q_34346098.mp4,0
2.0851241042495166,0.01864932789063253,0.012633502297103406,0.00014760873910761433,7.808700180053711,0.02172209160601934,245.5812194824219,1.7398076773874984,15036.608344618153,338.90488227430075,0.19695422149663103,0.26644997329177716,2.2248754022719663,0.15308495174853645,0.011539717856794595,0.0024249195689925165,7.83886308670044,0.021549940353983648,238.4997528076172,11.18345056992612,12097.672130410385,3451.08988854039,0.30557459413546606,0.3113051515661586,C:\Users\Lee\Documents\AI_Training_Data\human_norm_vid\q_34348701.mp4,0
2.456980514188437,0.13251869833862318,0.0014612299855798483,0.00041670820961692365,6.4610494613647464,0.2556426060069851,71.66887512207032,9.707658650171203,1312.3116458014044,413.16630650768604,0.5729010095738353,0.2867434218681719,2.6478363908426052,0.20340668446715104,0.0007652435393538326,0.0002973579644050674,6.450907421112061,0.25282270617478336,50.98773956298828,6.574445388560659,649.1751920313735,312.13247461428955,0.4914099924471449,0.24647273359520433,C:\Users\Lee\Documents\AI_Training_Data\human_norm_vid\q_34352053.mp4,0
2.2118411929178174,0.15932689891849852,0.005838630348443985,0.0014492158658263833,7.6251603126525875,0.03160999437511688,153.8390350341797,8.15329565489857,6527.241653401933,2212.646430711785,0.7241212838252074,0.3622037766326638,2.5702461033291315,0.26972891735130633,0.003991330903954804,0.002108379748035842,7.605203533172608,0.048664433830856293,137.20269927978515,19.645702383353374,3645.2430809960556,2416.2594951929477,0.7197333149907187,0.35987332842401,C:\Users\Lee\Documents\AI_Training_Data\human_norm_vid\q_34364034.mp4,0
1.99287570757342,0.13911796830853812,0.007339140400290489,0.0018931853035579645,7.879380989074707,0.007643872189493004,151.6905944824219,18.21056397593137,8923.77645992402,2548.4185997646255,0.7476010480660642,0.3740989454643986,2.2871488940037894,0.22688197643395983,0.006669975072145462,0.0026230418345871954,7.891149425506592,0.01450589629097681,163.41454620361327,27.372932826853866,6335.351206964237,2793.501483688187,0.7408085451487223,0.3707872304096571,C:\Users\Lee\Documents\AI_Training_Data\human_norm_vid\q_34369380.mp4,0
2.090380763288904,0.1173069071399819,0.008620205149054528,0.0013845818729800127,7.914094352722168,0.020877508908043515,177.11212463378905,6.4115208702818425,8762.520923306665,1886.0820218521956,0.5398661568444547,0.3190234265615785,2.4569984384090953,0.19236195296713127,0.005840075062587857,0.0019368608117557927,7.943930149078369,0.015912441575359614,161.1178436279297,16.629316734877747,4971.706298589404,1937.4771146058154,0.5898054925072836,0.32726747172774173,C:\Users\Lee\Documents\AI_Training_Data\human_norm_vid\q_34375567.mp4,0
2.809513122019326,0.06757466887847648,0.002054840326309204,0.00015215753298275793,7.956623363494873,0.0015122713050060126,118.32186279296874,0.9003967481914888,1616.4268881764806,221.48094980668637,0.4582140908865364,0.35186011117016036,3.1003903531703427,0.051323024675250316,0.0007186247850768269,9.751475586198402e-05,7.9573719024658205,0.003771193003824851,77.2513214111328,1.4387484452595785,478.65281834426685,73.29060636649692,0.4773154414589212,0.3330538762594811,C:\Users\Lee\Documents\AI_Training_Data\human_norm_vid\q_34377797.mp4,0
2.249129959421631,0.1593287659487285,0.0026207427494227887,0.0007397846053435184,7.765666198730469,0.00860103986869212,94.1992202758789,4.850886359043562,2856.3186588345843,1131.5164062539443,0.5944217660951041,0.2981090863186029,2.7012712130477654,0.25656125075664904,0.001616576488595456,0.001007587651846889,7.760937976837158,0.017996255611447978,85.69566497802734,12.256176417527705,1362.5340586016914,1082.915886592021,0.5888212718113423,0.2947154385508852,C:\Users\Lee\Documents\AI_Training_Data\human_norm_vid\q_34382246.mp4,0
1.8910491060093353,0.07088562963989896,0.007463068701326847,0.004148014134545589,7.77113447189331,0.024545948537349295,139.27350463867188,51.13913175223785,9442.573320300755,5198.464373138439,0.7335355488746134,0.3712373855920114,2.210355888780752,0.13160754293120303,0.007253573788329959,0.004070809890692039,7.7374670028686525,0.06354674529841474,158.710986328125,60.425540468929704,6915.077678407525,4168.458630263738,0.7142183124481978,0.3659465673458822,C:\Users\Lee\Documents\AI_Training_Data\human_norm_vid\q_34382651.mp4,0
1.8606836434013445,0.28768876372247126,0.005142272170633078,0.002841955148600567,7.735544109344483,0.03651704449149749,105.93983764648438,22.70937383340996,6906.69426714163,4272.833479800119,0.7201727635206968,0.36241655839155185,2.1431644076480416,0.2937496959136799,0.006509173777885735,0.0049970908999500225,7.745554065704345,0.028620706600297842,134.37640838623048,47.06066298470617,6780.473895396817,5921.192656995919,0.7170167448334644,0.3619737101849843,C:\Users\Lee\Documents\AI_Training_Data\human_norm_vid\q_34382652.mp4,0
2.1369239628319154,0.17859454612780837,0.006739636370912194,0.0024735270266230216,7.834924125671387,0.045822235645458245,156.90221557617187,25.35411344996312,7914.150557976992,3584.663577604515,0.7373580976022565,0.3706044056050994,2.5477529508623817,0.2735953406786919,0.004858132055960596,0.0037047951594220046,7.813608551025391,0.07595293308591805,147.3439178466797,39.0856242082712,4538.537634173247,4337.213713458746,0.7216281602595724,0.3635332167953424,C:\Users\Lee\Documents\AI_Training_Data\human_norm_vid\q_34382804.mp4,0
2.4641606643742087,0.04853703933515051,0.002181019401177764,0.00015752837245140442,7.770173358917236,0.013000703225575191,98.62929077148438,1.546448394732198,2074.8264589489636,217.8505261164084,0.5041642479530881,0.28141645847976576,2.8316739019230015,0.14292712095089735,0.0012154567986726761,0.00026541411890434097,7.79342212677002,0.012077812205140117,80.60259094238282,3.8519632582955037,877.0376967596067,278.81209298791777,0.5288247394551853,0.27656372516208516,C:\Users\Lee\Documents\AI_Training_Data\human_norm_vid\q_34383238.mp4,0
2.505765420519069,0.10552988727896956,0.0008118557510897517,0.0001219647200202964,7.86563024520874,0.02085916027084239,50.74689407348633,0.9339383086348526,861.2838843073212,180.42844958692294,0.38745476717233995,0.20171141581805463,2.690141599412672,0.20174382501647595,0.0005428328062407672,0.00019751994377292372,7.877462673187256,0.013784887534603912,40.689633178710935,3.308436051727979,476.74579002056726,212.88925313765088,0.37275392801892104,0.18849795709014897,C:\Users\Lee\Documents\AI_Training_Data\human_norm_vid\q_34384524.mp4,0
2.235097224476198,0.10289400053326409,0.004497923422604799,0.0008659253503722682,7.85913724899292,0.022153191418197386,120.66976165771484,8.391624132300763,4212.4626153520685,993.1479346859387,0.7046243199430651,0.3529217325933535,2.752706507943496,0.13851371656861874,0.0022048965329304338,0.0007329502769503957,7.87380542755127,0.013950346330491881,97.93871154785157,10.94938440346141,1581.7536027027468,605.0654916456828,0.6650931407482571,0.3337584115681339,C:\Users\Lee\Documents\AI_Training_Data\human_norm_vid\q_34386447.mp4,0
2.3950882631475676,0.13509677575589035,0.002046538656577468,0.00047982261741128646,7.881990528106689,0.023012923417747484,87.87851104736328,4.311146528734248,2001.5917424837116,659.7063727916413,0.5578290880217963,0.2839316665509289,2.691397754612326,0.22423507899313702,0.001304010977037251,0.0006704195773089373,7.889237976074218,0.01315690259443531,75.4066390991211,10.119629750339165,1060.5476712468694,634.019575943455,0.5625323196444528,0.2827396046087632,C:\Users\Lee\Documents\AI_Training_Data\human_norm_vid\q_34386451.mp4,0
2.043785676924009,0.024367841572342716,0.009630219452083111,0.0003698254133864819,7.742266368865967,0.03144232894352645,195.7903259277344,3.1409282833747545,11174.350264802095,520.5666019347088,0.5608976176660665,0.42689353525397733,2.32992453694728,0.14178516268950275,0.0076101054437458515,0.0019314140200571133,7.71682300567627,0.04898572076764742,194.19029846191407,13.057694396510447,7174.756828184765,2558.9209871852545,0.6090183214616246,0.41776851520535263,C:\Users\Lee\Documents\AI_Training_Data\human_norm_vid\q_34386458.mp4,0
2.421254175930952,0.12667744582684418,0.0030529605690389873,0.0006089513843318994,7.883055782318115,0.027731928274550496,104.03733978271484,5.709382003206659,3025.8156180689134,813.3356748368544,0.6918160611605774,0.3489932209256819,2.767954212870819,0.1640088985906213,0.0016670867684297264,0.0006744947763474662,7.900660037994385,0.01759037334702343,85.42208251953124,11.679398356238169,1297.9322798954684,635.088355838915,0.6593236489913515,0.33269499934719987,C:\Users\Lee\Documents\AI_Training_Data\human_norm_vid\q_34386459.mp4,0
2.5098726114729444,0.14323387105535906,0.0023034421261399983,0.0006508582500294267,7.844464874267578,0.032916026055845225,89.87222290039062,6.607318184487497,2011.151749792692,674.0312316557921,0.604750765307647,0.30624708813899987,2.850149210769943,0.21958646705147486,0.0011833157623186707,0.0005822107691554779,7.85511589050293,0.025394223199952676,71.02018127441406,9.790882605167337,874.2673612471011,509.24197112830046,0.5840833362671473,0.29311355284484475,C:\Users\Lee\Documents\AI_Training_Data\human_norm_vid\q_34386460.mp4,0
2.191124022694234,0.008096599833989507,0.004366994835436344,7.371000199779196e-05,7.8559013366699215,0.02274787253623268,118.70011291503906,1.8480034287368006,4698.824970663569,35.40420295633597,0.6450342677670398,0.3264448696949042,2.4646227150971023,0.1118248775824041,0.003249419992789626,0.0005127289423318424,7.851389980316162,0.014519159815909462,111.99810791015625,4.810010252081747,2754.9545953285033,585.4822940759254,0.6656776721686145,0.3348983812079454,C:\Users\Lee\Documents\AI_Training_Data\human_norm_vid\q_34386461.mp4,0
2.3071687958142735,0.14977245914160842,0.003938667103648185,0.0009076719661909859,7.849952316284179,0.018607984805876106,114.7239486694336,6.461471365428993,3840.952513736226,1177.7336358332007,0.6238834887374951,0.31224883644720597,2.6592081478241107,0.2431022303643529,0.0023866735864430666,0.0011043542000186124,7.8576091766357425,0.010910491151842875,100.9648223876953,13.626712025553804,1949.6247589441077,1112.3783947187806,0.6311990612236603,0.3160522639817633,C:\Users\Lee\Documents\AI_Training_Data\human_norm_vid\q_34386462.mp4,0
2.2435300049975715,0.029548127358040025,0.002715734578669071,0.0003047234958419082,7.815463638305664,0.05034821422157755,96.12222747802734,5.781967358586263,3105.7988015551077,350.2375750087898,0.687327590246716,0.3446596388390243,2.388817636773013,0.13759923975312296,0.0024321198696270587,0.0006265683578150188,7.832651042938233,0.04228332766505455,95.44891204833985,7.684787708304344,2290.8477916004304,765.3711276017716,0.6792968987896776,0.34032463160956533,C:\Users\Lee\Documents\AI_Training_Data\human_norm_vid\q_34386464.mp4,0
2.1469347349083114,0.013096946338058841,0.007142171636223793,0.0001003868829039549,7.829134082794189,0.005290754018562496,170.56165771484376,1.2281030269227182,7942.350586638635,153.9429050368885,0.6233290031180155,0.3951457307441707,2.3927493709637746,0.1465474829909939,0.005354831274598837,0.0012121425243816007,7.795354747772217,0.03448375576353896,161.16041870117186,8.201156702180896,4969.4622934000845,1615.0580640617168,0.6642966517598758,0.36900391673200833,C:\Users\Lee\Documents\AI_Training_Data\human_norm_vid\q_34386466.mp4,0
2.2302054390113293,0.1390928225674161,0.0060272722505033014,0.0013457354292138153,7.8848443031311035,0.008441480283574441,164.11165466308594,5.399340063149624,6656.529595156129,2163.5986069872615,0.4136871491494799,0.3381563000570454,2.484774328516611,0.30906493881292507,0.0047538490034639835,0.002934718887748139,7.889503479003906,0.0021874028663870612,150.0806396484375,23.259154514112545,4695.337088556289,3590.593352281876,0.5036477729609461,0.3473230952420264,C:\Users\Lee\Documents\AI_Training_Data\human_norm_vid\q_34386483.mp4,0
2.123144896186205,0.09930762303068533,0.006049906928092241,0.0007922609664354789,7.866283130645752,0.008129940130308077,154.50401306152344,2.738411807265305,6758.782671006522,1238.5259743540441,0.7101547377417337,0.359036649483107,2.6043103730265167,0.12743452694211452,0.0033622716087847947,0.000703318643531763,7.867028045654297,0.008364049708322987,138.83271026611328,7.8305234221092,2686.6621248808906,733.4059813277362,0.7269085642959319,0.3642169131082503,C:\Users\Lee\Documents\AI_Training_Data\human_norm_vid\q_34386541.mp4,0
2.3665499917635193,0.19290123536948717,0.003997036814689636,0.0009050997838647531,7.900936794281006,0.015707395477783027,112.61550445556641,11.335494260991787,3949.109642512606,1210.808283006034,0.682049705619867,0.34199202399308765,2.675364216438747,0.25320721821538966,0.002209250978194177,0.0010261800449775508,7.917866134643555,0.0069965165597463625,96.49185028076172,12.880880964876377,1825.3368613359137,1014.6294396699107,0.6572297678534736,0.3298095909575514,C:\Users\Lee\Documents\AI_Training_Data\human_norm_vid\q_34386542.mp4,0
2.2069591837088307,0.12035942609634313,0.005227913754060865,0.0009078778912029368,7.889797496795654,0.02779123021348472,140.262255859375,4.929132043111523,5752.843828792133,1336.5549244095348,0.6253354849917933,0.3128210175538122,2.4405672134319913,0.23623665273939531,0.00399821656756103,0.0014726342976876302,7.89065990447998,0.022649504807433166,127.35355224609376,13.446127137169933,3797.8150361439975,1725.4064158964673,0.6378916543157578,0.3192026343775762,C:\Users\Lee\Documents\AI_Training_Data\human_norm_vid\q_34386559.mp4,0
2.523986351480577,0.11991202366029043,0.0037703399546444418,0.0008360933401373483,7.932296276092529,0.009568660046642571,123.89841766357422,7.675734560219648,3178.196646190257,946.9202405434902,0.6869135254763161,0.3445381398378627,2.941396040223856,0.1208331254615771,0.0015127961756661533,0.00042972827081524847,7.932881641387939,0.00968812755090251,92.5432373046875,7.907685132336544,1027.0078155998235,332.5895796863581,0.6577348391359175,0.3299817625727167,C:\Users\Lee\Documents\AI_Training_Data\human_norm_vid\q_34386576.mp4,0
2.3885608157368123,0.11506646499194434,0.003895950550213456,0.0006153096395724557,7.908339214324951,0.02238691259216942,113.69734802246094,3.6665510552018117,3838.0127967939616,908.8882250346242,0.672546770419349,0.33644709220428204,2.6391168898959814,0.19565774242731157,0.0025344738503918053,0.0007933097547176262,7.923989486694336,0.012180109909904903,98.01073303222657,9.632617087123597,2120.4878324015854,811.265601465433,0.6617704065485739,0.33115014409559185,C:\Users\Lee\Documents\AI_Training_Data\human_norm_vid\q_34386577.mp4,0
2.2647856725218802,0.1135847842424534,0.008678305055946111,0.0014694924818328587,7.698837661743164,0.035649405943060236,203.02398071289062,9.998881755973137,8786.653563314994,1947.8863098403826,0.766076537326444,0.38333022073527406,2.8249489502422938,0.13172080203323983,0.004509256407618523,0.001278473410668326,7.754562282562256,0.039152317608900394,175.68324584960936,18.040203519356115,3274.599668900532,1057.1995874042882,0.7589529457533335,0.3797598048600848,C:\Users\Lee\Documents\AI_Training_Data\human_norm_vid\q_34386688.mp4,0
2.3011686737264014,0.08863277622381163,0.0016701101791113614,0.0003237499027560459,7.851011085510254,0.021011324320118333,72.08787078857422,9.260280401802174,1875.6483581254731,410.9479642610538,0.5841400720178721,0.29227668020548125,2.6253697449086566,0.13148252589336534,0.0011059480253607034,0.00033385484031699,7.836602020263672,0.025783525357000903,64.53961944580078,8.739297842866437,910.7180079965885,304.24380129987884,0.5456022344995042,0.2728187003721687,C:\Users\Lee\Documents\AI_Training_Data\human_norm_vid\q_34387611.mp4,0
2.272183586604314,0.13423822808510616,0.004839459713548422,0.00111076033228171,7.864029407501221,0.016713106046520113,144.24610900878906,7.240942261650854,5639.3529297822015,1763.776860273005,0.7442322925641811,0.37229892725079294,2.4944261560680507,0.23638124520798903,0.0036027201451361178,0.0018025616655879696,7.88566255569458,0.007786397406179785,128.18155670166016,17.471161047134117,3498.6436977519515,2163.015659952742,0.7301033262137291,0.365308815497433,C:\Users\Lee\Documents\AI_Training_Data\human_norm_vid\q_34388461.mp4,0
2.102641061638126,0.1680723360213586,0.007846505381166935,0.0020051643250016695,7.873863601684571,0.016203825423317383,169.86146545410156,7.335654357956034,9498.370292352989,3292.940101644589,0.6113104945977523,0.31436409250960506,2.473221293021631,0.23680618816113558,0.005998093262314796,0.0028079153446826633,7.898373699188232,0.010086882975320401,167.48250427246094,25.61809538035561,5445.378090423744,2889.3859479495754,0.6791206212073243,0.34078495666178227,C:\Users\Lee\Documents\AI_Training_Data\human_norm_vid\q_34388800.mp4,0
2.401262308909428,0.15503246000494267,0.003693271288648248,0.0011078784818863577,7.907084655761719,0.017386511330722956,127.40494689941406,10.596587521439885,3914.078073973621,1620.5943026304053,0.6112881084447149,0.3057532989828648,2.6695191799523093,0.26297905494682133,0.002508102683350444,0.0015246174244927307,7.918906497955322,0.013185134031687215,110.65767517089844,19.318457635067,2269.3105282495876,1633.264061854919,0.6342155127486824,0.31728967047008977,C:\Users\Lee\Documents\AI_Training_Data\human_norm_vid\q_34388807.mp4,0
2.2295801906482136,0.02549881739431186,0.004027874255552888,0.00034392559989415293,7.81761474609375,0.02692208003688002,109.06405334472656,4.851277729616053,4376.769896235533,420.3664456361157,0.520005711620804,0.26030996973636455,2.5188885449747525,0.1432641256864557,0.002825833484530449,0.0006682855746596021,7.847711563110352,0.016407143700519183,100.53332977294922,6.083812453306953,2497.967721263284,850.0198351941369,0.521076345745892,0.2607537586129062,C:\Users\Lee\Documents\AI_Training_Data\human_norm_vid\q_34394589.mp4,0
2.382720177586365,0.10522840970138814,0.002108790073543787,0.0003166415147252708,7.818483352661133,0.024472020737222044,88.41891326904297,2.8673192725260424,2162.76147559498,445.50217051891514,0.4688847547502162,0.234650777492426,2.6353312285623574,0.20409028849937075,0.0013606281718239188,0.0005171393853339905,7.846660709381103,0.008834265101863595,75.19409942626953,7.2568291501761175,1176.253830703008,583.2293040925911,0.509505718172011,0.25528895099930043,C:\Users\Lee\Documents\AI_Training_Data\human_norm_vid\q_34394661.mp4,0
2.258267303699925,0.03628605041831635,0.002201775601133704,0.00031513752419335615,7.668273639678955,0.016276788000725222,75.1818634033203,5.0113632744772705,2339.112753860312,382.936841438929,0.4623026687053452,0.23227385843247986,2.594144540178658,0.13304822041252193,0.0014650865574367344,0.00045081956770197433,7.664963436126709,0.014272924318952667,68.67332000732422,7.580395559717817,1229.0893009049394,480.5679117347901,0.43711301940549874,0.21958754933964839,C:\Users\Lee\Documents\AI_Training_Data\human_norm_vid\q_34394665.mp4,0
2.592213646535131,0.40561772635285287,0.0038123188307508825,0.001548841800822046,7.897447109222412,0.030548729153702582,152.39404754638673,17.834097178210726,3597.995168594276,1639.5315657999433,0.7681634374076863,0.38414316451957126,2.996953106773934,0.2839272246485083,0.0016357182379579172,0.0008043405252648771,7.8930706024169925,0.03717313664993147,112.1370620727539,21.40057185505832,1176.2765917360982,660.4671397846413,0.7467065707160002,0.3735341312401169,C:\Users\Lee\Documents\AI_Training_Data\human_norm_vid\q_34394844.mp4,0
2.5032014084633745,0.08848583022579724,0.003589005535468459,0.0004590640177552766,7.9452005386352536,0.022652880479270703,134.19273071289064,3.138808342448111,3313.436972761502,590.9993384412677,0.652831622460814,0.33051854058744173,2.9594470851622794,0.14007227859644356,0.0015895421849563718,0.0004729766186414522,7.96509428024292,0.0045564711091368535,106.11887664794922,8.30497167446202,1100.038591504362,409.5510851115049,0.6736297216105285,0.3372799799065036,C:\Users\Lee\Documents\AI_Training_Data\human_norm_vid\q_34396262.mp4,0
2.3510831708835935,0.032110339165806856,0.003795695398002863,0.00026959005864462285,7.836853981018066,0.02026217529432073,126.59308319091797,2.7862796194710326,4215.496435907962,370.97108273858663,0.4990881774037371,0.272699730852697,2.560677685392418,0.09266737539902015,0.0026636794209480286,0.00040498984994272077,7.853821468353272,0.008862579442386087,108.8205337524414,4.378823103062685,2355.160974971453,482.2044639141094,0.583447437480708,0.3009476585376715,C:\Users\Lee\Documents\AI_Training_Data\human_norm_vid\q_34396265.mp4,0
2.7329582562150065,0.014204403874331398,0.002574207494035363,0.00030477901832850465,7.809815788269043,0.036153385557522975,123.64665222167969,8.054253790730657,2161.157704326413,280.0723584777506,0.7520422231969534,0.3761364398754951,3.0408427210087448,0.08938865893082472,0.0010213530622422695,0.0002235214614310364,7.810551929473877,0.020249129940601567,78.76720733642578,6.424370148611114,712.9238908126455,210.6147447822627,0.6728407517835882,0.3365078025263008,C:\Users\Lee\Documents\AI_Training_Data\human_norm_vid\q_34396266.mp4,0
2.2087752568558914,0.016796925808630597,0.006408642418682576,0.0001503908067889743,7.926901245117188,0.022058204372821022,160.96920776367188,0.4038416123642462,7083.549266704946,257.62289851596665,0.3395071320404927,0.24796491078165622,2.424859949313496,0.12113505041049288,0.005057802563533187,0.0008837922686911872,7.941578197479248,0.006482569164465105,154.01321716308593,6.29575423649325,4461.9420446401255,1063.7198943213104,0.5040435007351046,0.29367783611839543,C:\Users\Lee\Documents\AI_Training_Data\human_norm_vid\q_34396267.mp4,0
2.172091842128991,0.10600726349767735,0.007214383594691754,0.0010357812283594843,7.84862003326416,0.022795769405174464,176.10408630371094,5.224460280533516,7552.489927195276,1517.0551645037026,0.703923009548563,0.35841632088677156,2.4534703114457472,0.19626084968959742,0.005397373391315341,0.001646292644483243,7.845206260681152,0.011183739773826779,162.53558959960938,15.084086291521338,4779.008494752363,1719.1001668010244,0.7557767237058599,0.3785522370623376,C:\Users\Lee\Documents\AI_Training_Data\human_norm_vid\q_34396269.mp4,0
2.542950472217487,0.020147346397303624,0.004600265063345432,0.00021753479947253214,7.608420658111572,0.030059457755937585,159.44918518066407,2.7814368390730455,4084.9589752993584,219.72111815736827,0.5165831807310453,0.27631559224838687,2.7910736263269316,0.03793335430659084,0.002314961375668645,0.00012388199402827395,7.608851909637451,0.016241902667896845,119.8322036743164,2.314527003504452,1763.9447351204049,132.9145848853733,0.5702015440516799,0.29388509952808,C:\Users\Lee\Documents\AI_Training_Data\human_norm_vid\q_34396271.mp4,0
2.0093127338502788,0.030632108261835732,0.005677618738263846,0.0002493254326254943,7.865742588043213,0.02673678634101272,137.6940185546875,1.561383177509875,7163.609929300733,390.4326163650805,0.6386771953233391,0.3236152807918506,2.4050797834626745,0.10245651467705762,0.004505781456828117,0.0009183484697775278,7.909178352355957,0.015714335303679907,138.00453186035156,7.644171708008857,3955.6048497732395,1034.397438856199,0.6798518958816638,0.34113383921426604,C:\Users\Lee\Documents\AI_Training_Data\human_norm_vid\q_34396273.mp4,0
2.6831691656203702,0.030848131950971112,0.0037195316515862943,0.00025480984948695137,7.459204387664795,0.04728691790013422,133.03011169433594,5.265645087616622,3159.7292112304685,260.67125662967857,0.6745129574830225,0.33952202569229933,3.0127059430665155,0.04152255481308938,0.0013695950619876385,0.00020628339720275658,7.416239261627197,0.034258949616083605,87.48719482421875,5.020833469950599,958.7723064277064,160.1929304909604,0.623744907683952,0.3127389387780387,C:\Users\Lee\Documents\AI_Training_Data\human_norm_vid\q_34396274.mp4,0
2.139038479879305,0.024357809794800046,0.006235447619110346,0.0009324024037599781,7.856067752838134,0.028746686842671027,151.54920654296876,12.306720369472933,7194.2297285094155,1028.6699113697468,0.7676373120019424,0.38387195488593423,2.301219148953632,0.14201219149790792,0.005221633426845074,0.000867951552206997,7.893822383880615,0.017940470536545832,145.45830078125,10.256393738658328,5197.347241473205,1188.8747095686454,0.7573129128846491,0.3787007585682721,C:\Users\Lee\Documents\AI_Training_Data\human_norm_vid\q_34398181.mp4,0
2.034772914258861,0.005028671596363536,0.0035848217085003853,9.83403092933222e-05,7.854012584686279,0.017911156629941735,113.3253890991211,1.7081368601093627,4135.723247988824,122.95955532401754,0.49336023980885174,0.24688916839997416,2.3207700653727676,0.10156269993248432,0.003038434451445937,0.00033873173228058827,7.873046588897705,0.009054445672175386,115.55704040527344,1.7041308699276483,2821.0664058084103,549.3452613598758,0.5433682465851584,0.2718389588423825,C:\Users\Lee\Documents\AI_Training_Data\human_norm_vid\q_34398678.mp4,0
2.3291632971457665,0.0352600558188535,0.0017062530387192965,5.3142772323641205e-05,7.760318470001221,0.015210473877406523,70.97106475830078,0.40818602026461787,1618.0827977589097,91.32874991636182,0.15577042670916155,0.07792744123647737,2.2274004187134055,0.04837861281474994,0.001960141980089247,0.00014772523059312795,7.756366825103759,0.02963197520189797,63.28825454711914,0.9613196855531693,1701.0088717552467,166.07170309981532,0.18992364508176457,0.09500603811864837,C:\Users\Lee\Documents\AI_Training_Data\human_norm_vid\q_34402003.mp4,0
2.8425152759340144,0.0709071515731223,0.0006425452767871321,6.901773858085412e-05,7.74092321395874,0.02358201385899263,56.690755462646486,1.1236825619964483,501.90836319426364,78.79452155128217,0.18464827128697978,0.10978463890479352,2.929096991629153,0.15831203097506125,0.00031458626326639203,9.591896939044175e-05,7.738437461853027,0.025473486361798744,38.98102493286133,2.6141638204045043,238.17497852164564,90.97139301153778,0.22637548770247634,0.12683167148441948,C:\Users\Lee\Documents\AI_Training_Data\human_norm_vid\q_34402004.mp4,0
2.4841765390526,0.12256666174787943,0.00036809546290896835,9.14307652578976e-05,6.868941116333008,0.17996468728906895,24.531087493896486,1.4860543595026487,454.00820929675444,152.2571971249783,0.39421123285797155,0.19773029222304317,2.4445279011722336,0.2821982792040207,0.000382468628231436,0.00021837847247458734,6.899260997772217,0.19898046434887337,19.27284393310547,2.1914094778628566,423.835426716256,306.2799652512793,0.3203678103436688,0.16090572466741848,C:\Users\Lee\Documents\AI_Training_Data\human_norm_vid\q_3444418.mp4,0
2.322954088992688,0.10383959388003797,0.005991951562464237,0.0010196771003955335,7.789285659790039,0.03593996657203605,131.7691650390625,5.395949641153682,5428.478483235255,1139.3277687312093,0.15293281043452897,0.0825650906953292,2.4286207343689794,0.21646181646219279,0.004444873449392617,0.0015356131893501082,7.780728816986084,0.034169013668275953,109.36015167236329,10.315474980455395,3828.3502341665394,1533.3427209478934,0.19563689647153187,0.10933601214932152,C:\Users\Lee\Documents\AI_Training_Data\human_norm_vid\q_3530209.mp4,0
3.025980812813809,0.059392440539006344,0.000718329765368253,8.425698497061634e-05,7.501673221588135,0.04770791465896427,57.76718368530273,1.2861382297216768,493.5123818997155,79.4746989374413,0.16358390038824772,0.08268221737499289,3.269988619304152,0.03506009570711036,0.00020111082994844764,3.3476462650576476e-05,7.492314147949219,0.05096298344647661,35.31238632202148,1.2843215555013552,122.21194188315685,21.491582934563336,0.17690382900765295,0.088937843592437,C:\Users\Lee\Documents\AI_Training_Data\human_norm_vid\q_3627619.mp4,0
3.259690314351302,0.04174306440243512,0.0001562807010486722,5.480666212018031e-05,7.897241306304932,0.02701939847209978,40.65424995422363,5.773408721163372,103.8613922797912,38.21185798923607,0.5786993171585886,0.29057718159642876,3.3240785252996767,0.041945333940062654,4.2138067510677504e-05,1.633262105153126e-05,7.900961780548096,0.010212597357655787,22.717330169677734,3.4282268946471195,28.698291209000956,11.516354950985779,0.4484196998368951,0.22666697120313992,C:\Users\Lee\Documents\AI_Training_Data\human_norm_vid\q_3657019.mp4,0
2.66328596758003,0.09131227637541137,0.00039443889399990437,7.245263776456764e-05,7.618032550811767,0.0818614192767326,35.3605224609375,0.9621397669047537,442.81762385808497,100.18995263004557,0.2835662240671789,0.14449572663823593,2.4247048945359055,0.2480779867467018,0.00042883847199846057,0.00016209168625921317,7.632409858703613,0.09200652945715306,24.853916931152344,1.8883889974294163,507.7832372975328,218.88964214180842,0.24965186292929298,0.12927279598708522,C:\Users\Lee\Documents\AI_Training_Data\human_norm_vid\q_3687345.mp4,0
2.5513125254260034,0.08990522035881782,0.0030977513641119005,0.0004984047325799602,7.7072751998901365,0.0340348976462863,127.04678039550781,5.71578263071571,2762.6671566633513,535.6496748674059,0.6675574710267815,0.34097049749020186,2.9445535673845553,0.11451143971167943,0.0012679660809226333,0.00030825295258898405,7.727120018005371,0.016913797583907306,98.42835540771485,7.899415183019494,924.3899444301991,267.90851654259484,0.6620763266779346,0.3338281690774509,C:\Users\Lee\Documents\AI_Training_Data\human_norm_vid\q_3753264.mp4,0
2.847763263227086,0.09234690921022254,0.0005231667309999466,0.00011325095433049667,7.90409288406372,0.014907618545325834,51.8785888671875,5.534727296824333,369.1001274928265,87.43290526444022,0.3811746025320191,0.1921771102361139,2.9351453736110313,0.17364121703651939,0.00021215963060967625,7.82807252413765e-05,7.903891468048096,0.015719213426583195,31.770772552490236,2.9302809854455893,156.18993918550467,71.65073607603391,0.3088209239614197,0.15546291911356347,C:\Users\Lee\Documents\AI_Training_Data\human_norm_vid\q_3786009.mp4,0
2.544604868046896,0.07190761698553153,0.0025122280698269607,0.00027058625223349604,7.875247764587402,0.01533896285825666,112.49495086669921,2.7685567306724628,2289.2478420063535,357.02707143429234,0.691030403501623,0.3493689231979121,2.8462543762354278,0.09918515716584797,0.0012532407185062767,0.00036463982160951945,7.887432003021241,0.01271804712079253,87.99845275878906,6.696516007261169,924.3946468274756,302.63637987214815,0.6727423121135754,0.33765270686435944,C:\Users\Lee\Documents\AI_Training_Data\human_norm_vid\q_3842258.mp4,0
3.07598717715212,0.017606576091653364,0.0002553105354309082,1.755272059902835e-05,7.789846992492675,0.041435364448168525,47.364969635009764,2.2947643691537256,197.73298000235098,12.752251537654418,0.4360013740060171,0.2181207997656325,3.2450375523510715,0.031246334060497066,7.958792994031683e-05,6.153083414114998e-06,7.8058489799499515,0.019842910161582954,27.227353668212892,1.3025662274765564,53.907680451302234,5.197661453484596,0.34571426958191953,0.17301221815187104,C:\Users\Lee\Documents\AI_Training_Data\human_norm_vid\q_4060151.mp4,0
2.8495929683945533,0.09935707833904625,0.00030834782519377767,4.408700850637892e-05,7.851635932922363,0.0073331453890566126,26.97995529174805,0.6498371847872709,239.4010571587457,47.66717685849032,0.08685411730543188,0.08638674435621593,2.921732637859381,0.18715913461392278,0.00015056483971420676,5.4632604235070244e-05,7.861449432373047,0.007223774098255953,17.23772449493408,0.9917946380435514,114.59131156586443,51.59246373682186,0.07836310853140156,0.07254533516675514,C:\Users\Lee\Documents\AI_Training_Data\human_norm_vid\q_4074649.mp4,0
3.102925846215498,0.061538376896215476,0.00040952761773951354,6.299571482294455e-05,7.2754181861877445,0.05877109335554841,46.47323379516602,1.8201013687381402,323.62971804327395,66.14596335328753,0.394892062593785,0.2048718257209785,3.021679660664425,0.15520208671345667,0.00018108937365468591,5.0321654242577724e-05,7.28320722579956,0.052791432926657694,27.30833625793457,1.30393936256877,165.37331229836573,56.36611720066082,0.3228559278749873,0.16529540182901337,C:\Users\Lee\Documents\AI_Training_Data\human_norm_vid\q_4100690.mp4,0
2.942103875301055,0.012763679970494182,0.00023955800861585885,1.782994853599508e-05,7.882385540008545,0.02289839524041466,28.820620727539062,0.5768150598760456,199.4646845735677,19.343771179389282,0.05221922855146362,0.02649958320845586,3.073881648730213,0.05307596987929669,9.793482313398272e-05,1.7309282799909422e-05,7.886192035675049,0.010971174205622353,18.859011459350587,0.7092447267270184,72.63465140543244,15.847674651976009,0.05853796648277041,0.02960292125692679,C:\Users\Lee\Documents\AI_Training_Data\human_norm_vid\q_4168503.mp4,0
2.236275525531999,0.10090901220758629,0.003886526497080922,0.0005476757370953333,7.805215072631836,0.007653405740830966,110.95341644287109,2.927177496916057,4476.653073394338,859.1784620361407,0.48250959216594386,0.24477999353351207,2.2507387796473575,0.24347790274007766,0.003912608907558024,0.001493857146259772,7.797950649261475,0.012573774745892488,107.3694564819336,11.517900322606305,4196.803926060436,1968.409539140197,0.5425396213871737,0.27303465969162277,C:\Users\Lee\Documents\AI_Training_Data\human_norm_vid\q_4188423.mp4,0
2.672321816166278,0.04305104767618289,0.00023810957500245423,1.364541843480578e-05,7.80409870147705,0.006946979234806928,33.43507041931152,1.9844551284482965,214.02703348438354,12.90194684466849,0.1678629408203345,0.08632613750443353,2.848342736545992,0.11735545050073097,0.0001115539635065943,1.6718287242580766e-05,7.801280689239502,0.011320710333603878,22.336764907836915,1.0690839831793708,87.29908416862159,20.620365862867416,0.14333863794321153,0.0733436838987258,C:\Users\Lee\Documents\AI_Training_Data\human_norm_vid\q_4197640.mp4,0
3.2323426077634823,0.020601740398489873,0.00011982737487414852,1.4984636495142053e-05,7.741458415985107,0.04338364365392461,37.94922561645508,2.5935788762459024,78.24688894983362,10.304650250668896,0.502163916596565,0.25240296073446433,3.311748665664271,0.026577474727103673,3.0548595532309264e-05,3.768319852113412e-06,7.76375675201416,0.025982501667583625,21.85263557434082,1.5096759977815963,20.304402996758352,2.753255189586489,0.38730579792963693,0.19496861060313672,C:\Users\Lee\Documents\AI_Training_Data\human_norm_vid\q_4331739.mp4,0
3.1197116415102935,0.05205059789917534,0.0003388213342987001,4.2682346580383535e-05,7.896376609802246,0.010709358982216336,54.13233413696289,2.4678654979807795,223.6758347013045,30.85508604557314,0.4788236390117836,0.24343949353866579,3.3258110766628555,0.04285488510970145,8.225961355492472e-05,1.0344838946658511e-05,7.8944930076599125,0.014886463248075316,32.78339042663574,1.644633828773147,49.27748438340175,7.1557499869428645,0.40906946906758945,0.20727830647567833,C:\Users\Lee\Documents\AI_Training_Data\human_norm_vid\q_4331740.mp4,0
2.5835139907669724,0.1533693047745472,0.0011047200765460729,0.00033140787075990893,7.759414577484131,0.05687945511281682,48.25534591674805,6.095049197576426,983.332232294176,436.0840923734023,0.4328210654695095,0.21877068816808337,2.725008283446659,0.22972829448003848,0.0006056250887922943,0.0002513524197496404,7.76322021484375,0.05694423953692085,34.86161079406738,7.201462766498368,489.68377975504774,228.24210909868455,0.3792365844768052,0.19220592327191782,C:\Users\Lee\Documents\AI_Training_Data\human_norm_vid\q_4372786.mp4,0
3.0543155869518723,0.0752026424535226,0.0006703966879285872,0.00014741770832957303,7.842065048217774,0.019053031375855393,68.8860366821289,5.512695766772056,491.4982237849633,138.13034714788668,0.5563278948285126,0.27881670947519044,3.277393064250363,0.07205648994402188,0.00019690307381097226,6.438941854141176e-05,7.8549223899841305,0.011997559647314386,40.59622344970703,3.8784514782454327,124.63531111297232,46.52227398522111,0.46502031121460075,0.23342056397263558,C:\Users\Lee\Documents\AI_Training_Data\human_norm_vid\q_4377452.mp4,0
3.116410361522815,0.06780648531926889,0.0005516835080925375,0.00012067107623411846,7.850925445556641,0.025210705871027136,67.35579299926758,5.174961196020724,394.2803553695265,111.33829332188809,0.6450067942780576,0.3236299094928632,3.281340559540811,0.05055849265319598,0.00015424165176227688,4.954337641539668e-05,7.8644763946533205,0.008356620353630339,39.58393173217773,3.834158762288077,100.81753927442763,35.4930750976697,0.541770506216279,0.272959365178383,C:\Users\Lee\Documents\AI_Training_Data\human_norm_vid\q_4377454.mp4,0
2.760003702645386,0.06526692028079581,0.0019457557471469044,0.0001757756700849721,7.798183727264404,0.026322456630384787,105.1786376953125,1.506997169509544,1423.833109029663,175.54221508516244,0.548352223867205,0.27451721125956924,3.296002693157951,0.06746033212441761,0.0005412590922787786,6.645264280573181e-05,7.808392524719238,0.01013063501226708,70.02817840576172,2.9022292846459714,301.7263437026841,40.155501672619955,0.5430831148808816,0.2717093448983489,C:\Users\Lee\Documents\AI_Training_Data\human_norm_vid\q_4434133.mp4,0
2.9154122378880016,0.051049233316321004,0.0012091432232409715,0.00011798192391187513,7.8925244331359865,0.024147202121680537,88.61898803710938,1.4214229358398547,977.1493798206018,139.1756833255231,0.3788313118786818,0.20530924519687654,3.193290521639044,0.04514312578081985,0.00040910085663199426,6.865664434820019e-05,7.90325698852539,0.006915447613717866,53.89341278076172,1.9038407402468809,269.1633046723316,48.83370951956224,0.36760783919684104,0.19780424468319013,C:\Users\Lee\Documents\AI_Training_Data\human_norm_vid\q_4437374.mp4,0
2.892453928090995,0.05282260175615443,0.0008513490436598658,0.00016754716673301912,7.400903987884521,0.05904191099836968,58.23154754638672,6.481731581062222,632.9644776232759,137.8015500534858,0.3500379247390787,0.17895495227886268,3.140843899979159,0.031534277711242654,0.00033658370666671543,6.673845928552127e-05,7.403867721557617,0.048328682302611545,36.654502868652344,4.900529276163774,221.59822974707714,40.67817294274533,0.3348166765684756,0.17233365027435157,C:\Users\Lee\Documents\AI_Training_Data\human_norm_vid\q_4437531.mp4,0
2.6521444308408553,0.010396205305362739,0.0007383718737401068,1.9967684652708547e-05,7.861181354522705,0.025931822188782917,49.85741119384765,0.24824393651968535,813.6920730979086,24.54966005824341,0.20267440439600876,0.18874521928483326,2.9934502069506346,0.06860004896915321,0.0003685523523017764,4.3526516410546205e-05,7.865871238708496,0.013282423685078237,37.09202880859375,0.8679373405159936,282.9240546743086,45.63123584885579,0.21212130407990934,0.17653681597780183,C:\Users\Lee\Documents\AI_Training_Data\human_norm_vid\q_4443274.mp4,0
3.1692920371328825,0.08822601135640476,0.0007564398285467178,0.00016619576516440038,7.773738765716553,0.048704741770506314,93.18458557128906,3.150158906459226,525.5332691004775,144.520850406772,0.6512966614542111,0.352933556514122,3.2811842480998266,0.10659354171106994,0.00022397820139303805,8.388634792592828e-05,7.782913875579834,0.03278229047301247,52.101366424560545,2.3940070996200418,151.88202287439418,67.02032579764858,0.5921588731242465,0.3130213389663707,C:\Users\Lee\Documents\AI_Training_Data\human_norm_vid\q_4458054.mp4,0
2.7510126534466086,0.06931159357113306,0.00024105685879476367,4.1143510432162434e-05,7.883240509033203,0.030363760967927547,27.656321716308593,0.49718048731958203,239.71991720275122,48.283997997977835,0.1003293269847944,0.05077074829113741,2.7710636708377496,0.14956613613591815,0.00016905493248486891,5.338406172064887e-05,7.9046680450439455,0.010096625481547859,18.504437255859376,0.7960573721068369,145.61441861828465,56.598427808583104,0.07788008774189863,0.03960600932461523,C:\Users\Lee\Documents\AI_Training_Data\human_norm_vid\q_4459541.mp4,0
2.9282428749134572,0.05907174635579288,0.0004426433821208775,3.873206354713047e-05,7.940556144714355,0.007883921013786252,60.04762191772461,1.3644441851054414,339.94980337275746,44.61570342503286,0.31845214728941135,0.1597189297039254,2.996148788333805,0.11791695375071995,0.00020381479989737273,5.1312984906723086e-05,7.9418816566467285,0.00926768154060145,36.96608200073242,1.5878094259331177,151.55789400792253,44.9814919134319,0.26794323869717546,0.13433145501442714,C:\Users\Lee\Documents\AI_Training_Data\human_norm_vid\q_4494158.mp4,0
2.936666893087628,0.014744919868202873,0.0011697253910824656,4.4984060520800985e-05,7.873489952087402,0.03122575984719808,87.97179870605468,1.1997782682726499,856.5359841450256,43.32088710703335,0.07239125068266856,0.03762911760677527,3.136929103164011,0.04092422703603768,0.0003877040697261691,3.2057032030172224e-05,7.9028972625732425,0.007343507883695413,53.70466079711914,0.981330473117284,262.606679670753,30.568793776458445,0.0880063136775231,0.04504114889379863,C:\Users\Lee\Documents\AI_Training_Data\human_norm_vid\q_4498914.mp4,0
2.4177992033384115,0.0860442321958796,0.004575503012165427,0.004364157776675615,1.5895364999771118,0.49577525292617136,55.04675064086914,44.22869707683542,3847.0302069698228,3599.0622881157274,0.25314059382295206,0.17260875282707783,2.6023467165334195,0.07192034286436477,0.0022973410901613533,0.00214788138059788,1.5632992506027221,0.48594247014025793,31.315699195861818,24.709046568149276,1794.0360851570229,1647.19988074421,0.19571713399969803,0.139576630411937,C:\Users\Lee\Documents\AI_Training_Data\human_norm_vid\q_4683097.mp4,0
1.8175130313804373,0.014565907343974826,0.013506862521171569,0.0002762240786850913,7.787346649169922,0.019680616440919854,201.59625549316405,1.8218427327960396,17797.393093149713,520.1116646934655,0.7384112130958166,0.3692244121494249,2.0702853493030022,0.2069197421362013,0.014294179528951645,0.004455049977963761,7.802480030059814,0.032093335580518724,231.5765350341797,17.684359005169025,15325.635866873443,6246.007821998236,0.7445945503060154,0.3723039961435443,C:\Users\Lee\Documents\AI_Training_Data\human_norm_vid\q_4763404.mp4,0
1.8844911954559467,0.023369206513526728,0.011491400562226773,0.0008744378517973123,7.808621025085449,0.025864165086756777,190.98087158203126,8.37080984116223,14714.21934670079,1269.6775276256387,0.75578679651039,0.3811875064708652,2.0588216729051374,0.10237539777911733,0.012979467026889324,0.00239599852484956,7.77249116897583,0.019996907309493123,217.38693542480468,13.49999162592217,13564.370361447194,3567.4867019884523,0.7541035238853778,0.3784589574059916,C:\Users\Lee\Documents\AI_Training_Data\human_norm_vid\q_4763489.mp4,0
2.954953436948254,0.051987093192315564,0.0007169871008954942,0.00011201849267203079,7.264610385894775,0.04994396100580991,58.85441131591797,4.990939277153225,531.530461033167,101.61941273130854,0.381551460161178,0.19194966739412728,3.1315026319145276,0.07873889418536091,0.00024211572599597275,5.472215114022059e-05,7.255598545074463,0.0597957610782826,35.0620418548584,2.9523315622400848,166.7132499713436,45.409078713398834,0.3312794780553392,0.1663972027026861,C:\Users\Lee\Documents\AI_Training_Data\human_norm_vid\q_4767591.mp4,0
2.669217283239162,0.09265039297094403,0.0004473780281841755,7.17686626733703e-05,7.875702953338623,0.030141985207664687,36.71949005126953,0.746605384144416,458.1167543429905,106.76625797963995,0.01222583487776272,0.006962266557183347,2.7671684398107628,0.18118702436977208,0.0002852232748409733,0.00011005027282617565,7.889572811126709,0.01037759743943446,28.120824813842773,2.4750488204101675,260.61847627962095,119.89288595170109,0.024711883635261844,0.0168833013614257,C:\Users\Lee\Documents\AI_Training_Data\human_norm_vid\q_4802891.mp4,0
3.2146519642776616,0.036750298146042734,6.336735532386228e-05,8.720959294872938e-06,7.889449691772461,0.026451594013684198,32.18924102783203,1.224035289550774,41.889703875385806,7.321131851043982,0.30357323306557105,0.15270721667548515,3.2558622048075407,0.04568524014916176,2.077029403153574e-05,4.588255730152436e-06,7.884544467926025,0.02116324050917591,18.052059936523438,0.5510158073462272,14.916494222988552,3.9859005058944783,0.21741065831250422,0.10933441300232873,C:\Users\Lee\Documents\AI_Training_Data\human_norm_vid\q_4818415.mp4,0
2.5822018273521787,0.11763491295856952,0.0005771394527982921,7.083620734715843e-05,7.639140987396241,0.19831904245125942,47.99324951171875,2.52266260759041,513.083193945614,92.53065653988618,0.19005930229605955,0.0952425415914174,2.4803497886479438,0.24544911806423586,0.00044946630951017144,0.00013868563202394513,7.643328857421875,0.1778924560726389,33.13379821777344,2.0895379055342334,434.20881898827827,156.1573628058531,0.19845098494543287,0.0996983254754542,C:\Users\Lee\Documents\AI_Training_Data\human_norm_vid\q_4822527.mp4,0
2.5104235382407296,0.08103863464812833,0.0023002274334430694,0.0003098380107714034,7.759710025787354,0.01372370378071426,89.79918975830078,2.8370279415035835,2247.9288912449365,407.28009831330485,0.4855449539747407,0.24407929594031227,2.7539323248555645,0.11738705565892693,0.001278095250017941,0.0003415944496389331,7.781045627593994,0.019935764951923174,70.48051300048829,5.999282945487042,1035.091442124502,312.96171071150485,0.48051846125812714,0.240845233942941,C:\Users\Lee\Documents\AI_Training_Data\human_norm_vid\q_4837946.mp4,0
2.1406958001437246,0.11481530083019045,0.008516036812216044,0.0010997862916228393,7.9072957038879395,0.02382744963728381,184.84512939453126,8.352785537108835,9254.812904556931,1705.3482375672681,0.6791283553046755,0.3449244615878446,2.6477655032651692,0.170873343409072,0.005108575616031885,0.001694512607523093,7.928411960601807,0.013478270102006458,172.09388122558593,16.589319659004552,4092.255319575139,1692.332984179116,0.6808866618835584,0.3427217147279427,C:\Users\Lee\Documents\AI_Training_Data\human_norm_vid\q_4863320.mp4,0
2.5402994525757863,0.09267894498765118,0.001056486926972866,0.00016338392251409833,7.404573249816894,0.043570736155123975,55.74913330078125,2.3267235170027383,1186.0987538504894,243.11466141612902,0.3720455164901838,0.18639355289849063,2.4909420947786645,0.21153963178833957,0.0009254217438865453,0.0002957894972966078,7.435735416412354,0.03127831761922142,39.01682968139649,2.6876303059074096,997.5504070911624,368.73615496296304,0.32161721202048527,0.16141081305923816,C:\Users\Lee\Documents\AI_Training_Data\human_norm_vid\q_4886988.mp4,0
2.95187413817182,0.06432589108316926,0.0007168743875809013,0.00011287754133491874,7.920778465270996,0.032701441126505526,77.80497131347656,2.999250012376215,538.7192211077956,116.48523489711928,0.5638891898086463,0.2823048871997618,3.0267270966297035,0.12295355813811724,0.00028847234789282085,8.479118820571271e-05,7.930578899383545,0.02448921223519563,46.71047668457031,2.59149110282959,219.4435195600533,79.41729440609141,0.49695860758787536,0.24896272331095165,C:\Users\Lee\Documents\AI_Training_Data\human_norm_vid\q_4892176.mp4,0
2.7179895630125595,0.022697869019326022,0.0006046742317266762,2.6176901507814103e-05,7.729926586151123,0.02239819005570856,53.12457122802734,0.5454191832726015,490.5995073249411,28.776272489832472,0.49447059118409,0.24973660008287724,3.066972546915596,0.08101014284735902,0.00022326995094772427,3.492282955695105e-05,7.729816150665283,0.01483048640076809,36.5030029296875,1.2415350773433198,148.1563764282083,31.42216471539296,0.4225668221423726,0.21270347079997998,C:\Users\Lee\Documents\AI_Training_Data\human_norm_vid\q_4909856.mp4,0
2.5943626198286815,0.11199783592920552,0.0019366141175851225,0.0004028774245439681,7.904334640502929,0.03236370487408814,89.66345977783203,4.013192360689492,1900.1328883679912,508.35491819699394,0.5322626793959168,0.2732213365312394,2.8674973661138283,0.1825999971525253,0.001044782460667193,0.0003961461299866588,7.914245223999023,0.02921123122766655,66.23889617919922,5.393268815504524,829.0588129578531,397.7435477081486,0.5047679589924958,0.2552846913269809,C:\Users\Lee\Documents\AI_Training_Data\human_norm_vid\q_4911913.mp4,0
1.953360746186786,0.1275963127011043,0.011834433488547801,0.0021956483862204472,7.8523688316345215,0.02142732266641459,206.08029174804688,8.190322945473344,15071.312680498562,3678.005017648384,0.357611879957748,0.20743880097698633,2.0870240686019033,0.3058641625991344,0.01355253830552101,0.0059579317411239474,7.8881402015686035,0.018215611904562865,228.70530395507814,30.444337045069034,16193.707716552433,8810.379305312548,0.5546282416097409,0.29542172138843303,C:\Users\Lee\Documents\AI_Training_Data\human_norm_vid\q_4918223.mp4,0
2.6474103629982007,0.17851464286876373,0.0020423370646312834,0.0006937837476603477,7.780210304260254,0.024113110789423946,95.01703491210938,10.029219192482616,1823.3794510726234,771.5260759089754,0.6282101575621544,0.3227394769650891,3.0229559021624173,0.210304332397258,0.0008956734905950725,0.0004440508931188484,7.760252857208252,0.027890674848970173,71.74095840454102,12.600826666511498,628.1765733195754,352.1858815102965,0.5846536533797788,0.29920127469610935,C:\Users\Lee\Documents\AI_Training_Data\human_norm_vid\q_4919747.mp4,0
2.642831457012414,0.10418196614800132,0.0023367683636024593,0.0003007850417324824,7.825058841705323,0.030666972412487312,105.36592102050781,2.535617485848848,2175.4221955897506,417.9177865080383,0.5830611076855171,0.29992616100149055,2.890792724245822,0.173158752399434,0.0011911312234587968,0.00035256717037566483,7.854769325256347,0.012629442173741495,79.58599395751953,4.018532411925524,914.427647971618,347.8883886024037,0.5750178775840965,0.2894146917864873,C:\Users\Lee\Documents\AI_Training_Data\human_norm_vid\q_4919859.mp4,0
2.7241573906513814,0.15355701784153164,0.0012348723132163287,0.0006554428885458873,7.842402172088623,0.038830861452805135,70.84973831176758,19.369170848984147,1052.8800191754206,648.2602258087414,0.5860312750404797,0.30769639366796103,3.0476082286933788,0.12406565081823445,0.0005108349985675886,0.0003805341713777965,7.833516693115234,0.04282009437753046,51.73315963745117,18.63238690307809,349.8932483339416,274.9158168067538,0.5304948069522768,0.284302165611554,C:\Users\Lee\Documents\AI_Training_Data\human_norm_vid\q_4921866.mp4,0
2.4292976236171393,0.09814600170741218,0.0019834125181660057,0.00026269044809568067,7.829358673095703,0.02062284614908639,64.99198455810547,1.7066967894343772,1737.6454129710407,319.1163061803126,0.3475643410512208,0.17653793011244553,2.5270905075208447,0.2180413939394632,0.0014762459322810173,0.0005495574615194679,7.83011302947998,0.023898995602548892,53.46892471313477,5.562382114020886,1193.5716284000653,525.4172457889614,0.34265412665953676,0.17466315466416032,C:\Users\Lee\Documents\AI_Training_Data\human_norm_vid\q_4961202.mp4,0
2.646368377964212,0.01595980278303707,0.0017761001596227287,0.00011338922930096105,7.850136375427246,0.029583453947466216,65.18866729736328,3.313192597258028,1386.4541846602983,108.86528993323338,0.42293957251448583,0.21173692999523847,2.855729337315962,0.01243715666732415,0.0008092825883068144,3.4509056887626355e-05,7.857466983795166,0.02264476365455332,44.421959686279294,2.0179745199385657,568.9620565908486,27.71416599621483,0.36671283074043337,0.18388305967691904,C:\Users\Lee\Documents\AI_Training_Data\human_norm_vid\q_4994159.mp4,0
2.357984296559279,0.03247769993195637,0.0035784587729722262,0.00044172973413968933,7.734096050262451,0.03799560722405754,104.54692077636719,5.287370315740312,3153.3983689073348,388.4315420037502,0.25881895992862375,0.14106813413414804,2.618121304929099,0.08932583938625285,0.0022048713406547906,0.0004933616089897754,7.743978118896484,0.030592981252400883,83.2996597290039,6.885662246715004,1658.1358178345859,391.9076110953291,0.2523713118178957,0.13578502568899786,C:\Users\Lee\Documents\AI_Training_Data\human_norm_vid\q_4997167.mp4,0
2.7795105803853533,0.04489744596136774,0.000448641343973577,6.978743528799287e-05,7.7516782760620115,0.032560504432292824,44.08294525146484,0.47767727229316365,407.6482124605758,62.810010983251054,0.3235126980389254,0.2285398018213083,2.760892445614013,0.06827227266469532,0.00027129811351187525,4.366943366583e-05,7.807695579528809,0.022135713446685412,27.062908935546876,0.6945055167832292,243.80582669786617,42.90303916027236,0.23624609003600608,0.1702376669074671,C:\Users\Lee\Documents\AI_Training_Data\human_norm_vid\q_5009117.mp4,0
3.027101210559256,0.053362516986409606,0.0007937228656373918,0.00011137677928394878,7.718928337097168,0.05787623448658073,84.46273193359374,3.6801077740751333,559.2296138691768,97.37325146409067,0.38676295980023007,0.1935424842003839,3.0773622817203843,0.09405509389298117,0.00026753060810733584,6.981818013694915e-05,7.722750091552735,0.046354086065554696,50.02440872192383,2.8905305873141787,202.73098432249847,63.90678246555862,0.3901171713957877,0.19518209204056303,C:\Users\Lee\Documents\AI_Training_Data\human_norm_vid\q_5017173.mp4,0
2.970007640220537,0.09475707593456596,0.0007626090198755264,0.0001375102685102168,7.9076282501220705,0.010056715328445681,67.83516387939453,3.993146876275187,608.881689365682,158.6912251514752,0.48960105242138113,0.2458885607598216,3.113152740630052,0.167345362152545,0.00029835099121555686,0.000110640214823095,7.914935779571533,0.008170241784461218,39.07746963500976,2.1891718626283665,227.2660376355333,106.12296086741189,0.41490394332733443,0.20793427539062426,C:\Users\Lee\Documents\AI_Training_Data\human_norm_vid\q_5028340.mp4,0
2.132411963882468,0.08979684685382477,0.00434836489148438,0.0006141649670041173,7.875293254852295,0.020956319702665017,133.55618743896486,4.0260157846346365,4760.513772422719,880.9321580750717,0.5621187987540154,0.2814531028700641,2.3684860520570257,0.11927000345293795,0.003445450682193041,0.0009176446681524755,7.886756324768067,0.012690144389464484,124.23658905029296,11.773934725215506,3179.6598866727927,927.9238874017279,0.6030908994553634,0.3019546354817218,C:\Users\Lee\Documents\AI_Training_Data\human_norm_vid\q_5087763.mp4,0
2.5066251778217152,0.033450776019456334,0.0014384618261829019,0.00017690730603524602,7.872949600219727,0.016310243478289282,72.38960418701171,3.070875017417044,1479.9938778809833,204.62114044810232,0.5574659910091143,0.28471252636767486,2.699065067610868,0.12213926533106194,0.0009342496981844306,0.00017448299967226424,7.888255500793457,0.010051419266065401,58.76386642456055,3.5737687007864274,784.2211100298949,191.91517042490113,0.5132714950874862,0.26102103360705287,C:\Users\Lee\Documents\AI_Training_Data\human_norm_vid\q_5087768.mp4,0
3.0461919207334547,0.48073993411698,0.00010686838650144636,5.368818461393117e-05,6.039420700073242,3.019791620898017,15.136690521240235,7.570403163346379,97.89799374928333,49.38554190318953,0.2230298022014227,0.2776158640015421,3.1687321679793876,0.4192345799700621,4.866013914579525e-05,2.5690717600653487e-05,6.036012077331543,3.0180935405503195,10.66537971496582,5.346180553767702,37.88096053395284,20.818643040830626,0.21609693759098797,0.2673538515168321,C:\Users\Lee\Documents\AI_Training_Data\human_norm_vid\q_5110750.mp4,0
2.2303507597579566,0.12195187346189973,0.004397130897268653,0.0007417426614184407,7.921495342254639,0.020116723993950987,135.66632385253905,3.657255874325336,4876.924472002286,1126.7783500577682,0.6847965901331868,0.34753004700632695,2.5450745156154575,0.257299364290974,0.003380166250281036,0.001438518002879408,7.927239608764649,0.00923486817870958,131.92224578857423,14.758601473512696,2938.9042575486483,1651.54910382749,0.7180851454816743,0.3594499725587874,C:\Users\Lee\Documents\AI_Training_Data\human_norm_vid\q_5126757.mp4,0
2.656791314595748,0.06459267839706317,0.0008025840390473605,8.001632251766229e-05,6.6880316734313965,0.025940106328271664,41.42149429321289,1.6486070292412627,729.8162572606819,100.38968241110399,0.1199394057975122,0.06426027222202832,2.721184212643388,0.13666010198947898,0.0004987836873624474,0.0001179501684765504,6.671383380889893,0.021300799355998268,29.853395080566408,0.8100803498622263,410.75485809400016,115.76912330946104,0.11497951196464809,0.06081108881026935,C:\Users\Lee\Documents\AI_Training_Data\human_norm_vid\q_5138514.mp4,0
2.4690293105561056,0.037313753820386986,0.0006081635830923915,6.325060596750728e-05,7.836031055450439,0.02007319759944999,51.3053596496582,4.165992866505004,611.6652311695843,37.42655536372634,0.18685842898185595,0.09702266091388759,2.4733897038965784,0.0634014161431086,0.0004556213563773781,5.8190639481603586e-05,7.893167495727539,0.010780165692747467,41.74803848266602,3.4433071228741285,436.19762857091075,66.87043275712287,0.18492642547245783,0.09468490409502538,C:\Users\Lee\Documents\AI_Training_Data\human_norm_vid\q_5156484.mp4,0
2.1074660109692096,0.019408488072255346,0.0047361417673528194,0.00018028593982493866,7.797418117523193,0.016323879763397227,129.6888916015625,3.546166670455113,5975.957956715194,244.07107246209293,0.5798610807508877,0.3133396244114728,2.3657977262192884,0.16703443694296669,0.003559405356645584,0.001158332536555277,7.820945739746094,0.006987736781885635,123.30056610107422,9.121582812875687,3482.4560543060943,1597.6096011611858,0.636343664792738,0.3216967351633201,C:\Users\Lee\Documents\AI_Training_Data\human_norm_vid\q_5159890.mp4,0
3.012115993967373,0.4992945404223402,0.0016372539568692446,0.0008523114381310535,6.130379962921142,3.065275798725378,67.87165985107421,33.9536479349932,1245.3116707040292,667.4921520733158,0.29737058992476706,0.3526048202251703,3.1629726058984664,0.43286576548477,0.000804613484069705,0.0004725940488254187,6.168583488464355,3.0842945397873978,44.16298217773438,22.22283182742219,552.1452206364497,333.1794804373623,0.3333905455805849,0.3366429824013664,C:\Users\Lee\Documents\AI_Training_Data\human_norm_vid\q_5182804.mp4,0
2.740700715009754,0.06388873584216807,0.0013755348743870854,0.00010776159994455272,7.6645771026611325,0.06558516743381018,69.35036163330078,2.41438874059964,1103.5799469673516,125.18523810270162,0.3848546051392191,0.19447626174895424,2.927465469663233,0.10216551350013231,0.0007063607918098569,0.0001388548531641882,7.6750585556030275,0.05411119249002893,47.94267807006836,1.3607285910158682,495.624839265261,107.7112823268836,0.3630529429893021,0.1826294934514791,C:\Users\Lee\Documents\AI_Training_Data\human_norm_vid\q_5200343.mp4,0
2.992611374402554,0.10064249533535242,0.000401411228813231,0.0001534896984968009,7.611306285858154,0.20098596578251057,38.647399520874025,7.127893838859996,325.07991925021696,136.59283629943346,0.46521147120571654,0.2416915670073173,3.1126944002207546,0.1253934740885445,0.00015560618630843236,7.741836763785235e-05,7.611249732971191,0.19798399700997438,22.99499855041504,4.011511630656851,116.8968019241936,65.05995227080389,0.3660614720010981,0.1932907469071089,C:\Users\Lee\Documents\AI_Training_Data\human_norm_vid\q_5200486.mp4,0
2.7983929683893907,0.02518517214503411,0.00061666026012972,5.053930617714347e-05,7.863887786865234,0.03604114174344049,55.050926971435544,2.355773333392699,464.2741060153236,30.377257401362773,0.23829926714220706,0.12101945804524858,2.8686988086614136,0.09194388676821336,0.00028271559276618066,3.381648133321798e-05,7.891716575622558,0.01412843065872973,36.01772842407227,1.3726207714609526,211.06285286794028,37.63233416852701,0.22136317861176785,0.11190561677775794,C:\Users\Lee\Documents\AI_Training_Data\human_norm_vid\q_5204646.mp4,0
2.7413976847430477,0.07083235861329223,0.00031852275133132936,4.260862598130648e-05,7.848947238922119,0.03486803062754209,40.7130485534668,1.5948170063767753,312.2203058850549,46.75281680020949,0.3420119551652254,0.17355919208084183,2.801590891765017,0.17130489912585045,0.00018933882820419966,5.706769455577497e-05,7.868571853637695,0.021871465249198963,28.66610641479492,2.3721588348674887,168.3784827589134,67.7222598646915,0.2741163898001018,0.14288715191336793,C:\Users\Lee\Documents\AI_Training_Data\human_norm_vid\q_5212558.mp4,0
2.4128512796130552,0.09750422792321081,0.004538643080741167,0.000616118719377702,7.810641670227051,0.021829619904276044,144.95086975097655,7.2797816642710895,4461.512394360697,814.9136790683933,0.17656228908570054,0.10267158854127177,2.8796347510297613,0.0858438655793528,0.002286776481196284,0.0005213546620186827,7.804108142852783,0.011669358195349158,112.84524230957031,7.201892698230712,1632.2775334120645,405.67468529331904,0.20843814910761954,0.13129690834461422,C:\Users\Lee\Documents\AI_Training_Data\human_norm_vid\q_5235469.mp4,0
3.051349914457897,0.0524890091515362,0.0007898039533756673,6.465725297940918e-05,7.717756271362305,0.061528457057387,53.5732536315918,0.6919760782386939,549.1252876225526,74.56875382642077,0.12645777017062926,0.0638138677581229,3.203008433344155,0.08199076811019734,0.00023029084259178488,5.178335153726723e-05,7.7285158157348635,0.05583844053543573,31.108398818969725,0.9897407193617562,157.29861013692218,49.93943333446499,0.1397899335940388,0.07093653128753116,C:\Users\Lee\Documents\AI_Training_Data\human_norm_vid\q_5254562.mp4,0
2.545434312539319,0.07992912636238314,0.0013511553406715393,0.0002487374657442555,7.904585361480713,0.02977164977828369,74.65147705078125,4.922915695988556,1191.9169196394555,253.59483841754772,0.5080657158783033,0.2583370892211387,2.7394984955281303,0.16530910398913007,0.0007840442354790867,0.00022584067604608865,7.931410598754883,0.01588982760398405,56.77725524902344,5.713275806366145,610.6486660802469,206.42831194223197,0.48606107525087444,0.24526307478986653,C:\Users\Lee\Documents\AI_Training_Data\human_norm_vid\q_5270783.mp4,0
3.1670128608817185,0.05386007033983591,0.0001729645679006353,2.9198175038082523e-05,7.8043781280517575,0.03523718976092393,40.07221603393555,0.8533223444047779,123.10298878378907,24.3982443341152,0.479779392898558,0.2402978812800367,3.251586101323243,0.04330558554311385,5.1482755952747536e-05,9.650385869402165e-06,7.80015344619751,0.03802866292457545,22.644780731201173,0.7314303591029153,36.03885404728698,7.016553691182402,0.3613496622985354,0.18076927865441442,C:\Users\Lee\Documents\AI_Training_Data\human_norm_vid\q_5339478.mp4,0
2.965740177786644,0.06869659548381804,0.0003176243684720248,5.668624204655086e-05,7.806640625,0.07844015080407786,40.053948974609376,3.0982475777498486,233.22472790159628,53.25991343267402,0.4497695353984499,0.226806204159125,3.022243567835593,0.11204842188019222,0.00013056313619017602,4.2391220486759805e-05,7.818674850463867,0.06670954184337476,23.332356643676757,2.0754518824050927,99.97561360360605,41.37453499098216,0.33628971676345343,0.16994760637625972,C:\Users\Lee\Documents\AI_Training_Data\human_norm_vid\q_5339585.mp4,0
2.600547808976101,0.011416817633395594,0.001136407838203013,6.0574962222992894e-05,7.776863670349121,0.043827450997267876,75.43977966308594,1.6479690095659725,971.1503683939767,50.60150138889752,0.05853503726323521,0.030055611785339085,2.4964483317668136,0.027128440408269516,0.0009152066661044956,5.472527166085205e-05,7.774278736114502,0.031862729708205625,56.754763793945315,1.3128050769319213,790.2334541891818,62.37180152526247,0.07754070331951997,0.04088513108948476,C:\Users\Lee\Documents\AI_Training_Data\human_norm_vid\q_5349088.mp4,0
2.546329557775015,0.10472513208203017,0.0037344804033637045,0.0005600296790953036,7.945753479003907,0.0031122712587511817,149.41373596191406,3.0472030659052245,3178.307474692202,682.2360687708201,0.038533345960414356,0.024412365583837282,2.683847777216564,0.20710484947606492,0.002238773996941745,0.0008855468981477193,7.950326347351075,0.001928644560172684,108.87352142333984,8.72310422324763,1769.2154478256416,825.902264853177,0.06782386442598791,0.046182878560477134,C:\Users\Lee\Documents\AI_Training_Data\human_norm_vid\q_5349100.mp4,0
2.4182404451339186,0.1443207712294679,0.0020635366439819337,0.0005744430050991545,7.792432022094727,0.026616798535342857,90.38404693603516,5.580092385941518,2018.0022639907554,740.3800331384982,0.6511562953867506,0.3256727367678589,2.706727377593491,0.28664959400548196,0.0013027331209741534,0.0008205375216140707,7.803383445739746,0.03087254537717442,78.31314392089844,12.678005340357128,1128.7041035123584,896.9759059109294,0.6301091300062709,0.3153547262918356,C:\Users\Lee\Documents\AI_Training_Data\human_norm_vid\q_5351146.mp4,0
2.5684507442684454,0.172029191147975,0.0021265975898131727,0.0007276365922953544,7.928116798400879,0.019215644758895416,102.07303466796876,10.471727031611234,1848.144251585407,787.8418070912055,0.6581085700227655,0.34012804603719754,2.7797373836608186,0.09788644438140864,0.0010340861976146699,0.0003514079311891395,7.936433506011963,0.015754500671288654,69.93564529418946,8.084141464833076,781.5420232033964,276.08194578181246,0.6216005056515221,0.31734510216646433,C:\Users\Lee\Documents\AI_Training_Data\human_norm_vid\q_5363312.mp4,0
2.169974295129186,0.02195629309461658,0.0076419378630816935,0.00013271491980352098,7.824361133575439,0.02530263189290464,177.50096435546874,1.6126056096420187,8678.623940957332,287.6600304078827,0.6843244983029069,0.3425654408137648,2.412632162879546,0.09537074072009934,0.006109271850436926,0.0006477425740206817,7.780621433258057,0.017770195802675498,172.96307067871095,2.1339342436164457,5624.520748965557,1016.4412228097272,0.7024115209896447,0.3514389392352408,C:\Users\Lee\Documents\AI_Training_Data\human_norm_vid\q_5379993.mp4,0
2.7525153529925888,0.08311771297296637,0.004196311114355922,0.0011302403240197893,7.811723899841309,0.023371349251507,176.19736328125,17.825491669867436,3392.4656228280523,1028.2808698350239,0.7594089600336658,0.3797793996873348,3.041563187854604,0.02426077540817929,0.0015104151796549558,0.0004554278945782745,7.80640230178833,0.008099337700306158,116.24602966308593,16.188427921872353,1045.1168187593437,299.6751762675033,0.7325082543359375,0.3664996592606101,C:\Users\Lee\Documents\AI_Training_Data\human_norm_vid\q_5479199.mp4,0
2.947232702822535,0.5316439695697466,0.0005705999210476875,0.00030311775683121325,5.507162761688233,2.753975784037952,43.00999984741211,21.55349177418771,493.7384654565732,276.4102797932112,0.3547192968916198,0.33251225689448,3.0836129894002227,0.48093641159954614,0.00029668917413800956,0.000192483717617935,5.475968551635742,2.738658832705509,32.11237716674805,16.42309805620481,236.34755585813173,167.7711060752517,0.3746524119619682,0.3242564909146809,C:\Users\Lee\Documents\AI_Training_Data\human_norm_vid\q_5487208.mp4,0
2.4849560188414355,0.027461353562509973,0.0021003634901717305,0.00010219121018573063,7.8660906791687015,0.057361327526493526,70.63142242431641,1.6945166912762604,1830.0352367661312,91.66139700357941,0.2047174063280875,0.10521882964204585,2.576433371759369,0.016639566872938594,0.0011974783381447196,5.5216461339442364e-05,7.8859453201293945,0.04265677015026886,50.07937240600586,1.1301589808594181,1094.7703381730673,40.48650955872421,0.1782234451400999,0.09208941329260714,C:\Users\Lee\Documents\AI_Training_Data\human_norm_vid\q_5490545.mp4,0
2.5928072472365913,0.10054680789841125,0.000529526051832363,0.0002293028287032617,6.03020601272583,1.1649996995921355,36.48959808349609,5.05437271782604,494.6938681820867,219.1893004835635,0.49938658644409434,0.2549598908390302,2.5948636076349345,0.10276976275957637,0.0003284788428572938,0.00010823434925356324,6.009077072143555,1.157246652210957,25.861199951171876,5.286124594194812,285.02550917625894,77.47122146908183,0.4351005667182223,0.22418987320568132,C:\Users\Lee\Documents\AI_Training_Data\human_norm_vid\q_5514653.mp4,0
2.676718551169049,0.12010755317940684,0.0027323387563228606,0.0004812409399573366,7.887148380279541,0.024932263098602567,125.60403594970703,2.9595874758100758,2484.1414845750724,645.9358213027851,0.6838041203200123,0.3452840205964745,2.961733838224834,0.12635791396788498,0.0012555642751976848,0.00043256152341098825,7.897904300689698,0.011052669444089511,85.40013275146484,5.813926328656591,939.6369594799696,367.3700863574242,0.6467175129876199,0.3244444857360892,C:\Users\Lee\Documents\AI_Training_Data\human_norm_vid\q_5527126.mp4,0
2.8384101460905486,0.228336923006137,0.0018140031257644295,0.0007981816593292352,7.41524486541748,0.24910617163381502,97.58901824951172,7.555385325438563,1532.884582829031,885.5661272242356,0.6514925346857697,0.32610513265586333,3.062712108033235,0.17923865489187432,0.000634910725057125,0.0003759029054852803,7.415344619750977,0.2560251399384911,63.11401138305664,9.048737506307857,471.41097221021965,314.55916445266394,0.5937171101972085,0.2970632058417607,C:\Users\Lee\Documents\AI_Training_Data\human_norm_vid\q_5527127.mp4,0
2.4291502046279643,0.09272193894221169,0.000995234411675483,0.00017381589992788486,7.457386589050293,0.07087340114574828,41.30056533813477,1.7774702675733436,1146.3941200675156,249.87240635768103,0.06002127234458434,0.03137532879075049,2.509291942852399,0.19204049935298556,0.0007898253214079886,0.0002749142831320626,7.456408309936523,0.04493556576852526,32.96000442504883,3.0376257046258983,792.31928483062,327.9779082323454,0.07118388440273393,0.03701492954088829,C:\Users\Lee\Documents\AI_Training_Data\human_norm_vid\q_5527699.mp4,0
2.2926231871965843,0.08438678801268545,0.003882480692118406,0.0005618208350604149,7.3209785461425785,0.02927107835578822,123.29703216552734,4.489512112326622,4273.532693678024,821.0049204101051,0.24964418658110415,0.12912192958697635,2.5319301995170016,0.13130172335455714,0.0027853578329086305,0.0007680817321212459,7.2890924453735355,0.032506852225099435,110.16722412109375,10.638879661112115,2523.105230016731,780.3902104002271,0.37676016050090777,0.1949714856751269,C:\Users\Lee\Documents\AI_Training_Data\human_norm_vid\q_5527774.mp4,0
2.705396375837295,0.10006560489687724,0.001981084491126239,0.0002896774792842885,7.8548399925231935,0.03472827931021755,89.36832122802734,4.242011959683751,1639.7592706716575,341.1148803151701,0.5790258655565641,0.29330397680704573,2.9380735966276155,0.17370051446880438,0.0009461170528084039,0.0003290897586118546,7.86829252243042,0.021066378089389323,60.53946762084961,4.12559508971138,700.925890116076,310.26157707948846,0.5218729899541252,0.2622858216011352,C:\Users\Lee\Documents\AI_Training_Data\human_norm_vid\q_5529210.mp4,0
2.9455510282340542,0.020386662135476647,0.0008447012398391962,8.395010881115995e-05,7.823779201507568,0.037635320300381914,74.67830963134766,2.904973197303648,612.0759718800034,57.75481611513876,0.2908814426532431,0.17516152634685223,3.1943331540030178,0.025421649466992283,0.00027451394416857513,2.567766927272247e-05,7.8626580238342285,0.016461397873452254,43.81276016235351,1.8803196858789784,172.28709954145643,15.255230218924414,0.28530534827548076,0.16204573590774698,C:\Users\Lee\Documents\AI_Training_Data\human_norm_vid\q_5529331.mp4,0
2.722493457485052,0.07575942112109256,0.0018040165770798922,0.00014717854526855712,7.797280120849609,0.024196904759062672,76.73421478271484,1.134014917704615,1497.8724555335525,210.29879339094265,0.3873336019210769,0.1955578571884722,2.926194061954262,0.1254956675383918,0.0008233441505581141,0.0002079195581161203,7.824867153167725,0.0031684085648720525,48.26912231445313,1.3794537113740628,608.0495697609983,194.63716155829297,0.35026609460437885,0.17591292679017712,C:\Users\Lee\Documents\AI_Training_Data\human_norm_vid\q_5529433.mp4,0
2.1448090055565467,0.12546535164878103,0.008790095429867506,0.0017613103693703664,7.829281902313232,0.027194409521355524,171.22168579101563,10.7113980373149,8315.978155987776,1935.9896615159068,0.699937228745432,0.36438226741081414,2.440308660398723,0.18383977801477855,0.006399990664795041,0.0020696447808158194,7.82542781829834,0.032319634370788275,153.74292755126953,17.79142033169475,5004.001936416927,1821.0005160800313,0.7198995343547757,0.36529731534041093,C:\Users\Lee\Documents\AI_Training_Data\human_norm_vid\q_5535721.mp4,0
2.484800812850618,0.036883818952016714,0.0012101775966584683,5.207071097526842e-05,7.6615618705749515,0.02269635230189043,45.88486557006836,0.36266805194763574,1225.8089608462446,90.89835592763966,0.2641890310457303,0.13622421929435471,2.5432459881474836,0.19623481250579025,0.0008736466174013912,0.00028841403871644603,7.665712356567383,0.020417541815489434,37.468894958496094,2.0435367023852415,817.7235079033846,397.45775739033905,0.2512370285547664,0.1269402386571551,C:\Users\Lee\Documents\AI_Training_Data\human_norm_vid\q_5536116.mp4,0
2.9361584893084762,0.016921649810518812,0.0008203326491639018,0.00020855158325926696,7.832870960235596,0.04156527867877063,81.39049530029297,15.433554386352208,605.3330489873289,136.54828372969192,0.6398778019233724,0.32171908281283157,3.0007108913195615,0.05361274260841115,0.00031603144016116856,6.510874173835878e-05,7.838859367370605,0.0374659927843824,48.04889144897461,8.505760939638922,241.8926630119644,48.17876962567339,0.5668703482270973,0.28677871146305234,C:\Users\Lee\Documents\AI_Training_Data\human_norm_vid\q_5539100.mp4,0
2.5572257124387994,0.01598118646912825,0.001788931037299335,7.949333553552579e-05,7.570089817047119,0.03760506525664858,82.5903106689453,1.1733883926203479,1747.6484134901862,93.65109613225557,0.24160284394801437,0.14319588491085658,2.6703016102277295,0.08968694862859584,0.001108330488204956,0.00018422811398394282,7.608558273315429,0.025900019413869654,63.002618408203126,2.671675332749469,970.1557624007276,214.08070775299035,0.3110906393920126,0.17218229213642933,C:\Users\Lee\Documents\AI_Training_Data\human_norm_vid\q_5551782.mp4,0
3.143031591438805,0.0599405697619985,6.409707420971245e-05,1.5591304637148576e-05,7.8929112434387205,0.050767651442415664,30.19610595703125,1.4438110067870855,50.54198924449026,13.979832723189048,0.4644591702567199,0.23507103143387723,3.1484558908163405,0.04336628462855458,2.5897843443090096e-05,7.186619790781073e-06,7.920306205749512,0.016251872913583047,17.622749710083006,0.792693621461268,20.737393076465747,5.3370906540169205,0.34908229359662285,0.17791817693311232,C:\Users\Lee\Documents\AI_Training_Data\human_norm_vid\q_5600797.mp4,0
2.3801948843857033,0.08271752014609315,0.004781041480600834,0.000601314070646337,7.849203300476074,0.039613136054982186,141.52970275878906,4.325725443127649,4080.065208289509,658.0943542336923,0.15219369908349506,0.07952335126183373,2.6444810700402153,0.13853268176283018,0.0028869948349893094,0.0007250397577800661,7.884011840820312,0.025003775541822943,115.4359146118164,9.098876629088883,2133.7964955294237,584.4290712510216,0.15626745686397991,0.08477753682476372,C:\Users\Lee\Documents\AI_Training_Data\human_norm_vid\q_5601158.mp4,0
3.029074423340316,0.01661263773325613,0.0005988855962641537,6.664105590007449e-05,7.873403263092041,0.03042551865216697,61.76550369262695,1.9695045223130403,386.8237820870708,41.85942913919272,0.5015669147446854,0.25085558416331405,3.1921133985946017,0.04464693849435173,0.00019287375907879324,1.253248816285385e-05,7.884519100189209,0.011467158701798957,36.44273147583008,0.8954205779994078,113.83343379502284,8.773509589824865,0.40376150982611214,0.20199689861236092,C:\Users\Lee\Documents\AI_Training_Data\human_norm_vid\q_5617478.mp4,0
2.573110636233525,0.09995779738891324,0.00025200699747074395,3.821226779015561e-05,7.790025901794434,0.033710308502682265,24.99119453430176,0.5066942934921513,224.43819278126188,46.643081484894076,0.046227658571547606,0.026467092703267275,2.73864244486299,0.18406769920194027,0.00015496252599405124,5.604804490771026e-05,7.801878261566162,0.010524534946218399,18.60902671813965,1.4448385406904403,121.95012036815005,50.53750153460266,0.0519247418857818,0.02765605831175508,C:\Users\Lee\Documents\AI_Training_Data\human_norm_vid\q_5625461.mp4,0
2.7664954269863005,0.05176496078985587,0.0003727333911228925,7.399167504217475e-05,7.782814407348633,0.07369451562042,45.33402786254883,3.9738540017371946,326.85612834237554,71.11105604132051,0.29868832137204676,0.16050573151879294,2.8338891272961315,0.08466886610962122,0.00020754594297613948,5.457599223768921e-05,7.809639930725098,0.07774163464480344,30.526947021484375,4.226032003840973,167.09965420494925,46.870267048589426,0.23817215431007374,0.12744103769547452,C:\Users\Lee\Documents\AI_Training_Data\human_norm_vid\q_5630999.mp4,0
2.321137837630662,0.08262233455110438,0.004933000821620226,0.0006222649753335952,7.909768772125244,0.006971567627001361,138.77760314941406,3.1475074537972394,5204.464836158733,903.466893561929,0.6394413737658088,0.3502047984305778,2.6744440899503643,0.10150765197955236,0.0026968234684318303,0.0007194606631326185,7.917254829406739,0.006036880285530609,112.25180358886719,8.043471742177548,2182.0161590165726,711.2747778123169,0.6535958723967921,0.34022393578729554,C:\Users\Lee\Documents\AI_Training_Data\human_norm_vid\q_5636708.mp4,0
2.2428341808358527,0.01702315555215244,0.007877531182020902,0.00013204657890405442,7.905301094055176,0.025796268460929382,162.055517578125,1.8497047206287625,7545.228391081031,135.8206003620689,0.1539527268858052,0.07956344459768215,2.327611837057086,0.09849517332578725,0.0063529547303915026,0.001006550653616127,7.914780998229981,0.022208111888861157,142.92086486816407,5.997205224811048,5619.183694889345,1105.0506742773066,0.17571889654308492,0.09007385891810696,C:\Users\Lee\Documents\AI_Training_Data\human_norm_vid\q_5644071.mp4,0
3.134431107926531,0.03326375661686125,8.990204078145325e-05,1.0545954149012875e-05,7.864987373352051,0.03289616822328895,35.63021392822266,1.270812722899049,65.03212911578896,11.397486253509895,0.20283073698304394,0.11942145786325868,3.23094256140613,0.017441467486620184,2.7180984761798755e-05,4.306583669039856e-06,7.864655876159668,0.029405678997756625,19.808045196533204,0.8417397748532432,19.538817298406904,2.853995382738156,0.1691180867850166,0.09444436235229613,C:\Users\Lee\Documents\AI_Training_Data\human_norm_vid\q_5656141.mp4,0
2.9497361860607008,0.08500087004591168,0.00047861926141195,7.635198267042545e-05,7.634924602508545,0.010758703664755953,44.45899276733398,0.8639247573920866,405.2932238141999,98.2872148183075,0.25601497541987606,0.1384744154249092,3.0881123769770404,0.13249514837998588,0.00019333812524564565,7.125789387309985e-05,7.636061573028565,0.012494587622171427,28.036860275268555,1.5941714112890741,150.99880818219216,72.32142727418034,0.24146026138695906,0.12463977588078329,C:\Users\Lee\Documents\AI_Training_Data\human_norm_vid\q_5676108.mp4,0
2.8421695479010802,0.06956853715087974,0.0014001559000462293,0.00015830648429892674,7.922616386413575,0.0074568336119920815,85.78438262939453,1.4046306632355952,1072.9084450054254,168.68265239526144,0.5279676368707333,0.2676565784777882,3.1029358798497237,0.073865940961231,0.0005142981826793402,0.00012113331425944729,7.93066816329956,0.0067140660242959605,54.84794998168945,2.1004099939474346,341.00509126147233,89.79134298444265,0.4901913787315209,0.24652815419473062,C:\Users\Lee\Documents\AI_Training_Data\human_norm_vid\q_5676138.mp4,0
2.9472292112230214,0.04824646484987792,0.0012703943299129604,0.00010239325342783129,7.8596604347229,0.0769067852202151,83.84989318847656,2.967555084671176,913.0982068299696,104.25559804707699,0.4399079541926092,0.2568124503112343,3.204960434267407,0.077245522361803,0.00040884739719331263,6.95325413187883e-05,7.872751331329345,0.05724102807482397,50.87529296875,1.6258481194023056,257.5971954827768,52.29234681462822,0.4115835784224341,0.2224742767858757,C:\Users\Lee\Documents\AI_Training_Data\human_norm_vid\q_5683871.mp4,0
2.890455912725465,0.06815356024216909,0.0005934752698522061,0.0001604632662480647,7.833231449127197,0.025936908979438986,45.963583374023436,11.363431669642962,401.2064223620153,111.56603591670422,0.4199608059516061,0.2593907535768338,3.0465654592889986,0.07956900433111262,0.00024245493405032902,7.579483963965317e-05,7.840592384338379,0.012094011388729193,28.114438629150392,6.603569862697367,156.5946235728398,53.287036088350234,0.33779640230597047,0.2104216817093371,C:\Users\Lee\Documents\AI_Training_Data\human_norm_vid\q_5688964.mp4,0
2.5447129743818957,0.24223880750547364,0.0015081700985319912,0.0014074289207898721,7.883444309234619,0.02778478730470986,63.6378288269043,13.94700138293503,1419.3902889916887,1386.462940889015,0.6082448021963798,0.3042903122048594,2.6759718850442447,0.2458371973880228,0.001082526403479278,0.001209956806165157,7.882025241851807,0.029687441586103955,47.517408752441405,13.929513147754799,896.2158006900439,1036.3600427119218,0.5064292712233399,0.2534905672096158,C:\Users\Lee\Documents\AI_Training_Data\human_norm_vid\q_5695140.mp4,0
3.0370259412373373,0.02139642686655955,0.0009681944851763546,4.9458379220240746e-05,7.8548986434936525,0.03418229410942995,67.00220642089843,1.6653017325978992,621.97048291094,34.10300131916446,0.3623073117837799,0.21375701031144567,3.2460328850685536,0.03308248069168556,0.00031205342384055257,1.7914415838336125e-05,7.875670146942139,0.011139513016078715,41.76832275390625,1.4811980996309098,175.66133666094368,10.860777211781636,0.3417816102708777,0.1891191744230765,C:\Users\Lee\Documents\AI_Training_Data\human_norm_vid\q_5709150.mp4,0
2.8044300537588134,0.11522628751497929,0.0005963554780464619,0.0001563650568845287,4.648712253570556,0.17506350483615124,33.704785919189455,2.0833454506818474,496.94568357621574,171.6924834143633,0.21255085957068198,0.1137352241168038,2.9376327590226867,0.15506574309416127,0.00024851078633219,9.457143841288041e-05,4.6547893524169925,0.18234005708879003,21.126224517822266,1.43618764733896,193.19691598636078,90.84295885173506,0.18071312158897904,0.09482593547417863,C:\Users\Lee\Documents\AI_Training_Data\human_norm_vid\q_5758682.mp4,0
2.5978220270913277,0.09996899428885295,0.0013782961992546915,0.00028151538108439573,5.9569446563720705,0.2964231402273089,61.610286712646484,4.444016424688696,1307.8344954147376,321.8005865888767,0.3188803691235435,0.16526668117077892,2.598764675804089,0.19735755375194156,0.000849481183104217,0.00027684896472145604,5.942248821258545,0.3213519164354697,40.09820556640625,2.917568258970778,800.2415431970779,329.10371422621796,0.2917822343684347,0.15076210016619523,C:\Users\Lee\Documents\AI_Training_Data\human_norm_vid\q_5759778.mp4,0
2.7692114297649977,0.18980902128309107,0.0019916537567041814,0.000564546756567665,7.756003022193909,0.019466818429747294,112.62029457092285,7.757671041725185,1693.37130987157,655.9873419555006,0.5108941182456193,0.31662256103072667,2.991645466883401,0.2368326141632328,0.0008887117801350541,0.00048503284924660716,7.779040694236755,0.0005100939033619722,76.01692008972168,10.591022867918783,698.4754736645499,463.1131433392871,0.5104921957582744,0.306548861683766,C:\Users\Lee\Documents\AI_Training_Data\human_norm_vid\q_5765758.mp4,0
2.096096723832111,0.12312550694018949,0.006290901731699705,0.0011126075941178392,7.871776866912842,0.02171309762560914,151.38902587890624,5.546988711999846,6884.889645486003,1563.2062079781178,0.5034714945310839,0.2857341089763747,2.45956922079344,0.21754729988726199,0.004799604183062911,0.00172157440705089,7.90519962310791,0.007226075450963858,152.48202667236328,17.389122278115853,4064.5675769462046,1733.5498582296404,0.6362535605879073,0.3248302204934275,C:\Users\Lee\Documents\AI_Training_Data\human_norm_vid\q_5795266.mp4,0
2.899960570807104,0.013118994898420121,0.001358264498412609,3.0027383864517384e-05,7.819939804077149,0.029304767588901128,101.559423828125,0.33279879806524776,1049.8584144660254,33.37613113295085,0.34694003474234736,0.23443890372075,3.156111903722226,0.03903646242458304,0.00044698965502902864,2.9188531753989178e-05,7.833827877044678,0.013038886718908788,61.4555419921875,0.6526681350687622,301.0421999950908,26.090130047173293,0.362957852198914,0.22916540442733396,C:\Users\Lee\Documents\AI_Training_Data\human_norm_vid\q_5801997.mp4,0
2.9295160175513386,0.12141249714751112,0.00017626692133489996,7.714041066312237e-05,7.578757476806641,0.15934536292789853,27.313359832763673,0.9842608012535816,139.67568832820942,63.57864651146462,0.2791759016610672,0.15114532191332794,2.936486242073647,0.18164941587303968,9.476413615630008e-05,5.8960789603539696e-05,7.577619552612305,0.14977812827823714,16.2595516204834,0.86636655308306,76.47323123049134,52.414798988014525,0.19597821342828722,0.10633044296250083,C:\Users\Lee\Documents\AI_Training_Data\human_norm_vid\q_5817160.mp4,0
2.0721682658036196,0.05129521534732749,0.011146952770650387,0.0007221690397647979,7.888281726837159,0.017554554998042197,214.2226318359375,4.689134626747856,12115.596126540066,1236.9310771467835,0.766110504183642,0.38310855602836597,2.6189470820933956,0.08806429367005966,0.006370573490858078,0.0010193493435945626,7.917595386505127,0.008391216891891536,196.02176818847656,12.039843236973054,4976.634405043808,967.2915106167156,0.7647891996007578,0.3824511010566036,C:\Users\Lee\Documents\AI_Training_Data\human_norm_vid\q_5873621.mp4,0
2.440895592352355,0.11541438484860929,0.001467534201219678,0.00022308663173041293,7.888509273529053,0.0190899535309502,82.11419372558593,1.3190834536157074,1563.612639677682,339.74258621593907,0.12871020594031354,0.06637351394877791,2.5369309504673003,0.22678051532098847,0.0010918227198999375,0.00039066998674047124,7.89449291229248,0.005282802291144222,62.94871978759765,4.547380645574003,1054.6519319886304,451.7572087590184,0.13906326997670287,0.07178695292342846,C:\Users\Lee\Documents\AI_Training_Data\human_norm_vid\q_5930448.mp4,0
2.6670693628143654,0.040959185275308084,0.001435979618690908,9.20811718055919e-05,7.123119640350342,0.20449085043908338,79.91810607910156,4.974940952772033,1222.5273609790943,59.59711373386518,0.3838483360270265,0.2005208589752639,2.584189513560132,0.09952312809363935,0.0008765824371948838,8.681662389629132e-05,7.1231897354125975,0.23112112424713882,53.951847839355466,2.278343722605226,805.4093277188185,125.72671817244135,0.39784767388682873,0.20378148411274716,C:\Users\Lee\Documents\AI_Training_Data\human_norm_vid\q_5969988.mp4,0
2.870586842155873,0.06210413282236131,0.000969135866034776,0.00014708466941132706,7.917051601409912,0.0055593752110314094,64.9406608581543,3.9023366674504767,743.7224667732446,141.21219282161513,0.411532697342938,0.20968890326504472,3.038787663946529,0.08805020027471204,0.0004036666970932856,0.00012159989250881753,7.917823314666748,0.007068573894337546,39.94615249633789,3.136843610848149,281.27635500414436,94.96458928435041,0.3540690519994364,0.17877444301707934,C:\Users\Lee\Documents\AI_Training_Data\human_norm_vid\q_5977258.mp4,0
2.9801720650514594,0.07521775525899413,0.00040439092554152013,8.220144779266315e-05,7.7240626335144045,0.03474416374229937,44.8171745300293,2.6792918999510587,323.0633826306288,83.06559671284309,0.3274765589516792,0.17187641894756583,3.130428612116028,0.09036138000305267,0.00016165680717676877,5.2435805296269544e-05,7.73854513168335,0.02183849548982534,27.31307373046875,2.2110485137122304,114.29143932792756,40.91705056335894,0.2845761452753469,0.14706291890399312,C:\Users\Lee\Documents\AI_Training_Data\human_norm_vid\q_6000432.mp4,0
2.5050040401365297,0.01662002550006525,0.0014891126891598105,9.80551955770667e-05,7.834461498260498,0.030904975800198232,77.91641845703126,1.6267110764270893,1522.979397666498,114.34492276664959,0.4394876606427072,0.22543379411993072,2.7054624662937186,0.12036405689175364,0.0008723989361897111,0.00019015857727747634,7.865327835083008,0.015240438567093163,64.85624160766602,3.697601909498087,728.4986572600037,218.13761326362788,0.4722670022912622,0.23931732123142524,C:\Users\Lee\Documents\AI_Training_Data\human_norm_vid\q_6007425.mp4,0
2.3467706976486182,0.16560809026273512,0.005018806643784046,0.002111846247263066,7.863726234436035,0.028192345732088838,149.63455657958986,25.760899284304347,5127.770342106783,2562.5810734057573,0.748673039207995,0.3753694128428685,2.68150117370275,0.2463069771708877,0.003201807616278529,0.0022685481008193125,7.882572937011719,0.009080099126955642,131.60633087158203,32.984347826317375,2775.0548827509,2370.697190049086,0.7285505237262546,0.36582992059693664,C:\Users\Lee\Documents\AI_Training_Data\human_norm_vid\q_6007436.mp4,0
2.589109425060287,0.060227972443252814,0.0024115687236189844,0.0002969434277580459,7.750986576080322,0.022655046297022845,85.15494689941406,3.151320850421305,2180.2294687524713,295.0282214467924,0.2835660660629292,0.2338058760912885,2.694604675978861,0.07685291318508618,0.0013452366460114718,0.00024952799169944705,7.74383134841919,0.016012350461604038,59.3357177734375,3.6792372193558887,1096.876993453889,222.69485478973013,0.279758970531929,0.22084224600658964,C:\Users\Lee\Documents\AI_Training_Data\human_norm_vid\q_6031023.mp4,0
2.587996220672743,0.11567275502178036,0.0029241890180855988,0.0005214777470604334,6.298655319213867,0.39406619775077645,100.11101989746093,4.645484325270071,2504.2162049374274,627.5692875445408,0.43771041631886065,0.22214101764854433,2.818236857807546,0.1797165781105516,0.0014623343246057629,0.0006383837608878426,6.224274158477783,0.3894289905943888,71.21810379028321,6.664182397572929,1123.383102739582,598.6767063161051,0.4099696067131924,0.20778654253553933,C:\Users\Lee\Documents\AI_Training_Data\human_norm_vid\q_6109922.mp4,0
2.686028646330822,0.07431120434591655,0.00160090746358037,0.00018908746055560114,7.7841521263122555,0.015836698631333475,83.2815185546875,1.7626178464180167,1278.2252456873314,207.75717338084502,0.09597570180424282,0.051795047951028614,3.0067107751448354,0.11514407563334358,0.0005920432915445418,0.00015491506433073208,7.778948879241943,0.02167599808310752,56.72204437255859,3.1727115206700955,408.3766647316111,139.68518994386437,0.12283220124798737,0.06280256164370088,C:\Users\Lee\Documents\AI_Training_Data\human_norm_vid\q_6180894.mp4,0
2.069485745528984,0.11556950262951397,0.010716123133897781,0.0015323535910383961,7.891676902770996,0.023668539894529033,208.43351135253906,4.6635911160050005,12441.441054248167,2515.2439064014334,0.23107711892462707,0.12838704265514553,2.47354490633156,0.17581368725927246,0.006810352578759194,0.002464737498162942,7.927211093902588,0.014343936175736998,191.78188781738282,17.387624590478417,6130.394044707242,2862.881400819844,0.33469363439639466,0.17823991009348744,C:\Users\Lee\Documents\AI_Training_Data\human_norm_vid\q_6183974.mp4,0
2.480495527862584,0.008352517867958001,0.002017286280170083,0.00015770726788155734,7.094249153137207,0.10156142947595323,55.58994140625,1.3866221932098985,2228.5699801814476,139.9619637126542,0.27791642343586087,0.13910265865449484,2.4505304009322595,0.09681400935682612,0.0014431744581088423,0.0002962904728368574,7.089783096313477,0.1055737811271621,38.616309356689456,1.5482484030237136,1840.988781369241,501.8070281428693,0.21287602054407442,0.10652253981272962,C:\Users\Lee\Documents\AI_Training_Data\human_norm_vid\q_6186132.mp4,0
2.736946547316299,0.02154326269587244,0.0019345255801454186,8.829047941073811e-05,7.632410049438477,0.05516472422061256,80.2708724975586,1.7443229350229668,1572.9803743647092,84.45424284993524,0.5263753231587165,0.26467367692376653,2.972647565370231,0.05571905823149497,0.0007393888547085226,0.00010426189697321869,7.627305412292481,0.04764125340039966,51.119815063476565,1.8095443361644985,537.9170657048619,98.74588762878358,0.4558300650256669,0.22913768099424614,C:\Users\Lee\Documents\AI_Training_Data\human_norm_vid\q_6195673.mp4,0
2.81645491671741,0.16163378465718398,0.00118115006480366,0.0003067815495547876,7.220582485198975,0.22614991212996205,79.29433746337891,5.690465443886936,994.2052987753784,344.9077756177642,0.3515260879930904,0.18542401914750228,2.865370531215882,0.2538941392183474,0.0006247021054150536,0.00031638486468991186,7.2149560928344725,0.2480062058943353,49.76634674072265,5.076951471063591,544.0557898632436,332.88416015346706,0.34397719177440267,0.17834789970145135,C:\Users\Lee\Documents\AI_Training_Data\human_norm_vid\q_6200869.mp4,0
2.7763888000284163,0.06644320225617592,0.00034558569022919984,0.00010273005766167616,7.603221702575683,0.08185935215156126,35.51854133605957,4.8534557064454455,322.79260042860244,96.07987853530435,0.17918271921514764,0.11009514678182043,2.7915849653159075,0.14270080558163187,0.00021293388126650826,7.472821636471811e-05,7.575819206237793,0.09526946835451529,26.476894760131835,4.235368265668834,185.82385026588344,68.0063831272968,0.17288801249342348,0.10149829103504882,C:\Users\Lee\Documents\AI_Training_Data\human_norm_vid\q_6200896.mp4,0
2.557957389221304,0.14239806643962,0.0009850509697571397,0.00016607154489081563,7.602893733978272,0.0980635723347484,56.46492385864258,1.9645586509279003,936.1405615551633,214.87824279592405,0.4333461599571592,0.2169864541750771,2.872057879551563,0.1908567183543626,0.0005120981717482209,0.00016217079979996205,7.60313777923584,0.0930409454752332,45.07887344360351,3.75297130531319,386.9834757324417,148.01449644418938,0.40420921847337005,0.20227482678529846,C:\Users\Lee\Documents\AI_Training_Data\human_norm_vid\q_6200897.mp4,0
2.398266518896038,0.07498904070200159,0.004254665458574891,0.0009173285975074542,7.700199127197266,0.1449401664972072,123.4246841430664,10.032122058337567,4270.162031162833,1193.0592240415406,0.7035441741890365,0.35234421800163185,2.686807766860656,0.16032233024519385,0.0024266331223770977,0.001260683250985723,7.6998895645141605,0.14572768736155678,97.7268310546875,13.154820903438033,2072.4845235951934,1346.6720580710128,0.6547017877414567,0.3282750717065724,C:\Users\Lee\Documents\AI_Training_Data\human_norm_vid\q_6220836.mp4,0
3.11443355432517,0.10459556157297138,0.00037216478085611016,0.0001586996930964248,7.711503791809082,0.03156353377846827,50.34672622680664,6.995579134124607,258.30553857580685,127.38100502219072,0.5630089051125259,0.2845784254266231,3.184769216794207,0.11589747667249993,0.0001249839289812371,7.46754411848369e-05,7.708427810668946,0.03228159804260065,29.774950790405274,5.109350181570527,90.38559560809814,58.531627692193034,0.46525585910127576,0.23443287304513166,C:\Users\Lee\Documents\AI_Training_Data\human_norm_vid\q_6263477.mp4,0
2.3352218952203296,0.04565857387333021,0.0013968667946755887,0.00042809962937474176,7.823423957824707,0.029494465568892004,61.34125900268555,4.9989546121466235,1677.3560053605445,493.92405118207046,0.19655928227983113,0.14057195343710677,2.3330050888588865,0.0870983412089282,0.001395863271318376,0.000567601045016008,7.853268432617187,0.016111166014379546,59.00019836425781,6.055608057932587,1469.6440497937954,662.5561811966763,0.21203432567975727,0.15590522307139368,C:\Users\Lee\Documents\AI_Training_Data\human_norm_vid\q_6350207.mp4,0
2.951244057796378,0.08209634838354016,0.0011699478491209447,0.00021960455122387992,7.69964370727539,0.042635481947781474,90.73638916015625,3.2158341601731313,838.0850930710601,209.0471000789282,0.6345279813084874,0.31765205614440034,3.2735888899864483,0.05974552530403342,0.0003373450104845688,0.00010104686544416648,7.705089282989502,0.03440246994711303,57.44928665161133,3.570953073749095,198.00757544934035,62.4349632309863,0.5676124643409729,0.2839418745063885,C:\Users\Lee\Documents\AI_Training_Data\human_norm_vid\q_6412357.mp4,0
2.4095758223342676,0.038196107534561034,0.0013272065669298172,0.00014528345273978396,7.6542840003967285,0.06543221555270036,58.870809936523436,2.424897289179399,1527.114220481058,206.2115501348542,0.5085712626096901,0.2573787928726891,2.7478587555790526,0.11051683258170095,0.0008662590989843011,0.00014514945611719798,7.661902904510498,0.04962266018453259,42.555310821533205,2.0069079731011255,696.3491978951076,159.1154202985335,0.4190873065375498,0.21186498267049128,C:\Users\Lee\Documents\AI_Training_Data\human_norm_vid\q_6475057.mp4,0
2.749286815556945,0.08924174624835636,0.002399161737412214,0.0003426355523900357,7.948276805877685,0.026803283260154978,125.0626937866211,3.4500169116805135,1783.0785862351106,345.2558332883797,0.48643154705290803,0.2929214970615634,3.1779385595367584,0.0541009325500057,0.0007512178155593574,0.0001704467372087836,7.9421991348266605,0.025777006264271048,86.16524810791016,5.990088212818616,447.28114536068387,103.59797316600377,0.5198284597191619,0.2864591949429618,C:\Users\Lee\Documents\AI_Training_Data\human_norm_vid\q_6503162.mp4,0
2.5910215833545984,0.018022494181510293,0.002970209997147322,6.022207270054708e-05,7.770376205444336,0.05513194043914807,102.86509704589844,0.733443381850505,2280.2849909281613,65.27165541929726,0.08213906339830179,0.043442258283788254,2.815937990311361,0.10365008053773564,0.0013633927330374718,0.0002220121713985153,7.771417808532715,0.04142567361067944,71.27377777099609,1.7158890424680762,958.402588611689,204.84115661543382,0.11987437229032982,0.06440513051834555,C:\Users\Lee\Documents\AI_Training_Data\human_norm_vid\q_6549649.mp4,0
3.093166498870839,0.04706308153764797,0.00029893036116845906,4.286333926962359e-05,7.884213066101074,0.03262032419529657,42.430389404296875,1.3506787970965877,200.36130821849682,35.72931531494856,0.23919057080875833,0.15168026322468264,3.251545404236335,0.04315021516927267,8.774910820648074e-05,1.7224317490692827e-05,7.899138164520264,0.0075839339577666275,24.895334243774414,0.9468484597320194,57.68388874335018,12.731857424951762,0.20262878009024848,0.12135963098816252,C:\Users\Lee\Documents\AI_Training_Data\human_norm_vid\q_6550670.mp4,0
2.8960516730697776,0.07361639384708378,0.00041243851301260294,3.276449662592847e-05,7.0204565048217775,0.19196506909534003,45.594557189941405,6.163084147313571,348.0997285247878,38.38932054392667,0.5442151924477306,0.2771732567142884,2.921723127482853,0.08692893998798887,0.00019472236454021186,4.078849531312813e-05,7.018095970153809,0.18732092449213542,27.333280181884767,3.6426774682375087,162.04406389796506,43.7764523805382,0.43663331641728265,0.22480658252706556,C:\Users\Lee\Documents\AI_Training_Data\human_norm_vid\q_6580067.mp4,0
2.8416912186316794,0.09262235968930377,0.0004225830954965204,5.7148352173872254e-05,7.375606060028076,0.06206168537057329,41.329857635498044,0.38133444217806695,333.55114273089305,72.38278455122328,0.053795774066027466,0.03333917916565207,2.8969182073701543,0.2238072540770069,0.0002152269589714706,9.195759582437786e-05,7.360112094879151,0.07307562862363412,27.89094772338867,1.8313787882969974,175.33648245566104,96.12996370247834,0.0821793364801607,0.048287257639195384,C:\Users\Lee\Documents\AI_Training_Data\human_norm_vid\q_6584451.mp4,0
2.27343045850552,0.09243414319481613,0.0053441223688423635,0.0007491598890904916,7.848765182495117,0.03991923475678392,155.4836853027344,6.787158579376303,5682.594380970595,1067.7647500730623,0.7056373401269338,0.35379267432439393,2.529886344301728,0.18361703013476272,0.0037545444909483196,0.0010902055289470384,7.836299800872803,0.029843518405848993,137.2197463989258,12.329962365483459,3356.771525396913,1185.124283291886,0.7069476936396544,0.3541123301308717,C:\Users\Lee\Documents\AI_Training_Data\human_norm_vid\q_6613626.mp4,0
2.3775332552101998,0.07036915470873188,0.0062946786638349295,0.001753505583628815,7.934748268127441,0.026730050633366347,172.88943176269532,27.831525333520222,5883.93204191421,1736.0232827388807,0.7606445058672413,0.38055500261714914,2.8237722209624594,0.10132762085837839,0.0029019103851169346,0.0009805065890504793,7.943701171875,0.02530337021580594,137.17459106445312,22.74623933130461,2124.7353202965537,773.088141075555,0.7389104120398601,0.36998934002502837,C:\Users\Lee\Documents\AI_Training_Data\human_norm_vid\q_6624891.mp4,0
3.092653338424976,0.047857870459071895,0.0002876355167245492,3.4381179586935026e-05,7.880605316162109,0.009554071135624868,45.235137176513675,1.9764985854808743,222.74565880054766,37.06844890717228,0.5071739058635513,0.25554811000395916,3.301949396811728,0.02412967181433039,8.822014060569928e-05,1.709788420100559e-05,7.87808895111084,0.006990023304344767,27.453052139282228,1.63754281148555,58.24008347479088,11.518409645559288,0.3991897558156186,0.20049751852375175,C:\Users\Lee\Documents\AI_Training_Data\human_norm_vid\q_6686404.mp4,0
3.098487894655074,0.06160659355558968,0.0005367757519707083,5.572303145103227e-05,7.757162189483642,0.03250426261590068,62.69317855834961,0.48330763561631007,349.69869970795116,50.98763457694255,0.24727589590161383,0.16610049179357625,3.33394588601798,0.05865050853974451,0.0001411119432304986,2.4088695910894913e-05,7.764303493499756,0.018122544836959843,35.292982482910155,0.510500636524061,84.92880918331272,19.154890159640797,0.22928944111888452,0.14562856462695326,C:\Users\Lee\Documents\AI_Training_Data\human_norm_vid\q_6764602.mp4,0
2.7877526845435807,0.06767072088230057,0.0007683386793360114,8.995004422294167e-05,7.178914642333984,0.041017689915682345,54.0501823425293,0.26242847554076487,673.8715798591219,108.90504491605844,0.3890439082848941,0.20449520021554968,2.944817364248974,0.13288971527438495,0.00035620595153886827,9.80497907342851e-05,7.178735828399658,0.03517392894580393,37.161112213134764,1.5991076524449874,290.2506114761918,102.83929352964697,0.35605566902177543,0.18272858348565388,C:\Users\Lee\Documents\AI_Training_Data\human_norm_vid\q_6860452.mp4,0
1.9484764064294058,0.10503418391659962,0.005019010324031114,0.0009597406266072849,7.727353858947754,0.020031110795419766,114.36487579345703,6.51190307433147,6626.469344127002,1546.904662361916,0.5189186666182002,0.25971538710543624,2.1025911231189296,0.17727873186611592,0.005813390435650945,0.0018931320199196224,7.77454719543457,0.027666699470205575,131.98377532958983,17.998551441482892,6304.03482535319,2259.4993779278534,0.5649738861181427,0.28265483299913013,C:\Users\Lee\Documents\AI_Training_Data\human_norm_vid\q_6900954.mp4,0
1.9276359504692784,0.0019323831062880484,0.01027680914849043,4.253409654612155e-05,7.899717807769775,0.024910150185214388,180.22923889160157,0.4542666429077483,13157.716091582392,55.0115390941173,0.012535174386116132,0.007455387966200377,1.989367946235128,0.0037559992267685214,0.012554421834647656,6.978347275967725e-05,7.9374744415283205,0.01695614847541608,204.3799591064453,0.37269490549344975,13840.164606045873,103.1502688851156,0.02645252648290286,0.015489844910170953,C:\Users\Lee\Documents\AI_Training_Data\human_norm_vid\q_6904288.mp4,0
2.586785362851678,0.01852149004941911,0.0016576907830312849,3.6966782069775603e-05,7.86127405166626,0.039926021006451415,62.59899063110352,0.4548901870421718,1342.9419032704016,43.28074511021158,0.059054964203034355,0.030802289420246695,2.6411274175114348,0.12216660417984725,0.0010187890031374991,0.00019970991664441506,7.881082248687744,0.025901537088778716,45.67243194580078,1.6969843760348078,796.2218132381893,200.50426756219667,0.07415813491468422,0.038451266293280204,C:\Users\Lee\Documents\AI_Training_Data\human_norm_vid\q_6911708.mp4,0
2.3938555012817924,0.04710915909101055,0.002017857553437352,0.00017023410173602242,7.849962520599365,0.033176727964329945,66.77721710205078,1.6542615526401803,1993.7004618504095,207.46916051134534,0.038258325090442045,0.01979715453633968,2.535255655060598,0.11211810560838016,0.0013446832541376351,0.0002712891954310996,7.874728012084961,0.027422966559202795,57.001791381835936,2.541075528331297,1169.657436657158,305.8667709604637,0.05943601529920504,0.032191308778978106,C:\Users\Lee\Documents\AI_Training_Data\human_norm_vid\q_6911761.mp4,0
3.062534406299443,0.07973240451291969,0.00020658730645664036,3.739388860953858e-05,7.340964412689209,0.10681621278337827,24.669798278808592,1.0931530412551609,144.514857043444,29.667225544575285,0.1269714680523854,0.09833679379729075,3.1333984139271958,0.14880272330809402,8.264303032774478e-05,2.7684273458842797e-05,7.3325494766235355,0.11402979594921618,14.800047874450684,0.4243395797852022,58.40672023737252,24.23758220603986,0.11372643009544241,0.0747179713890552,C:\Users\Lee\Documents\AI_Training_Data\human_norm_vid\q_6930644.mp4,0
2.777641016726379,0.06837239300733451,0.00118579767877236,0.0001372260952185585,7.803007507324219,0.003371840715950951,68.45466613769531,1.290977238848727,1020.5841558443044,162.14298672494385,0.3023274796595625,0.1781396147826115,2.998828154227814,0.10002644166762727,0.000507961364928633,0.00011513937402098031,7.801661109924316,0.008330417426395738,43.868987274169925,1.9884300120650154,384.47446100920877,110.51121949936429,0.28384072003517347,0.15915707337372909,C:\Users\Lee\Documents\AI_Training_Data\human_norm_vid\q_6951422.mp4,0
2.3268966222162346,0.1025185214476328,0.0008063085377216339,0.00011839462269683282,7.281884574890137,0.08950630383355528,39.064918518066406,1.206926143509563,798.6664945413773,157.22658277802293,0.18893938533808768,0.09473229982643042,2.548811929169648,0.15219814132239334,0.0005315461312420666,0.00014538734861927814,7.271807289123535,0.08976242230808974,32.6583854675293,2.6037492434825116,460.7048184097931,144.23522863909943,0.20978439696712706,0.10518588014113454,C:\Users\Lee\Documents\AI_Training_Data\human_norm_vid\q_6967145.mp4,0
2.962725270907883,0.05239555560572215,0.0008638248895294964,8.959740875360452e-05,7.923081016540527,0.0363015736740404,70.42365112304688,1.3519622742027946,629.7918171229987,93.13720593129939,0.5029787806256291,0.27112523653095977,3.1638431922083923,0.08998309797340963,0.0002751236665062606,5.91313989753078e-05,7.926871299743652,0.014599009683143331,42.295616912841794,1.1493534356100774,185.34336448580893,57.8298135441638,0.43277959620526135,0.22592949701239784,C:\Users\Lee\Documents\AI_Training_Data\human_norm_vid\q_6980689.mp4,0
2.174363957815986,0.1096650651609041,0.003676946088671684,0.0005565853984250543,7.789820861816406,0.022508517319548005,114.17025451660156,2.8050987591955345,4368.7079389291575,908.0360980893338,0.4921041869029835,0.24970863383033592,2.3306883308784387,0.21697519513041677,0.003240323578938842,0.001163592828045344,7.834598636627197,0.013507502381070397,109.84992980957031,11.736670958319252,3298.294296744373,1453.5874212983265,0.5079634075359328,0.25599316687818435,C:\Users\Lee\Documents\AI_Training_Data\human_norm_vid\q_6981380.mp4,0
2.660086268635698,0.09542123544011877,0.0019640228012576698,0.000277989110622918,7.912833786010742,0.02204254906458196,87.82906799316406,2.029819277898,1575.3643871127508,318.553924278516,0.08783455732634889,0.04688459738063844,2.8868753207435596,0.14283430380895765,0.0008793540764600039,0.0002830035533118042,7.928511905670166,0.006267067716154126,60.05597915649414,4.303497699976882,650.3770248750249,249.69308867200488,0.11350084862897696,0.05946375957690754,C:\Users\Lee\Documents\AI_Training_Data\human_norm_vid\q_6985427.mp4,0
2.398393677776018,0.12380361589562998,0.006323543563485146,0.001130439591304695,7.884035110473633,0.015646340042737922,176.54674377441407,5.573627518465446,6286.869144088662,1661.7420097058946,0.6918112013643304,0.3626781214686544,2.645503241333413,0.2356617223759016,0.00368922334164381,0.0016073497357518994,7.90574083328247,0.005543702430859247,135.94397430419923,13.519987620342526,3322.3320254229366,1873.1288448553933,0.703007294231187,0.3550945725211645,C:\Users\Lee\Documents\AI_Training_Data\human_norm_vid\q_6989019.mp4,0
2.067295257118052,0.11755507232325965,0.014267031103372574,0.0020209680116659652,7.624887180328369,0.03704602483871648,250.97286987304688,6.479630617942602,15432.22087630112,3072.794785151715,0.7843782985422167,0.3922092713295611,2.592760240022437,0.1642199286728838,0.00881761247292161,0.00258570685059728,7.4872723579406735,0.1137219442761069,237.76475524902344,22.983541180505945,7141.454372832272,2454.6447785502264,0.7816931649600324,0.3908742367550824,C:\Users\Lee\Documents\AI_Training_Data\human_norm_vid\q_7002255.mp4,0
2.845763376476495,0.1149926106713397,0.0002840297791408375,4.997988622921406e-05,7.5738935470581055,0.07690270721925113,42.262352752685544,1.3927025818104257,225.41260818938082,56.597780089428205,0.2816653278413178,0.19337505437715055,2.9503649975174624,0.20903211619626016,0.00013495213497662916,5.092562613657676e-05,7.591353034973144,0.05947091396064851,27.002367401123045,1.7605367162119123,104.72714316030245,47.77820475813884,0.2668696479804597,0.15934372707627836,C:\Users\Lee\Documents\AI_Training_Data\human_norm_vid\q_7042458.mp4,0
2.7291919581594315,0.08361920885046972,0.0017813434591516853,0.0002807486513900706,7.8952147483825685,0.032224569516154246,78.20164794921875,4.160774348906616,1436.6129493444976,286.5574527016255,0.3991270650124191,0.20065228592328538,2.941483894389396,0.1399775928761003,0.0008271914615761488,0.0002394401282993108,7.917241859436035,0.015036328831887566,51.122721099853514,4.171644048689341,591.2757012155678,199.77315995821328,0.37298230093061335,0.18726713769864844,C:\Users\Lee\Documents\AI_Training_Data\human_norm_vid\q_7092235.mp4,0
2.8580262791660935,0.04160756255554062,0.0026172359939664602,0.0002815288349839033,7.96080904006958,0.003116658101204875,135.38793334960937,4.918320278251754,2007.4729548060964,258.64698535178906,0.752906507708728,0.37648289031312004,3.1614522300771295,0.04522001433891238,0.000817668903619051,0.00014619723686569994,7.961216259002685,0.003906437722180694,84.31469268798828,4.788351952602463,533.7436643024505,95.89891409443145,0.6968386555118423,0.34851144362404457,C:\Users\Lee\Documents\AI_Training_Data\human_norm_vid\q_7116390.mp4,0
3.2475368755244576,0.03539307349811845,8.5593166295439e-05,1.4911128779392076e-05,7.905098628997803,0.03410051387618114,33.9861946105957,2.4381986965029667,62.667866413787145,13.970305214952457,0.49192043708132827,0.2640693434703789,3.297513061613837,0.02261711456510792,2.8068965548300184e-05,5.993919511557594e-06,7.926680278778076,0.012781995562868019,18.84157524108887,1.2702512405497433,20.73011220852575,4.301542734333289,0.37269161010179286,0.19910840542108446,C:\Users\Lee\Documents\AI_Training_Data\human_norm_vid\q_7116416.mp4,0
2.7035345466966914,0.13059401682624838,0.0013657084200531244,0.00021804635388979063,7.868184757232666,0.024204407249955477,72.184814453125,1.270789648911403,1048.8644369836388,234.5127120914056,0.3873712211709977,0.19432510875381737,2.963272541309823,0.19873434928536376,0.0006566997210029513,0.00024614468936439516,7.87367525100708,0.017332243478835697,50.536852264404295,3.324189981590931,451.57075493346986,205.53296633636717,0.3853494516631339,0.19299855483354572,C:\Users\Lee\Documents\AI_Training_Data\human_norm_vid\q_7189802.mp4,0
2.7632321784116662,0.024046154059984035,0.0009214130695909262,0.000123195276434515,7.771538352966308,0.027199203082818733,45.52906265258789,2.5247549768212614,721.5996550217236,109.98192495233245,0.3521140124611378,0.18030445787356017,3.120938858545333,0.034626583996735905,0.0003330743464175612,5.124413941373661e-05,7.763047885894776,0.030037583467666506,31.856121444702147,1.8089907319126828,204.3109911465507,34.506835350803534,0.3017015434610089,0.15287742175094599,C:\Users\Lee\Documents\AI_Training_Data\human_norm_vid\q_7189833.mp4,0
3.027466621515098,0.082397706202042,0.0003172523982357234,3.949238490822436e-05,7.864137649536133,0.07507197233433045,33.39326171875,0.8477114521718291,230.49526985765556,41.407907786177226,0.33975052671830674,0.17069434996004967,3.2481140363212817,0.09223702024913018,0.0001053963103913702,2.977885070536361e-05,7.85811824798584,0.07512173161311264,20.707107543945312,0.668607788316528,66.22693650538642,21.54957682797931,0.2653350755697336,0.13309468057694543,C:\Users\Lee\Documents\AI_Training_Data\human_norm_vid\q_7191503.mp4,0
2.8537940681330736,0.024931270731366077,0.0009436718886718154,0.00031478833747980586,7.888679695129395,0.031524065182685204,67.20786361694336,10.907698151318753,681.7563785326245,235.50717915628448,0.5625313126292412,0.2822639821304049,3.126071420149645,0.08578185179307354,0.00033489606867078694,0.00013751558686596235,7.902154541015625,0.015127976079489795,40.73707809448242,6.638461680848965,213.44109826828944,101.91026526009566,0.46790213671907804,0.2355100263123218,C:\Users\Lee\Documents\AI_Training_Data\human_norm_vid\q_7252276.mp4,0
2.431369562263048,0.02693394418100056,0.0047615842893719675,0.0002894741574849568,7.5581916809082035,0.07367409023870819,143.17356567382814,2.24014657141587,4110.768529835129,288.6690905666866,0.4599638931114386,0.29058006248412077,2.5633204373142564,0.06775914462801935,0.002848672214895487,0.00031943238623883597,7.413826847076416,0.09108002609680291,109.44947814941406,2.366811421456559,2379.3077011277264,374.91296805422667,0.5312760408620514,0.29784468791791663,C:\Users\Lee\Documents\AI_Training_Data\human_norm_vid\q_7332202.mp4,0
2.8003968666082284,0.16559248710502592,0.000591540482128039,0.00019588567439159118,7.824838256835937,0.022377016012310055,45.81035842895508,2.595441384810882,566.7207033025383,254.13337194938256,0.3540129882078138,0.17733427812536912,3.0175589889259657,0.2241818609709763,0.0003103761468082666,0.00019848125400665056,7.829984092712403,0.007389560529475978,32.273122787475586,4.639654930335047,248.91375672061298,191.84384989561073,0.3234159182411979,0.16174993458279488,C:\Users\Lee\Documents\AI_Training_Data\human_norm_vid\q_7432024.mp4,0
2.478844850713777,0.1029584528216431,0.0027857333421707152,0.0005005573989984596,7.803626632690429,0.023101614748303946,104.79434204101562,3.438296042946467,2360.5895469542106,526.4498057003623,0.3302917175837118,0.17295504701767145,2.6150938655188036,0.21984116691030905,0.0018427748931571842,0.0007364907090337561,7.816615581512451,0.005030684348824044,80.51584014892578,8.097732578771005,1466.9370722328279,663.4065810155682,0.3689021456133596,0.192896518817068,C:\Users\Lee\Documents\AI_Training_Data\human_norm_vid\q_7444721.mp4,0
3.038424730687173,0.07112067448693944,0.0002789778023725376,3.9122652957764886e-05,7.458551502227783,0.12486450871157037,45.943274688720706,2.2023333032632344,230.04164958249868,45.36669478757597,0.4818689932224321,0.24630874292692295,3.1609560222549504,0.09408095115153783,0.00010130035952897743,2.4833573817376493e-05,7.465011310577393,0.12699648682280879,27.00311164855957,1.5914489092252433,76.01226596295697,22.083683316800855,0.3965407723741567,0.201317176071042,C:\Users\Lee\Documents\AI_Training_Data\human_norm_vid\q_7456999.mp4,0
3.037491188565832,0.08948600955493739,0.00026867318665608765,3.364297557931195e-05,7.333094501495362,0.057504631590058336,37.02666549682617,0.5115708979249913,199.35167472902788,39.9992075520568,0.4135057601879429,0.2174841353776237,3.1706211767875314,0.13874589068278825,9.655354369897395e-05,2.9117245378769433e-05,7.334773445129395,0.05133591821541632,22.220694732666015,0.4417552712651839,70.10175511581801,27.874148896103517,0.33104055202087385,0.17178890753758078,C:\Users\Lee\Documents\AI_Training_Data\human_norm_vid\q_7534392.mp4,0
2.595164946614344,0.07019979897199254,0.00415755296126008,0.000390913616682611,7.886459732055664,0.02470046228133933,152.88197326660156,2.6621136037515876,3515.990357991235,487.77430361708883,0.5191541228963625,0.28443881333639687,2.9711159504844358,0.12688343079014944,0.0016438235994428395,0.00039318801814198037,7.910979557037353,0.008794160015961481,112.39645538330078,6.568168268168288,1181.5469690448451,390.88989133937037,0.5858206444041434,0.312180366054625,C:\Users\Lee\Documents\AI_Training_Data\human_norm_vid\q_7671201.mp4,0
2.8401933774891925,0.019730118351580395,0.0011031438829377294,7.958327638085782e-05,7.891407489776611,0.02620920373562225,82.16828765869141,2.4067956593099984,861.1418525801142,68.15574146001913,0.2178470317126334,0.11476660766575528,3.1199058472390164,0.05048038420575475,0.0003751263662707061,5.1212599820149594e-05,7.898427295684814,0.015062818971616293,55.74529037475586,2.315379066093922,247.38359794137835,41.74517395127269,0.25467952496106405,0.1346907669345869,C:\Users\Lee\Documents\AI_Training_Data\human_norm_vid\q_7671204.mp4,0
2.955286796581291,0.053354813414898436,0.000318174681160599,1.0358122108295903e-05,7.915837097167969,0.03220127496934929,43.107138061523436,1.6584803086325735,270.4297849870171,23.136500693875295,0.5152531803619216,0.25789917304935234,3.1610735151070184,0.13760923365303365,0.0001209958252729848,2.399431806925882e-05,7.933549880981445,0.008278100724186608,27.62444496154785,0.71273986929893,87.60832876325993,26.472801105760816,0.4062413703550554,0.20349595340327625,C:\Users\Lee\Documents\AI_Training_Data\human_norm_vid\q_7671496.mp4,0
2.9468900308808044,0.08071285332595572,0.001253297459334135,0.0001118522984946004,7.866920280456543,0.014230129248258507,95.1651596069336,2.8779651582154573,951.9326693942901,147.43368719502845,0.4709460684349101,0.26336424479690135,3.176676540498849,0.11376761712412936,0.00040677721844986083,0.00010676208916429054,7.858125972747803,0.021393255174201257,61.81291961669922,2.9634388584299347,278.3695591732186,100.68613545781236,0.4668437289056417,0.2500044701919857,C:\Users\Lee\Documents\AI_Training_Data\human_norm_vid\q_7671712.mp4,0
2.975797302314121,0.08005574580408041,0.0003791185677982867,5.5488404274647465e-05,7.714764881134033,0.03856701373891209,48.878903198242185,1.7984334166726264,305.8422954173581,58.82323569185249,0.4731370449551907,0.24387781522437837,3.175405151596652,0.12130902955202437,0.00013465704396367073,3.725637225054116e-05,7.727008724212647,0.012699221692030197,30.224580764770508,1.8417262884443846,95.41717395962944,34.39816285367027,0.37542253547822435,0.19112082569536595,C:\Users\Lee\Documents\AI_Training_Data\human_norm_vid\q_7672221.mp4,0
2.806833405072568,0.09433830497791092,0.0025799131486564874,0.0004294052644765772,7.896090698242188,0.034034359865435744,109.50959014892578,4.305200698753281,1809.1069683408707,368.02117440194723,0.4576033320277716,0.22961632099410914,3.1591872157103307,0.08587964902092983,0.0009401539107784628,0.0002511049360975642,7.9156928062438965,0.015584038751348924,74.63434295654297,5.942948924742781,538.1844929567958,145.61378098480898,0.4705005016193356,0.23585157496458847,C:\Users\Lee\Documents\AI_Training_Data\human_norm_vid\q_7706272.mp4,0
2.3372905127808314,0.05081931257871677,0.0036986392922699453,0.0004249752788367264,7.8740795135498045,0.02634887792858668,121.57416229248047,4.203715410607016,4024.9902988455715,516.4888417332259,0.5975014111344741,0.3075954818384972,2.471113317417693,0.08708171259654428,0.0026805873960256575,0.00043084956307609115,7.9060032844543455,0.006006323685715294,102.0546630859375,7.403273960942288,2545.882650388043,455.1902616155759,0.6083438868604185,0.3067422552447906,C:\Users\Lee\Documents\AI_Training_Data\human_norm_vid\q_7881177.mp4,0
2.5503236270252283,0.14885699885681455,0.001844568084925413,0.00035563788152593624,7.770645618438721,0.0025244211128722543,81.18499755859375,2.1307843529952235,1502.1998192706492,398.3677115388054,0.22910623029157415,0.17254441316345231,2.878791508936307,0.17626941544824284,0.0008720208192244172,0.0003223190987035048,7.765182304382324,0.008580710392219396,65.21534805297851,6.556609577187687,596.8270910149339,250.335847461886,0.2814669841590865,0.18998882508352272,C:\Users\Lee\Documents\AI_Training_Data\human_norm_vid\q_7881858.mp4,0
3.0414993347804,0.05567098878437712,0.0006585992290638387,6.957989947869978e-05,7.797224140167236,0.03424857140473168,65.74043121337891,0.581031953891844,500.7524616938537,83.3870154827275,0.23293864719902416,0.12853181990102935,3.201034082596904,0.07464795196889762,0.00021782162948511541,5.2717343133041454e-05,7.8005805015563965,0.0187130511808688,37.594956970214845,1.1482248744075663,153.12879880760664,46.76285485916137,0.2236657954641929,0.11796021145788285,C:\Users\Lee\Documents\AI_Training_Data\human_norm_vid\q_7970472.mp4,0
2.92639369200746,0.07026907746585213,0.0003174595884047449,4.294683048232007e-05,7.413464832305908,0.06098235416751881,40.54089126586914,0.5051721704838111,255.77504295376792,49.8185170770051,0.21891602872651444,0.13553685838923138,2.9509352459468614,0.15672345791192413,0.000158630360965617,5.052986654349806e-05,7.408708095550537,0.06769091629945426,26.997690200805664,1.4600079346252188,127.49848092179067,50.59406850502345,0.22237672901721997,0.1265160846174773,C:\Users\Lee\Documents\AI_Training_Data\human_norm_vid\q_8108759.mp4,0
3.0233096043071295,0.18148189902438613,0.0018124826834537088,0.0005800675374563294,7.709889888763428,0.040288059214432036,137.91306762695314,3.8379406815266273,1391.6603228808283,600.3319575911474,0.3292651435497862,0.332696381552118,3.1332020992775176,0.1803586348413435,0.00065720418933779,0.00033807310715874465,7.717262554168701,0.03400457873070084,78.95396575927734,4.8237641121981465,500.0005305518813,292.5269273358521,0.3331562032334515,0.3032477805025178,C:\Users\Lee\Documents\AI_Training_Data\human_norm_vid\q_8114996.mp4,0
2.3263074059099176,0.15136813450280373,0.0024432586971670387,0.0008114868422269407,7.916879367828369,0.012474327815824754,87.93932342529297,9.126232935610577,2646.0441837507838,1053.5695630419436,0.6123126051009534,0.3110192874745813,2.728161549411383,0.09585366573838831,0.0012404176173731684,0.0004770828825011344,7.920599746704101,0.014729555726987191,66.09916763305664,9.847171107932107,969.6721104887747,377.8622555823861,0.5612276930028581,0.2857640302252713,C:\Users\Lee\Documents\AI_Training_Data\human_norm_vid\q_8165476.mp4,0
2.495077399495451,0.035232088334721516,0.002512610051780939,7.005681599693775e-05,7.920481586456299,0.01853422816160097,93.59925231933593,2.6296500580381514,2685.340307074894,93.63899710408417,0.5826381235572161,0.2926243379403805,2.6628952528795793,0.13751859993572044,0.001462681544944644,0.00032392144611139383,7.935639762878418,0.012244190217799034,71.51407470703126,2.4479347417288597,1337.4093922256995,434.2686494977416,0.5403103635126408,0.2708550430388157,C:\Users\Lee\Documents\AI_Training_Data\human_norm_vid\q_8319613.mp4,0
2.5702975518666826,0.10269493531571312,0.0007879792596213519,0.00017001186377966276,7.87630443572998,0.03892531368833369,54.26856918334961,3.1419722920071873,803.0988242365202,216.2899250311654,0.36157307484356915,0.18083762000162001,2.673973804743551,0.2033255397464245,0.000581905827857554,0.00022341724162475556,7.8763707160949705,0.024237675991541367,41.85319061279297,4.305758008686752,512.7394232582321,235.27915271429,0.3462954294246655,0.17336865335631027,C:\Users\Lee\Documents\AI_Training_Data\human_norm_vid\q_8359419.mp4,0
3.108852859277897,0.09224911202444772,0.0005383996700402349,8.337641158766526e-05,7.883721733093262,0.026279451079803916,53.349954986572264,0.9393558197790937,370.98163624221695,84.88344675659816,0.36098680635657876,0.18631522475085985,3.2155686744110286,0.15995485564371256,0.00017447355494368822,6.206187312781216e-05,7.883227920532226,0.015785861357676064,31.13601951599121,1.1854409723138803,124.42423105248926,58.08655649502059,0.3062475921101336,0.15714923572647047,C:\Users\Lee\Documents\AI_Training_Data\human_norm_vid\q_8381580.mp4,0
2.330514711410229,0.01635767740921248,0.011897247098386288,0.00034891136576802067,7.7507635116577145,0.0337238014117068,252.90643310546875,2.5032869853638924,9753.359724951233,348.5478455310688,0.5231938121997284,0.2882696191800722,2.7921174267657842,0.031063118718544416,0.005263509508222341,0.0003604402170629006,7.7105425834655765,0.05155034800633415,194.2117919921875,3.047179846001895,3546.3377254966,284.6722224719785,0.595002585232635,0.3146077640555971,C:\Users\Lee\Documents\AI_Training_Data\human_norm_vid\q_854014.mp4,0
2.4142123918566716,0.12918570726982873,0.0022247515618801115,0.0005742430507061537,4.016463088989258,0.4864930578105452,41.28146667480469,5.575101882741729,1984.7105414860023,657.2369011013161,0.2698163195377622,0.14079520799324508,2.573225787213356,0.12662225770643953,0.0012052742997184396,0.00035162061222319166,4.019764995574951,0.5052026706261666,25.63469543457031,4.292923311113191,967.7998252895892,311.8632915206931,0.19241777365280383,0.10160782565958998,C:\Users\Lee\Documents\AI_Training_Data\human_norm_vid\q_855622.mp4,0
2.710368229470743,0.0878840114732249,0.0011414942680858075,0.0003830851464096095,7.676393318176269,0.09538291165486862,58.52162857055664,6.753966410005029,947.2298137639852,384.6616410905662,0.3034699399031,0.1614521780455654,2.698131715574143,0.11866485342618714,0.0008165974286384881,0.0003841272482481306,7.683364963531494,0.07089354218396317,38.01663055419922,5.458863080447301,653.347703212235,358.94454880138255,0.2389153947560506,0.1305831546946281,C:\Users\Lee\Documents\AI_Training_Data\human_norm_vid\q_855972.mp4,0
3.058009378231346,0.05133991208258605,0.00027071957010775803,5.593809105124717e-05,7.700081634521484,0.018380860180098116,45.68607788085937,1.4947634421775446,191.66201900583525,45.905535170650346,0.26287825073050497,0.15842246113392228,3.1916643709963424,0.040373287971986735,7.92697916040197e-05,2.146515737008688e-05,7.6975274085998535,0.018705491444532776,26.25287857055664,0.9217052215632975,54.93685958967044,16.532488895552046,0.2319668958872046,0.1300355021835756,C:\Users\Lee\Documents\AI_Training_Data\human_norm_vid\q_855975.mp4,0
3.1823045274189576,0.026532137539854225,0.00013003189378650858,0.00010879125295058311,7.710631465911865,0.08120296874419014,36.61609001159668,13.253909301052348,90.74056275420766,70.49372564415074,0.5690759143925963,0.2919999462465676,3.23273781425886,0.06510219481690808,3.86441219234257e-05,2.6314677354388622e-05,7.7219842910766605,0.07075418472316004,20.92526779174805,7.3190452929387995,26.989174062262634,15.854863220275899,0.4501807160127713,0.2365054974578726,C:\Users\Lee\Documents\AI_Training_Data\human_norm_vid\q_856304.mp4,0
2.1050632089809502,0.12014814291263998,0.006774997897446155,0.003074473741016387,7.828710269927979,0.01990859537190806,152.50416564941406,30.672749261402497,7905.077609773703,3786.177593865374,0.7200082144916176,0.3620305654942144,2.5297231814671584,0.07716870092677083,0.004955937247723341,0.0025836703300924475,7.790488338470459,0.040669726324138775,153.2884292602539,40.04368513150284,4051.05659852796,2140.870464143528,0.712589625129423,0.35869033029307484,C:\Users\Lee\Documents\AI_Training_Data\human_norm_vid\q_856677.mp4,0
2.30416608811204,0.1260391970833116,0.005640892731025815,0.001358489708471105,7.766754055023194,0.04117296504887897,157.1816436767578,15.048718552197935,5578.063083029092,1731.0689917536658,0.7242055206640314,0.36293662664394355,2.797456290127926,0.16527038347865466,0.002859935141168535,0.0011793690940253552,7.753563022613525,0.04959445858252507,133.2087875366211,18.341391728586267,2149.4737468279313,1084.9600898845138,0.6958953018138114,0.3489209884438094,C:\Users\Lee\Documents\AI_Training_Data\human_norm_vid\q_856982.mp4,0
2.8549880200912483,0.0378630321870572,0.0009181814617477358,7.137118441633014e-05,7.78656415939331,0.0237621525444555,68.65417938232422,0.9290462403249143,795.2257748370587,90.71429258630593,0.33037961564383894,0.18201074249664845,2.5985446197373943,0.1928973818182161,0.0011252963973674922,0.0004773337259336717,7.798144340515137,0.01018769855638506,47.49450454711914,3.131950848685114,1340.707503601873,644.2415913813504,0.35687650256313086,0.185766169535353,C:\Users\Lee\Documents\AI_Training_Data\human_norm_vid\q_8616900.mp4,0
2.838024453119835,0.07402750671434438,0.0018111759331077338,0.00020438709910056293,7.779001235961914,0.03060132294759463,93.1674575805664,7.340133748078582,1265.221719000287,136.1339232358957,0.6258774770765523,0.3132226678540363,3.110348580117029,0.07531512437118026,0.0006679714075289667,9.533597068534922e-05,7.810411739349365,0.020478682376397862,63.150595092773436,4.325260599507174,397.4586374059076,62.90168899299148,0.5713250043160996,0.2860930765370013,C:\Users\Lee\Documents\AI_Training_Data\human_norm_vid\q_8624907.mp4,0
2.8453973655966847,0.04644709557207461,0.0009715126594528556,0.00010541695285629455,7.828201961517334,0.016877018043538534,77.81006164550782,3.0883094208729776,762.0575098508632,105.17658623346948,0.6147531315737287,0.3083960181894823,3.035755155901529,0.06441941880044398,0.00036409879103302953,7.710308772581924e-05,7.837898540496826,0.007581818667430422,52.198089599609375,2.5915207080281664,260.8586123587639,66.90420732627025,0.556088153194443,0.27818701213875846,C:\Users\Lee\Documents\AI_Training_Data\human_norm_vid\q_8625248.mp4,0
2.7358160341033164,0.051023821891041606,0.0021021406631916762,0.00034805594149804874,7.8221635818481445,0.02279911820024911,108.4422622680664,8.480171883603523,1806.3213925302614,361.5334781467543,0.7034115248688996,0.352685499424873,3.0426497787419535,0.06946656786804006,0.0007702943752519786,0.00012694127415623807,7.83727798461914,0.008645658064002519,73.9566665649414,5.595859433531217,544.1520505520141,114.05123966677664,0.6494621734316838,0.3260294531520746,C:\Users\Lee\Documents\AI_Training_Data\human_norm_vid\q_8625424.mp4,0
3.1684531202102555,0.042241864649728136,0.00011928633321076632,2.1979481012901453e-05,6.087154579162598,0.033902769767766947,18.50539321899414,0.788524924435266,86.86219177912102,20.29908551149491,0.14882923162410458,0.08090082345407944,3.287597287388434,0.05345958372852057,3.6680279663414694e-05,1.0912745483676697e-05,6.079748344421387,0.03405402882234661,10.325100708007813,0.6064457393087588,25.25839926950988,8.704292342945978,0.11070670431514343,0.05915888752033066,C:\Users\Lee\Documents\AI_Training_Data\human_norm_vid\q_8680233.mp4,0
3.1393289971686777,0.05526119860640948,0.000320564117282629,2.7937785065309453e-05,7.837349700927734,0.027857626752980136,43.104913330078126,1.1364272157659685,205.77486654086724,24.211083022985076,0.3838064446839981,0.20154589371525364,3.3159508535610938,0.06059789442915794,8.781948708929122e-05,1.2580116239848344e-05,7.841326332092285,0.01822385660776345,24.10676383972168,0.5466412306205716,54.69237418298758,9.594297915125827,0.30502561340795153,0.158010016188658,C:\Users\Lee\Documents\AI_Training_Data\human_norm_vid\q_8705287.mp4,0
2.861585724002887,0.0782459883212478,0.0011855022050440312,0.00018175741836688581,7.915444278717041,0.009500818765239763,82.01676635742187,3.2830795697940918,885.6864047206943,186.84010209070289,0.4903750649258101,0.2730803388560173,3.1360973187735883,0.08683505564991695,0.00040126814565155655,0.00010963569188743863,7.911904144287109,0.013398688026199913,54.205682373046876,3.6445665624127423,258.8250400224726,80.92419071605937,0.48030659432736045,0.2537429750883582,C:\Users\Lee\Documents\AI_Training_Data\human_norm_vid\q_8891110.mp4,0
2.901394611254605,0.03168400438530088,0.001928445464000106,6.982888405854314e-05,7.812274932861328,0.009663238766824775,99.5467742919922,1.5040817927686774,1421.79265579534,83.23496252201802,0.11008627843719691,0.056742283656580635,3.1122096740581453,0.0486794570753958,0.0006912378245033324,0.00010244584503405018,7.811086750030517,0.0094648088583148,60.9481689453125,1.5593741566541457,452.4749041267179,74.09109608279967,0.11779678021228294,0.06077515863457022,C:\Users\Lee\Documents\AI_Training_Data\human_norm_vid\q_8926990.mp4,0
2.7813618438005254,0.020240100792171214,0.0007070401799865067,1.302050264241747e-05,7.834201240539551,0.024042230833219155,56.12033615112305,0.540721367444691,661.3929054851249,22.68304725614749,0.3788573416121048,0.191023671283398,2.949718380099461,0.09270476771608162,0.00035979911335743965,5.4627514976071474e-05,7.851385879516601,0.010578175927151767,40.74028549194336,1.248715479548548,279.74945700007686,57.93030623233214,0.37332661171844567,0.18795866699011937,C:\Users\Lee\Documents\AI_Training_Data\human_norm_vid\q_8936500.mp4,0
2.425545834695267,0.013399005616063206,0.0023300204426050185,0.00010022956124011523,7.725179290771484,0.03217109866894864,81.18464813232421,1.2410074849806583,2660.7966575493165,108.30601242047037,0.603587751314709,0.3018177567701561,2.82101253212097,0.06042423673741615,0.001307849888689816,0.00017481594727328798,7.7040526390075685,0.024150143101494978,66.80372772216796,2.6096304697828816,1046.7948011879039,180.03758258180846,0.5555476804260758,0.2778137071455991,C:\Users\Lee\Documents\AI_Training_Data\human_norm_vid\q_9008486.mp4,0
2.950559785051353,0.08625927382874053,0.0004809474805369973,6.0927924549129504e-05,7.89489631652832,0.008707087489529922,47.81581192016601,0.9972075802697647,365.64093106887447,65.62817358139121,0.0830159016572466,0.05561701267131918,3.136781511251397,0.11219642232888803,0.00016981656808638944,4.070450286843564e-05,7.896853637695313,0.0068645360145776265,28.91260643005371,1.1052949520521567,117.89846532805764,33.41755111500008,0.08860777540869529,0.051091976881493986,C:\Users\Lee\Documents\AI_Training_Data\human_norm_vid\q_9049301.mp4,0
2.0607198782926877,0.1080917771687864,0.007832463644444943,0.0013954075074876443,7.79160099029541,0.03221774463439846,130.56585388183595,7.679529051692342,9560.43018427819,2160.749249645948,0.49354008421237766,0.2472884572194959,2.2623661838916282,0.20756802706239497,0.007312283385545015,0.0027212378960421546,7.810701942443847,0.0131683319855396,127.63230438232422,16.62259665874959,7460.272483852049,3272.5912791613737,0.4889984176764477,0.24510195798340043,C:\Users\Lee\Documents\AI_Training_Data\human_norm_vid\q_905045.mp4,0
2.9108827204426095,0.16914923693780756,0.0009601207682862877,0.00047299992366390734,7.91323709487915,0.012815036754107867,71.19743194580079,4.400145777107677,789.8050461282915,537.5486962739375,0.5063269677810428,0.27447391943042193,3.1238682579457895,0.1968387298365343,0.00038590628537349403,0.0003601910084674983,7.915330410003662,0.010971064851080835,45.891448974609375,5.653704308827575,289.3904446773839,314.3104405313866,0.45281433287318446,0.23756442725076182,C:\Users\Lee\Documents\AI_Training_Data\human_norm_vid\q_9468762.mp4,0
2.4720623066648004,0.13216609701997914,0.0005213273456320166,9.583927033945593e-05,7.5262572288513185,0.11343747601577292,36.26502685546875,1.3028199813386103,528.3310424467375,131.24643038729985,0.2784010105224778,0.15110874697663332,2.83538754112576,0.1575597236207382,0.0002857618004782125,8.20982580946819e-05,7.512852954864502,0.11133908026426499,30.989500427246092,2.8946210012319606,217.06125314727493,70.60093482484363,0.28908038091491506,0.14770077421458216,C:\Users\Lee\Documents\AI_Training_Data\human_norm_vid\q_9894601.mp4,0
3.0036757343335707,0.04894145190528018,0.001931944815441966,0.0001899081529943053,7.941879177093506,0.02142444799958873,106.3872787475586,2.8244510545762043,1265.2679988374223,154.8328604948599,0.6133724909509145,0.31071875050397363,3.4179247000429718,0.04241918629480701,0.0004223639902193099,3.7936351334918377e-05,7.953703498840332,0.004211694062713125,67.82633743286132,3.238542835045904,217.25670499295285,12.803184557241403,0.5656564643647299,0.28423864866108467,C:\Users\Lee\Documents\AI_Training_Data\ai_norm_vid\19700121_0405_68f27ffe3ff881918d5d844dcd54fa91.mp4,1
2.910766191195895,0.020356000969234036,0.0007072170614264905,6.91252488078392e-05,7.74676923751831,0.05276035731831444,56.71541900634766,2.1178211122467068,514.3480227203036,53.14731712995563,0.4663157193629284,0.24139600172535264,3.280926285019956,0.024431626356807037,0.00019440737960394472,1.4990154129518177e-05,7.7640259742736815,0.03776296358120597,36.13527069091797,0.9556038069745916,114.99024747629889,12.455454098928957,0.40413522518068695,0.20714761136113927,C:\Users\Lee\Documents\AI_Training_Data\ai_norm_vid\19700121_0405_68f2a7b0a018819182d9a0d85470c1f4.mp4,1
2.8011065056996993,0.0751924163384784,0.001341671496629715,0.0002325014329431133,7.914400959014893,0.02791508222973875,75.72508544921875,4.669951444782123,916.7692513451332,182.78941308060305,0.06992876954492591,0.04191369657268464,3.2482869037380473,0.023516854411943008,0.0003729376883711666,7.878697034301326e-05,7.944201278686523,0.0072192181715581985,49.73108749389648,3.591339308172833,207.5554192303699,40.75082698868835,0.08620418031630095,0.04692382301963923,C:\Users\Lee\Documents\AI_Training_Data\ai_norm_vid\19700121_0405_68f2b2bee71c8191b3c2b4f86379f669.mp4,1
2.941111640082063,0.11223131177578058,0.00040908336522988976,0.0001357152336133289,7.380169677734375,0.16720470271369714,41.903255462646484,4.142997641726838,298.2593526737197,113.69324712102147,0.49695455246823317,0.2510808098267657,3.067993209307231,0.1288042143096257,0.00014992439391789958,7.145656792389319e-05,7.380468463897705,0.18109246874346802,25.416100692749023,2.842972342652031,110.39482221939167,61.30557409137632,0.37985382672826595,0.19322250819428202,C:\Users\Lee\Documents\AI_Training_Data\ai_norm_vid\19700121_0405_68f2eaa9a78c8191ae2c70ae0c24182d.mp4,1
2.9386226322208175,0.1767068658647861,0.000752041582018137,0.000216585236079073,7.610079002380371,0.12090178960778258,61.55623168945313,19.27809626838214,560.5800574220156,166.96676824938945,0.5406323282958954,0.34854774593732807,3.1602024649300384,0.14717559354865478,0.0002714437112445012,0.0001322830996859611,7.616185855865479,0.11715364436073786,37.706307601928714,9.842353515329297,180.54449051474708,97.75450072626809,0.4742843272638849,0.3046813181597155,C:\Users\Lee\Documents\AI_Training_Data\ai_norm_vid\19700121_0406_68f33cfd122881919e716d5b52cb10c5.mp4,1
2.8005320952578607,0.06806553641019167,0.000833651574794203,0.00010359608312177443,7.09779806137085,0.029189514766873526,52.065476989746095,1.728942617253484,640.8940382361336,102.60160776244163,0.43864707838808614,0.23005434140768288,3.011541892171987,0.10179834237116372,0.00030271655705291776,6.894690053535944e-05,7.099995040893555,0.02727164402071431,34.5863899230957,2.0651045229713767,223.54807817923967,63.42943863893273,0.3710870788186556,0.19252251448621388,C:\Users\Lee\Documents\AI_Training_Data\ai_norm_vid\19700121_0406_68f3ec848acc8191ba6f0072fa7a51e2.mp4,1
3.110764623828616,0.10320298032639941,0.0003503043088130653,0.00023471954852328852,7.754712390899658,0.09241904623124017,35.13623161315918,9.269678967768904,224.1889680728205,148.7864088256835,0.493968724710346,0.24725662493886552,3.2563184624602877,0.02496903109593292,9.612580251996405e-05,5.916637155536082e-05,7.782566547393799,0.07634411645335908,20.661379051208495,5.571710104931542,57.45807188575411,31.325920977412487,0.40455327593136736,0.20263667619357195,C:\Users\Lee\Documents\AI_Training_Data\ai_norm_vid\19700121_0407_68f3fc41d7588191b30bf008c52e69a7.mp4,1
3.0976278105738975,0.08257959921249844,0.0003260725978179835,0.0002509277420365077,7.869346618652344,0.04172589137199047,33.38846626281738,11.39327261714323,214.59673858547654,159.97660958096958,0.4936488233089443,0.2489943893219014,3.2402476649664016,0.06035351255729082,9.226383263012394e-05,6.549499150137499e-05,7.867919826507569,0.04173466152836406,19.55625991821289,6.962408040072669,57.14961622771621,37.03484977698249,0.3940301235351023,0.1993962399845979,C:\Users\Lee\Documents\AI_Training_Data\ai_norm_vid\19700121_0407_68f3fdf75bf48191924e2824cfa2b590.mp4,1
2.9793904223588843,0.11302484113390741,0.000707085500471294,0.0001525528461781443,7.782604217529297,0.052899506441359816,45.7149055480957,6.338499230083561,467.01612213190054,115.67077924705684,0.49145662946188207,0.25337101399873546,3.2135760019277355,0.06840058240517104,0.00019821942260023206,4.856049150107495e-05,7.776019668579101,0.055645942421902864,28.448683166503905,4.817882388637895,119.34175036417048,30.2165075296642,0.41123175521516186,0.2146875668880022,C:\Users\Lee\Documents\AI_Training_Data\ai_norm_vid\19700121_0407_68f3ff8318ac8191b0f9cf4572ab1c82.mp4,1
2.8152917798987143,0.09332586218041819,0.002614608150906861,0.001205790348727366,7.887282180786133,0.05294437886279026,99.26486053466797,21.407483696174953,1828.3797931440458,895.2074832160654,0.5797522774685031,0.3292849526142559,3.2111277448980324,0.051897711705574036,0.0007585467712488026,0.0003942601939828945,7.903623390197754,0.04586100707607313,63.85215072631836,15.364364094232895,442.8462786528183,230.70588215890552,0.5266957339842934,0.28833512996581456,C:\Users\Lee\Documents\AI_Training_Data\ai_norm_vid\19700121_0407_68f400eca524819187705b2723c670df.mp4,1
2.921853460218262,0.1034904759908222,0.0011091938009485602,0.00029372215211332357,7.658072090148925,0.06690419314659017,66.35380401611329,13.355458393699982,763.888755025403,196.01610001329067,0.5452623556068041,0.3025818964191307,3.219452301969267,0.11352415116245515,0.0003157386730890721,8.686970837284882e-05,7.656961441040039,0.06486909144116282,41.88302307128906,7.784584375447426,189.86477894074363,58.968918491906386,0.47899382165596693,0.26278746263112657,C:\Users\Lee\Documents\AI_Training_Data\ai_norm_vid\19700121_0407_68f4197ba54081919dd9411ba8a1efd5.mp4,1
2.553353823531557,0.06979263006454056,0.0012685720575973392,0.0001581089723654688,7.294965744018555,0.06723830833544517,51.74357604980469,1.6133167470762977,1016.389929503699,157.28451477184973,0.0720458427509637,0.05020395858712331,3.190257109944144,0.03430002219820777,0.0004269014985766262,8.228946816637013e-05,7.307654285430909,0.05868259984589126,38.248155975341795,2.5784771041058026,246.8338948187699,48.45936688102301,0.0793606458898117,0.04771985661591825,C:\Users\Lee\Documents\AI_Training_Data\ai_norm_vid\19700121_0407_68f42773f6888191aa1931035be9c642.mp4,1
2.7235747778147434,0.06305167183177325,0.0008907204493880272,9.523862002576382e-05,7.396266651153565,0.03195611269487371,51.84428253173828,1.2908212631752456,697.1190304406955,95.78916228609494,0.0687103565206922,0.04137156149168812,3.1585996114204264,0.04868306033598369,0.0003054167696973309,5.541381063857569e-05,7.403059101104736,0.020574862248307204,35.48296432495117,2.058530061911919,189.75683192253365,36.55295645693671,0.08088320668039314,0.04535196117412726,C:\Users\Lee\Documents\AI_Training_Data\ai_norm_vid\19700121_0407_68f429c931ac8191b145ee38e5ce0064.mp4,1
2.8888591999397577,0.06272892494509276,0.0010358202271163464,0.00018785653637102046,7.84151782989502,0.04461862056123544,57.70410079956055,4.688072641053893,688.5530903888391,132.88293248188765,0.44069766728403276,0.29475926527847723,3.200847613347252,0.06607048126609798,0.00030885069572832434,8.046983535145174e-05,7.848454761505127,0.05162680694641061,36.460719680786134,4.520267662992912,183.24400066800274,47.05933075616597,0.38675857021905585,0.2506297436757977,C:\Users\Lee\Documents\AI_Training_Data\ai_norm_vid\19700121_0407_68f42af085cc819187fed467b098ae57.mp4,1
2.925400081343537,0.07906115131384397,0.0007638106646481902,0.0003082227608625243,7.695963573455811,0.18056252173353338,45.23725547790527,10.3257624540571,545.1933766293974,248.13264451614214,0.43616102334711,0.25522587703756033,3.187528001958126,0.08853094883466626,0.00023449130530934782,0.00010223673589691891,7.69840898513794,0.1887720295597542,27.704114151000976,6.975238049879804,148.90819251410534,68.91403943304344,0.36860692925690125,0.21478027112015494,C:\Users\Lee\Documents\AI_Training_Data\ai_norm_vid\19700121_0407_68f432264c6c81918a79f0c2b47ad640.mp4,1
2.8247547939155617,0.06745263665114967,0.00012318865192355587,3.137893308781136e-05,6.8340067863464355,0.2588509240026724,18.92671928405762,1.718901781224359,104.57005736707416,29.271460883109885,0.29073407880621643,0.14678467822867997,2.916876654420048,0.11627984711571286,7.078514026943594e-05,2.557704385673364e-05,6.835241794586182,0.2698155195096201,14.715835762023925,1.9260907640138805,51.38427260228916,18.885992644975225,0.2178047793690073,0.11003256934541578,C:\Users\Lee\Documents\AI_Training_Data\ai_norm_vid\19700121_0407_68f43b567aac8191a8fd6010b6fd17af.mp4,1
2.9017361689757344,0.11943866633268604,0.001167935924604535,0.0005302128998227199,7.574348640441895,0.2867422284838289,70.77793655395507,24.747810948859737,891.9712070337757,401.99153885174263,0.624810227320354,0.3140809954399759,3.1374136722578756,0.10703113076385327,0.00037125311573618094,0.00017953809390366954,7.574840450286866,0.2901444109310991,43.133262634277344,14.87836362145546,256.4327075655564,137.256080331902,0.5286731948492066,0.2685081548612428,C:\Users\Lee\Documents\AI_Training_Data\ai_norm_vid\19700121_0407_68f4665e1f20819190f90ce9c52bef8e.mp4,1
2.7865173698057,0.2561403336965883,0.0015273488883394749,0.0010102760282247748,7.750306606292725,0.14957377732825386,76.02970352172852,26.101763972954032,1300.5574878789705,938.7266652112804,0.6327742925777764,0.3213806744657202,3.099230354897685,0.11225112286744107,0.0005600917997071519,0.00041880026904795545,7.761461925506592,0.16079947626719426,49.90255126953125,21.59304598782342,379.3868109187495,280.8544815895243,0.5475333038623833,0.28632217839124335,C:\Users\Lee\Documents\AI_Training_Data\ai_norm_vid\19700121_0407_68f4667df9008191883c52da95ea9315.mp4,1
2.9118321954780613,0.10952796680318927,0.00048778632772155105,0.00020156321441965725,6.500371360778809,0.5941072380011512,47.1379753112793,9.872500671354484,400.29364570006703,174.91749320508072,0.42813025775908764,0.26947627421258025,3.168184669631219,0.07012961949219203,0.00017820259745349176,7.50423293599086e-05,6.490675163269043,0.593001811679588,28.834832382202148,6.642054246827839,122.04319035445897,50.12197464526021,0.3748480139221102,0.24234751689931924,C:\Users\Lee\Documents\AI_Training_Data\ai_norm_vid\19700121_0407_68f472ea9e5c8191a23214548711fdf8.mp4,1
2.767166651609808,0.14131383818470653,0.0010020014189649374,0.0007509764375391545,7.7069295883178714,0.11860815898308498,48.186114120483396,21.314279387196102,815.6952734063053,658.5277279818254,0.543761993587491,0.2749691656810571,2.982910848448941,0.13901556857755054,0.0004178242408670485,0.0003031813211009624,7.72995662689209,0.1095705224514493,33.39438419342041,17.80381793835496,285.37583387972273,201.72353999265582,0.4628673081271121,0.23602882236536277,C:\Users\Lee\Documents\AI_Training_Data\ai_norm_vid\19700121_0407_68f48f74794c81919acf9c07d4effeff.mp4,1
2.9693743351329216,0.014778849258875935,0.0027483808342367412,2.219201050122295e-05,7.779474830627441,0.045586235252287624,91.6568115234375,1.141589545728387,1639.7946599732682,13.977315267869814,0.29152374355709404,0.14633646234770847,3.1854201685508796,0.028765339389763254,0.0006262830924242735,2.4032219726301176e-05,7.76881103515625,0.04625508864546402,58.20126190185547,1.3214327215223982,365.73305393074145,20.123222157688993,0.266035124457633,0.13377528951999829,C:\Users\Lee\Documents\AI_Training_Data\ai_norm_vid\19700121_0408_68f4f44340208191b94ea9ffaa77a2be.mp4,1
3.148381209117984,0.07252961746170417,0.0003480557177681476,8.206084271555577e-05,7.766735363006592,0.08080491819390952,37.52291259765625,9.2010760338609,220.6121803319683,46.420891966939045,0.44458463097445017,0.22724057455766827,3.288337655052371,0.07692274946653713,8.909264724934473e-05,1.929581984385443e-05,7.7757621765136715,0.0784391584054454,21.215214347839357,5.043901318790659,57.33279445057644,14.27107179407211,0.3342090300807769,0.17169900326050613,C:\Users\Lee\Documents\AI_Training_Data\ai_norm_vid\19700121_0408_68f4f56b3b248191918db3c751eb3405.mp4,1
2.545072160885237,0.31225701312485893,0.002619156107539311,0.0015247313575024873,7.870330715179444,0.03253018683124492,95.9566665649414,32.58467123709516,2604.952071466214,1753.6849343932897,0.5593724646773818,0.4413394909566291,2.7931448153135348,0.20747947068155023,0.0013233289544587023,0.0008914828341354295,7.8929798126220705,0.014573803323445827,68.2849952697754,25.697843364295515,1078.9025773464314,752.3570677254155,0.5170690771065515,0.4001219122867774,C:\Users\Lee\Documents\AI_Training_Data\ai_norm_vid\19700121_0408_68f524b36c588191a645e8b7777b8690.mp4,1
3.103508177956037,0.042726143046426,0.0012538838665932417,0.00041271115920739934,7.613476753234863,0.15958660860273044,83.10894470214843,9.362242242340603,778.9212227479254,236.6877706199916,0.6086772937414433,0.30471767904541414,3.325745053632157,0.03705849553723204,0.0002826942160027102,8.187084690112703e-05,7.6009321212768555,0.16398658296836024,49.442797088623045,7.117702891428585,165.96854748151492,52.740448972951754,0.5234975218013094,0.2624186167113463,C:\Users\Lee\Documents\AI_Training_Data\ai_norm_vid\19700121_0408_68f52f9fe2708191a4a239b247d8336c.mp4,1
3.181889367243315,0.03989077496284903,0.0009122080751694739,5.844129171552883e-05,7.342087459564209,0.049470136019331604,81.47811889648438,3.466986479712075,547.8465243217064,48.071733068900464,0.6449303595757582,0.32341780975628837,3.3527427199951405,0.03543042942494119,0.00020350659906398505,2.0994267258083986e-05,7.3174971580505375,0.06748646109845058,45.93315811157227,1.6755864653018604,121.64570983575315,16.897751911904294,0.5479204328253118,0.2750548949933223,C:\Users\Lee\Documents\AI_Training_Data\ai_norm_vid\19700121_0408_68f53c0b9ae48191b31ff25d9d6f8fcd.mp4,1
2.5845403874476864,0.08383850184276807,0.0009385693003423512,0.00018496229041965043,7.688534069061279,0.015464762697432726,47.632476806640625,2.639533679336153,933.3560289571176,254.30601228248383,0.4600837078685703,0.23066155301139843,2.8761522687392294,0.05661482481896501,0.0005264533101581037,0.00017273637774396607,7.703594398498535,0.01058152048287043,39.0040168762207,5.416013351234937,389.9942063411818,130.80916792571685,0.3996828836391014,0.20038194518212019,C:\Users\Lee\Documents\AI_Training_Data\ai_norm_vid\19700121_0408_68f53dfaa0e08191874ba9ea7f7324ec.mp4,1
2.574133111473345,0.012199190189660874,0.0013222455279901623,3.146753360459814e-05,7.376504516601562,0.04451012638644806,53.90306625366211,0.4308221460556508,1065.519366508262,31.869515005472586,0.09615438939119281,0.05149745463398695,3.2037741532852793,0.020374592030798663,0.00043971246923319996,3.460017683692484e-05,7.3898138999938965,0.047820416177176306,39.08910369873047,0.8908568101828304,250.29446638291878,20.754917484584652,0.09931397018838459,0.05189763559024366,C:\Users\Lee\Documents\AI_Training_Data\ai_norm_vid\19700121_0408_68f555c18db08191a3ac801f0965df12.mp4,1
2.689174250192281,0.05583772782251157,0.0010574661544524133,0.0001191141715740158,6.823609352111816,0.06833803238323516,52.04072723388672,1.8398711122303122,856.5713581111692,117.80485820077385,0.18279592391954672,0.1078756226071574,3.1283633371041164,0.053281764791123176,0.0003599061630666256,6.518753914119931e-05,6.823616409301758,0.06531846328243959,36.52269821166992,2.354060283210363,233.59215690226628,47.78811711542724,0.17254165004317631,0.09682644869768459,C:\Users\Lee\Documents\AI_Training_Data\ai_norm_vid\19700121_0408_68f567131e2881919ad1b1ac2fb67681.mp4,1
2.9952502262122334,0.05567526166801089,0.0015033665345981716,0.00039571040049090207,7.06254358291626,0.16798185789834516,69.4778549194336,14.10190355719741,918.3899655872399,244.3177874566827,0.4363057960629318,0.23976489143513802,3.269511975910884,0.049629036441615614,0.0003500176360830665,9.452102216503366e-05,7.063932132720947,0.1675808867413408,43.14157295227051,9.007889798470323,190.62565805791667,49.34600734892071,0.3828307635722707,0.2084216350279469,C:\Users\Lee\Documents\AI_Training_Data\ai_norm_vid\19700121_0408_68f56de7331081919ba986e386b7cedc.mp4,1
2.931847396806071,0.08181325437656672,0.002299301791936159,0.000990069046272192,7.5768561363220215,0.11146825478256293,106.50246124267578,22.413555687438237,1443.114326902201,630.9623494328455,0.669320897112969,0.3361993265275891,3.2594691998781884,0.012299468937531899,0.0005631625070236623,0.00023156025347143575,7.561604976654053,0.1098826043881489,67.87334594726562,15.560088099336205,310.39375269246773,113.1900663345596,0.6041797232933748,0.30380233270166374,C:\Users\Lee\Documents\AI_Training_Data\ai_norm_vid\19700121_0408_68f570d3ac288191993caf86e66918a7.mp4,1
2.6469965039254384,0.008829639484187017,0.0015788978897035121,1.6892145764572935e-05,7.817258644104004,0.018945236409832727,58.71397018432617,0.24547910443509766,1180.1085328252825,15.924863326067253,0.10256439144525913,0.053146287853074285,3.255585448017579,0.02238899244531414,0.0004409843008033931,2.263679792093421e-05,7.830861568450928,0.00454053608271578,42.57199935913086,1.2566589210558572,243.13949209199427,7.297322687467977,0.1066974317019856,0.05478348353823476,C:\Users\Lee\Documents\AI_Training_Data\ai_norm_vid\19700121_0408_68f5733ab73881918801adabeed3d96c.mp4,1
2.6517349640777743,0.014134447970190886,0.0012049393262714148,4.30213504163137e-05,7.583963108062744,0.020462437477041007,56.33080902099609,0.5984230328596508,958.1267742230133,43.862912422438434,0.11946007752072592,0.06279309751437358,3.1657194875270895,0.030479792156181885,0.0004152146924752742,3.88032921705579e-05,7.595392322540283,0.018409529991493076,40.698622131347655,1.1460946803882082,251.58055204209617,27.853499545055456,0.1259974596578278,0.0651051996686462,C:\Users\Lee\Documents\AI_Training_Data\ai_norm_vid\19700121_0408_68f57b3676588191a6dd62d059370ed7.mp4,1
2.7819687803315394,0.07217778906851449,0.0017207760130986572,0.00019257259665138727,7.846804523468018,0.016734361582729423,82.53547973632813,1.6519698268375202,1336.5444148609124,195.23525636671928,0.07626339081243907,0.03915776485542637,3.2242236114518725,0.04476314377019855,0.0005380940216127783,8.647776505245138e-05,7.832522678375244,0.021688714285923224,57.15721206665039,2.5584815882056797,325.1297477817846,55.746474411026824,0.11180012881359584,0.05662261139391388,C:\Users\Lee\Documents\AI_Training_Data\ai_norm_vid\19700121_0408_68f5814b9c1c819199f16b80573d4197.mp4,1
2.8000795536851166,0.011238187959034843,0.0008984725340269506,3.0699560591376385e-05,7.163315773010254,0.03568283688765039,52.14057388305664,0.7468002618558134,667.4112505133696,26.339337633371162,0.09618702792631025,0.049225199155294594,3.1640470163537704,0.03851171452047565,0.00028446943615563215,2.6939736139023817e-05,7.173958587646484,0.03522811151080639,34.35590591430664,0.8888053996865183,177.73053557812383,21.27771594292092,0.10010852797842792,0.05039712513399084,C:\Users\Lee\Documents\AI_Training_Data\ai_norm_vid\19700121_0408_68f5af4484ec81919b3ed40f844aa1f1.mp4,1
2.8657244388010654,0.05968793039825714,0.0006452001864090562,6.001581839850006e-05,7.693160533905029,0.04201922045888445,50.59043502807617,1.0463976781343935,467.5602600321872,56.132443285375125,0.16418184706049463,0.08596477318080092,3.147515288336679,0.06247926443834719,0.00021234464074950665,3.4782233369859204e-05,7.705237674713135,0.034810170883393846,32.94585342407227,1.425917022006676,138.59141423193688,25.755852000249856,0.1581693565557109,0.08101149307662858,C:\Users\Lee\Documents\AI_Training_Data\ai_norm_vid\19700121_0408_68f5bed8d3788191bdbe87be36924644.mp4,1
2.817192517037732,0.008423640151216012,0.0007392297266051173,2.2867923643791286e-05,7.648685359954834,0.024155399398039613,53.27424621582031,0.38117187854115603,551.9637968466941,18.7706197408235,0.15506147734764283,0.0822233898570531,3.0855326846551097,0.025156416566928567,0.0002568857540609315,1.728376518313198e-05,7.673465442657471,0.021499902639863813,35.29922714233398,0.6974949241300288,175.71658760544216,14.32637862624915,0.15503836879551053,0.08029233988113593,C:\Users\Lee\Documents\AI_Training_Data\ai_norm_vid\19700121_0409_68f5dfeb2d288191a2efb09fa86423d8.mp4,1
2.363882002525092,0.09747570458991345,0.0017775023472495377,0.0014516994597750979,7.840038204193116,0.062281736677978115,63.16445693969727,28.954746855009812,2101.847708352081,1870.0922933242207,0.3739640904402961,0.282221581298912,2.467099250084407,0.11721656185827664,0.0016625081305392086,0.0014916270365559182,7.749662971496582,0.11550288035900799,56.87075424194336,28.030159546085393,1627.2105516774398,1676.0742388074266,0.38669109343074415,0.26408361719910955,C:\Users\Lee\Documents\AI_Training_Data\ai_norm_vid\19700121_0409_68f5f08a22d08191866cf9be5e3e475d.mp4,1
2.470833390322177,0.14114975074401562,0.0018049521488137544,0.0009523290346863039,7.762366199493409,0.06168978007610311,64.85926132202148,18.581702428231683,1919.3306924676206,1124.3507708055606,0.5179862194438082,0.2684648609695913,2.907664949527792,0.15893404447313858,0.0009337214461993427,0.0007244908390764697,7.736972045898438,0.10281083605067036,49.815755462646486,18.685031218411535,721.2260643803858,627.4921247633406,0.45496791765719136,0.23554128748397216,C:\Users\Lee\Documents\AI_Training_Data\ai_norm_vid\19700121_0409_68f5f15e1d6081919028eee6c801b0c3.mp4,1
2.8253052437402393,0.061902382980059414,0.001071589393541217,0.00011598050777536801,7.493742179870606,0.020148925597933035,56.436160278320315,1.1871033210801456,777.6765939600313,107.54067175952017,0.12254821214823182,0.06350785202904219,3.2298193157245327,0.03584632439113962,0.00032643013983033595,5.474270117637787e-05,7.4994140625,0.019403351632344894,36.89583206176758,1.8105545630312367,191.3481771954585,32.8919476701217,0.12339958717007396,0.06327205458089627,C:\Users\Lee\Documents\AI_Training_Data\ai_norm_vid\19700121_0409_68f609ae8ba4819191d65301b0f4e1f8.mp4,1
3.1308739273698976,0.02781745362962811,0.00031879483140073717,1.6695016563694188e-05,7.661353969573975,0.027522770411088103,42.869493103027345,0.6997146299216452,224.25754659615023,14.349169166976026,0.15684555882624557,0.08182973959372866,3.2381298407031816,0.02443506790754606,9.372713975608349e-05,6.487420485976798e-06,7.683229541778564,0.00551936551164787,24.09620475769043,0.45681842134708495,64.16132850029979,5.466708072805259,0.13643348736982716,0.06969840555951841,C:\Users\Lee\Documents\AI_Training_Data\ai_norm_vid\19700121_0409_68f615b89d208191bd3dc3d6998d25e2.mp4,1
2.877603245555812,0.059260125823385426,0.0013522523455321788,0.00017987635140623184,7.871012878417969,0.02230713900619182,66.3874267578125,2.3130494503258054,965.6121848571829,156.57607491093745,0.2079421383410124,0.11230450663239665,3.2743225899087016,0.02013110372140938,0.0003821672813501209,6.114571887885328e-05,7.887545967102051,0.01620194666898133,43.466576385498044,2.6212970899687424,220.31163366666865,32.62144182400778,0.19714683118170612,0.10334985883264625,C:\Users\Lee\Documents\AI_Training_Data\ai_norm_vid\19700121_0409_68f63550b780819182f9c8f392a80c54.mp4,1
2.835529387350843,0.0482352697923651,0.0008255181484855712,4.8619608119484974e-05,7.196389961242676,0.05690401172567006,54.902794647216794,0.5817501064571997,601.1156060103219,53.61023364855347,0.15462046434425386,0.0867355492756907,3.112978638016997,0.05527541781985149,0.00026759343454614283,3.5152726324465e-05,7.219734477996826,0.059843721451959264,34.79299545288086,0.9619961965751072,176.9940795623732,27.76908169250769,0.1411258349026382,0.07783709605511992,C:\Users\Lee\Documents\AI_Training_Data\ai_norm_vid\19700121_0409_68f63b63d43c8191a78e6a1b8ccfa982.mp4,1
2.965354330728259,0.06354007792039236,0.000807004002854228,7.424640345388305e-05,7.585414886474609,0.048516537301534074,57.92856903076172,0.4489719179880727,565.6547607028799,74.58935372125745,0.13896937607530643,0.07744497928795013,3.294099999623891,0.03232614896332062,0.0002318907849257812,3.605569997449873e-05,7.595830726623535,0.04380827959535863,36.42908401489258,1.0776825301719792,136.11909742424527,20.949125858681132,0.13972894039610603,0.07569023603385086,C:\Users\Lee\Documents\AI_Training_Data\ai_norm_vid\19700121_0409_68f63fb075b881919fb03ac0b56eea47.mp4,1
2.6980170431513875,0.14535168557672043,0.0011117424117401242,0.0003471043924824071,7.842648315429687,0.025549362950087827,69.55993957519532,5.555436753374711,983.0300607119677,369.1755562957273,0.4560715479072942,0.2385883459202149,2.790755360999353,0.20944517372988017,0.0006579516717465595,0.00030065508156116195,7.8510332107543945,0.019819106663636742,47.05894546508789,6.537803486290722,570.8901353503675,297.5819816088506,0.4253547458374725,0.21501286364925976,C:\Users\Lee\Documents\AI_Training_Data\ai_norm_vid\19700121_0409_68f659bd0e888191a1993bd0c9536b6e.mp4,1
2.8235569896042927,0.09684252166124077,0.0022043117554858328,0.0007265142658399053,7.9368589401245115,0.03157602708300881,99.42589874267578,18.252610631355076,1600.758881156486,569.2122800307263,0.33971168285893044,0.24896576447446225,3.246210371156535,0.01528793116791103,0.0006171527784317732,0.00021301851220053192,7.946811103820801,0.016958774218751676,64.8647674560547,12.875292852821739,357.0403517838506,122.70681445100601,0.32175093763112894,0.21919570567577867,C:\Users\Lee\Documents\AI_Training_Data\ai_norm_vid\19700121_0409_68f68000c3348191b6c864485eec9696.mp4,1
3.044168230599147,0.11902407577323178,0.0006010181270539761,0.0002688824403155099,7.830656337738037,0.0426025458529885,49.128447723388675,9.780488898946915,403.39460521513854,204.167927139135,0.5407826490086203,0.2706580910300025,3.2352716100016097,0.06819932341147193,0.00016773776296759025,8.429396528287471e-05,7.8480630874633786,0.027457856590681954,30.730046463012695,7.745591091066189,104.72793341129861,54.07942583550858,0.45428472423334687,0.2280903677250129,C:\Users\Lee\Documents\AI_Training_Data\ai_norm_vid\19700121_0410_68f6c50a2a5c8191b06c3708e3afd515.mp4,1
3.1566900252190417,0.04071503847695506,0.00047241245047189293,4.783222321605964e-05,7.693126487731933,0.03005872955730536,47.15761032104492,2.228091642623463,301.2802900773553,37.86799083246705,0.38437901573668515,0.20058266416807205,3.2977417102180615,0.03063273745327914,0.00011837567290058359,1.4547830336440074e-05,7.692276382446289,0.031947544668873756,27.612572479248048,1.7713602963694894,75.63522683766023,11.070018142878233,0.3108547518368422,0.16146687017381137,C:\Users\Lee\Documents\AI_Training_Data\ai_norm_vid\19700121_0410_68f6c5775480819189f381baa6f4cf00.mp4,1
2.703870080750155,0.14047731664000318,0.002119639632292092,0.0009156115303914612,7.503243255615234,0.22282324487564423,88.28309020996093,21.263562596017547,1795.697252841212,871.2635890524997,0.6352589943720816,0.33485566127033933,3.0652136209139176,0.09689004341328286,0.0008089467184618116,0.0004554863610074027,7.4728062629699705,0.2675446533472591,58.37073593139648,16.914255321795494,560.387190746091,338.78604015004436,0.5708739008037101,0.30151230458540296,C:\Users\Lee\Documents\AI_Training_Data\ai_norm_vid\19700121_0410_68f6cb7d7e0081919ebfe07c0ccdfef6.mp4,1
3.0785592646522746,0.07274649048394354,0.0002816071093548089,8.189344714053163e-05,7.831467151641846,0.011399939221427707,39.83144760131836,5.035291860844833,175.28856907556238,53.83963588331417,0.34915472702319567,0.2163489555100941,3.2678691165872813,0.061668116521731334,7.083335658535362e-05,2.629395817584668e-05,7.832113456726074,0.02154321302545804,24.553776931762695,3.437390290170094,42.42994295065583,16.256393421987273,0.284922795957326,0.1680949380330628,C:\Users\Lee\Documents\AI_Training_Data\ai_norm_vid\19700121_0410_68f6ce5a19388191b2bd24c7df230a8d.mp4,1
2.7066515414295758,0.05806904414985739,0.0007057504146359861,0.00011072531899764294,4.921164512634277,0.024095097930165312,39.27828750610352,1.367725609652118,605.4112616439808,115.42346649416064,0.10512999810714349,0.06376746775466346,3.1395030791737897,0.030787482731974045,0.00024277355696540327,4.3567550449755544e-05,4.91187858581543,0.024308979614427,27.30626564025879,1.2633964807626454,158.4126355191818,29.489512028218332,0.10298412069702671,0.05905804292568418,C:\Users\Lee\Documents\AI_Training_Data\ai_norm_vid\19700121_0410_68f6d0df913881919fbd1bb6d290e733.mp4,1
2.9486233954244487,0.04605562487928472,0.0003538723161909729,2.8654461118822546e-05,4.944447994232178,0.041689707359650004,31.54883232116699,0.9743607190180329,267.68919864431706,32.32853463963513,0.0808176191664985,0.048807476860361035,3.2904505775985067,0.03044822906784132,0.00010247640020679682,1.3145460207341611e-05,4.948306941986084,0.035047159054656066,20.15934028625488,0.5908110314770263,62.37572347214988,8.438518626911502,0.0777757611711865,0.04473759968141184,C:\Users\Lee\Documents\AI_Training_Data\ai_norm_vid\19700121_0410_68f6d2ea17888191b234bee20f83e494.mp4,1
2.9243068624563677,0.0578074709801445,0.0004398154909722507,7.664512743179343e-05,7.316493797302246,0.07168961689520702,34.75757369995117,3.2163299833260517,315.5044853915967,58.38889891464355,0.37795973349159684,0.19392127767922815,3.2442602698991854,0.07717590038772591,0.0001234575276612304,2.3217991448382033e-05,7.325655174255371,0.0789554928245171,21.846886444091798,1.965223103516169,76.20545356183626,16.36979944517863,0.30314480031682206,0.15602289222505308,C:\Users\Lee\Documents\AI_Training_Data\ai_norm_vid\19700121_0410_68f6d6b7ecf88191988fe09a3712f2da.mp4,1
3.050103671828339,0.05917911643760342,0.00041327773360535505,5.465640186811514e-05,7.812341117858887,0.04299650635865833,46.37472763061523,2.287097740801131,294.1230005652533,45.311905011318785,0.26774908776859047,0.14154612519678844,3.246343534046916,0.06329566549828268,0.0001234167953953147,2.2378936996544656e-05,7.825089645385742,0.028290626869602035,27.477488708496093,1.5324054118838137,79.70313449899973,16.794724299821787,0.23051629114386066,0.11980127484460167,C:\Users\Lee\Documents\AI_Training_Data\ai_norm_vid\19700121_0410_68f6dde865388191b973b9688d192b5f.mp4,1
3.1043024953442755,0.06188010518858888,0.00044139856472611425,6.138586892767475e-05,5.858937740325928,0.4070701435515107,34.62639617919922,0.3051449419842633,297.97157739265595,57.946100530226374,0.3451363420512818,0.18616868613732282,3.0742142897407168,0.13626174242072048,0.00016680756234563888,4.4134216514034574e-05,5.854302501678466,0.4048375673046902,20.529620361328124,0.2594597792919639,125.13055407354746,40.63077324523085,0.2862837725697947,0.1565898751512609,C:\Users\Lee\Documents\AI_Training_Data\ai_norm_vid\19700121_0410_68f70783cf4481919258cdc3f4da5b1b.mp4,1
2.9695112874091967,0.07321268594529613,0.0005406342737842351,0.00028449969743231726,7.861020278930664,0.02898104824561588,46.85178985595703,12.47068276139899,355.68612016310317,187.83809605756608,0.382534301315121,0.22424112438367494,3.2402877746105005,0.05754588165312359,0.00014457563229370863,7.75624812855169e-05,7.881379890441894,0.004038676195482364,30.085836029052736,8.493900375422866,85.05482461828987,44.53465209738687,0.3209252978463926,0.18386436430452657,C:\Users\Lee\Documents\AI_Training_Data\ai_norm_vid\19700121_0410_68f7393f3cc08191a4c19dc7c8b51bb6.mp4,1
3.044039628973545,0.058876148972773795,0.0002333714539417997,6.145455319796949e-05,7.668808460235596,0.04164022740166867,36.58395767211914,3.6401619125307643,176.40786887894612,51.18371976156451,0.2769559018740892,0.25357356624381044,3.151537000324729,0.08740628529537704,8.33411279018037e-05,2.3402533764049782e-05,7.691994667053223,0.03619312900606522,20.685187149047852,2.0195605002897223,58.96452772741279,17.2773207892532,0.22240882616550012,0.1951212473624198,C:\Users\Lee\Documents\AI_Training_Data\ai_norm_vid\19700121_0410_68f73f3fd7a88191a35f70e32a63dd51.mp4,1
2.795184460116964,0.13312203126685698,0.0016600112692685797,0.002400203473684441,7.5506986618042,0.3275419799579615,66.11452865600586,58.50255339314075,1261.6599140741216,1798.463857284029,0.63231367248759,0.33702882441610765,3.1166994279041877,0.13725511699164855,0.0005474395002238452,0.0006164240753683582,7.562692165374756,0.32215551640546025,45.58388748168945,44.48064706878648,324.77905372815115,316.04570810811475,0.5603813712025177,0.31819925580708897,C:\Users\Lee\Documents\AI_Training_Data\ai_norm_vid\19700121_0411_68f7aebeb734819191ea82975ec7c751.mp4,1
3.066282760028561,0.09659302166988419,0.0004237192566506565,0.00014136813789920964,7.893630886077881,0.05022082559623059,43.25138702392578,5.845782173179309,313.5725710832926,112.18449306969055,0.5444941527669631,0.2816999286221703,3.3026904795263454,0.03889495076101292,0.00011857194622280076,4.037442863181019e-05,7.911630249023437,0.033030960458541606,25.922683715820312,3.4150218193055064,73.44290945968694,24.72045642792495,0.44714214390016893,0.23477054031764258,C:\Users\Lee\Documents\AI_Training_Data\ai_norm_vid\19700121_0411_68f7b03dd3f0819195ed8f467aae61cf.mp4,1
3.027296361766082,0.06404916400727877,0.0009298122022300959,0.00024083067249773993,7.805785465240478,0.01644292465542758,61.527767181396484,12.410706504893463,609.204781675275,158.86435780232142,0.372507272208931,0.3233352709936011,3.2542447219246364,0.07765528001166734,0.0002620526705868542,8.576016318324307e-05,7.805651378631592,0.017266391569912203,36.87111396789551,7.359470117229592,160.2250085860531,55.809912266398506,0.32449236800173387,0.2615801804411863,C:\Users\Lee\Documents\AI_Training_Data\ai_norm_vid\19700121_0411_68f7bd09381c8191940a7edb21add89c.mp4,1
2.3806684168006256,0.09499084022094821,0.007143310084939003,0.0011146522101068634,7.688484764099121,0.0569382186602187,154.02215270996095,8.824888455301073,6443.361839597403,1212.343421468932,0.10717601178532574,0.07252030702501298,2.7850695314284417,0.1370659618200599,0.0034865353722125293,0.0010632202972531153,7.59814338684082,0.13503202750663,118.92785186767578,11.265157031598415,2569.5974533052013,913.7253428924237,0.1445978448234861,0.08528227244758418,C:\Users\Lee\Documents\AI_Training_Data\ai_norm_vid\19700121_0411_68f7c843cba08191806f08d7cd707e76.mp4,1
2.7205039142495173,0.16407215495324032,0.000518346019089222,0.0002427069363683548,7.256006145477295,0.5151665508230916,37.54446525573731,9.162982612587601,484.48320641067187,263.11906774128477,0.425362022800649,0.2729398766799908,2.7535836568645333,0.2581936589720304,0.00034385019534965977,0.0002550577484529949,7.235042381286621,0.5180047440497685,26.879232788085936,9.210267278296238,321.7528872288991,265.9165528575446,0.366259442158264,0.22363009937031014,C:\Users\Lee\Documents\AI_Training_Data\ai_norm_vid\19700121_0411_68f7c86ad4b4819197034849bf2fdbf8.mp4,1
2.9852614823732178,0.1357302188651361,0.0014529729844070971,0.0006869649667677061,7.788956832885742,0.0990149858562969,83.08064727783203,16.18383892847436,968.9859280815441,466.5832990898906,0.27579933293431763,0.296543540040076,3.2035608532840185,0.1580949214832598,0.0004503665346419439,0.00026465462738966427,7.787764358520508,0.09802881333773518,52.300289916992185,12.772556404043254,270.76366632160074,159.28942494161373,0.25293825333708914,0.2560243304710093,C:\Users\Lee\Documents\AI_Training_Data\ai_norm_vid\19700121_0411_68f7c90899388191897544f522527ca1.mp4,1
3.0516771897845087,0.10072923866247463,0.0008791118452791125,0.00023343461105644348,7.738122844696045,0.08053406473632996,63.717105102539065,3.223303957266884,594.692249358311,164.87367860040308,0.5151534026914968,0.26773813942856867,3.2252234718433703,0.0707288167594523,0.00025463332567596806,8.047435941978716e-05,7.7505487442016605,0.06206986606539003,36.98808364868164,2.2282549402929517,167.85393494063538,56.35605845902608,0.43145005837810163,0.22508309926005038,C:\Users\Lee\Documents\AI_Training_Data\ai_norm_vid\19700121_0411_68f7d8bea308819195610e332957ba99.mp4,1
2.5047682572643635,0.08460956098111753,0.000960929982829839,0.00016805892795822186,7.696022319793701,0.05887592350188205,42.398119354248045,3.0370778613420013,877.6299716836489,181.51866246332307,0.12862312630356962,0.08687975144378322,3.140868773165385,0.032632626636937376,0.0003650388884125277,9.087887554805903e-05,7.711733341217041,0.06008185529441478,32.28899002075195,3.3299697986752164,225.41412062806685,57.622977399580826,0.1263398051854128,0.07809564072209146,C:\Users\Lee\Documents\AI_Training_Data\ai_norm_vid\19700121_0411_68f7e4b431f081919c50c5e0eb2c6e2e.mp4,1
2.588706290626269,0.07721401599628415,0.002640868118032813,0.00035820501173913105,7.8183913230896,0.02424029150329226,91.26346588134766,2.3888866379139544,2069.5904212162236,352.98145283191434,0.374512936477278,0.2099483139952203,3.1389874046882156,0.06223054589458262,0.000948413391597569,0.00023570905487279667,7.824365234375,0.024166051373044728,66.05931701660157,4.163171704072492,572.0382076571639,148.96868787792982,0.37254734282510404,0.19858235435470242,C:\Users\Lee\Documents\AI_Training_Data\ai_norm_vid\19700121_0411_68f7e56b35f48191b73deb21454b5f11.mp4,1
2.35675250086164,0.03660428532294226,0.004714546073228121,0.0005301462280215004,7.934723377227783,0.024907384404937904,127.83876953125,7.392682364895149,4150.673962545222,522.3739408380106,0.576436686704195,0.2883730793573507,2.804189877077456,0.06224252190147452,0.0023134208749979734,0.00037689388816591803,7.964814472198486,0.0034988439088279918,103.12799987792968,7.366268025865393,1593.6506029678533,298.2936872926165,0.5660111926635649,0.2831475621343016,C:\Users\Lee\Documents\AI_Training_Data\ai_norm_vid\19700121_0411_68f7e7ce6e0c8191bb0823c4406099a2.mp4,1
2.9138413960083858,0.12552100346843148,0.0018004709971137344,0.0006194248664135073,7.645669937133789,0.047340908791225066,73.5091163635254,9.40265985611597,1134.4473875528315,400.57978407585176,0.39420089397093677,0.2509044034670066,3.1604376719001963,0.048094422374010605,0.0005054697627201677,0.0001751120214345353,7.649664306640625,0.04063158039251469,44.648600006103514,6.9395506700759,301.6734929644594,102.26211007407295,0.34894682331316906,0.21749741508087597,C:\Users\Lee\Documents\AI_Training_Data\ai_norm_vid\19700121_0411_68f7f5bce6d88191a8c8a83b6d69e24a.mp4,1
2.9605887492807947,0.060129637646593126,0.00037511863629333673,7.498253627589988e-05,6.291806411743164,0.3183363491552317,31.766796112060547,3.414826448703748,289.3649953117136,64.37364116331722,0.3050165357855604,0.184983777051503,2.9876709358264586,0.13150410745831362,0.00016489984263898805,4.790385659296893e-05,6.298938369750976,0.3126446457549523,18.548459625244142,1.8846540648045456,131.42920062344587,46.140071338007914,0.23639260773256718,0.140897695749559,C:\Users\Lee\Documents\AI_Training_Data\ai_norm_vid\19700121_0411_68f7fc21531081919aa7a2263a0a65f2.mp4,1
2.9188529659281457,0.062428079708198435,0.0004357665136922151,3.304644143371646e-05,6.242806053161621,0.35717293336358114,32.9655101776123,2.476666108045486,341.27488443504154,26.008162344363477,0.3349356372046534,0.17998678212984154,2.935449401951692,0.12707601644839514,0.00019477565656416117,3.0251518518566648e-05,6.244706630706787,0.3661904863333069,19.082984161376952,1.073324038093559,157.53787627437492,34.37184661965711,0.2535576403792478,0.13584638231008966,C:\Users\Lee\Documents\AI_Training_Data\ai_norm_vid\19700121_0411_68f8010dec488191afc4f61d7149308a.mp4,1
2.997050341538503,0.0972145492245021,0.0008588182157836854,0.0005278948070324706,7.651272392272949,0.052172998889940224,54.69841384887695,16.355338464783895,592.3370344345502,371.649367209624,0.3648346313641845,0.26538345693023685,3.1835028350749845,0.08800692889892954,0.0002668024899321608,0.00017486292161119813,7.660677528381347,0.046607004002002086,32.25498886108399,10.940955485219085,173.36051381600544,102.55170620834882,0.3032489042911181,0.22096125280862045,C:\Users\Lee\Documents\AI_Training_Data\ai_norm_vid\19700121_0411_68f804b57f1c8191b04dc98850298a1c.mp4,1
2.978004218137299,0.06361549716085005,0.0016673081554472446,0.00031829343591279835,7.723560237884522,0.02584750145769669,80.37536010742187,9.969281377281389,1127.2812322595587,232.19081742150044,0.4408903614832183,0.26727238809632303,3.265657976379001,0.029969994473357704,0.00042676980956457555,6.931050194270987e-05,7.717976474761963,0.03311584202505714,49.83543014526367,6.659924133425152,257.50661109753196,42.790546377300146,0.3975570997685109,0.24030850294298217,C:\Users\Lee\Documents\AI_Training_Data\ai_norm_vid\19700121_0411_68f8065fc95c8191a6c29e453fc5bd8e.mp4,1
2.598105700399141,0.12129212061543623,0.0006489988241810352,0.0001450678133393213,7.745585155487061,0.018786909449823197,39.27109146118164,1.024624112612246,656.3672465969117,192.68981664065643,0.033200278553883744,0.019962893258244494,2.8525539038801258,0.14848364894134855,0.0003638357913587242,0.00013797174416869615,7.7530238151550295,0.012160405896818962,26.379262161254882,1.5820901780783871,284.9328957907267,125.50842810617357,0.04293343880410718,0.025347709395071163,C:\Users\Lee\Documents\AI_Training_Data\ai_norm_vid\19700121_0411_68f8089add3c819186d39c2026a7b169.mp4,1
2.8582379006649443,0.06035009864358372,0.000942993676289916,0.0001030880129231705,7.781275844573974,0.025519318663078883,53.49829025268555,2.772855986647765,695.8885362445023,92.64276126207386,0.4459454854879228,0.22376090905740245,3.212800544784284,0.044483231347421416,0.0002891776239266619,4.546856408284904e-05,7.787597179412842,0.014527588965597058,34.09461708068848,2.401697950557076,177.69605975061637,31.08075884260552,0.36897923278786987,0.18509671484055115,C:\Users\Lee\Documents\AI_Training_Data\ai_norm_vid\19700121_0411_68f81c85c8d48191930bad6e71578ee5.mp4,1
2.8138575712814293,0.051040810528848846,0.0010885531781241297,0.00018578411723400962,7.836745643615723,0.020508934283726094,58.815023803710936,6.052053325469875,825.5568817971892,159.38765197620017,0.17806871430409044,0.1250073197575716,3.2434198859017527,0.024761236460095898,0.0003179468418238685,4.7225083128283976e-05,7.846179485321045,0.013706815162930637,38.00261459350586,3.926187494355568,190.43574085002598,31.1887968836706,0.1616004733642295,0.10167712483379693,C:\Users\Lee\Documents\AI_Training_Data\ai_norm_vid\19700121_0411_68f82214cf5081918015379c23768e3a.mp4,1
2.6974832388772634,0.06611870646224466,0.001736143510788679,0.00013744568167179598,7.216298675537109,0.02217965896408606,74.83426971435547,1.1398533408147629,1291.844206168782,134.837326587019,0.17913561466089784,0.09070557905888117,3.255556744665887,0.03084063433063154,0.0004763629869557917,4.698203318317779e-05,7.225447082519532,0.013391349995717306,53.92117919921875,2.0298690838762687,271.59098864305815,26.51640250153153,0.18755291399569465,0.0944688437708956,C:\Users\Lee\Documents\AI_Training_Data\ai_norm_vid\19700121_0411_68f82e9de4cc8191b0a18d474a10b717.mp4,1
2.8605588440098346,0.09141048427468922,0.0013081084005534648,0.00025636794999356246,7.796486949920654,0.05038975712695098,76.72467498779297,3.9209202193923565,952.5220838712091,237.04348438511227,0.4986920257605182,0.2532577926709623,3.2206794266101397,0.06661944549814643,0.0003509523870889097,8.497814248705563e-05,7.801134490966797,0.04337668755491696,50.67979202270508,3.184456146614606,215.5491180409719,60.48689977702975,0.4543122400730698,0.22925718884889112,C:\Users\Lee\Documents\AI_Training_Data\ai_norm_vid\19700121_0411_68f82ed98b7081919e7a697bcba6322f.mp4,1
2.695240943385847,0.08887032059130819,0.002300054836086929,0.0002924068479703203,7.483669090270996,0.15418895734534624,101.34651641845703,3.284652971143722,1751.0313136720263,276.2260822771563,0.573610040619138,0.29825845839784804,3.084803771870921,0.07930739807800762,0.0008685214794240892,0.00018484407051006226,7.444307899475097,0.154010241900656,70.2476692199707,4.4263483250893305,539.7530248230667,122.07381597508895,0.533619677964835,0.27183623708314464,C:\Users\Lee\Documents\AI_Training_Data\ai_norm_vid\19700121_0411_68f82f77cc5481918d7583d9e4a6a35b.mp4,1
2.639871088079579,0.09903426389805328,0.0019032689277082681,0.0003351280969261365,7.886222839355469,0.033784579692439316,85.57835693359375,4.366243543896137,1523.4592467783777,322.6357710390635,0.5076764806801918,0.25835271894624795,3.0663165723839136,0.08812176376972843,0.0007715517946053297,0.00019965764445733768,7.906835556030273,0.007255750985891499,67.82270736694336,6.598163098994984,473.89799375828045,131.34819141015066,0.4598618109974195,0.23199523656338453,C:\Users\Lee\Documents\AI_Training_Data\ai_norm_vid\19700121_0411_68f83019223c8191b19a8b80043e4c50.mp4,1
2.8480593966490124,0.18892829372497086,0.0012976792233530432,0.0005684799658051086,7.768113231658935,0.08791087355586709,73.35342864990234,15.928240147941471,996.698273275327,474.0029366348038,0.6374268809627477,0.3223937138718256,3.1183387771075646,0.07763639219431456,0.0003971626778366044,0.00019041505061324852,7.780129528045654,0.0888542723112215,46.986477279663085,12.48868846990773,259.7878297965482,122.7620061080778,0.5528165819444185,0.27938350767002756,C:\Users\Lee\Documents\AI_Training_Data\ai_norm_vid\19700121_0411_68f831861d00819187eadc798fdbad85.mp4,1
2.6177727455319806,0.06606894235105176,0.001319926790893078,0.00023072570658214006,7.214970684051513,0.05786971009490572,64.6407356262207,5.650781943811249,1047.8052457399751,197.23098302111381,0.1988299592685035,0.10811389399780068,3.1364133996995314,0.0226310896045236,0.00045005932915955784,8.976833677388063e-05,7.225105857849121,0.05420716345797354,47.17640838623047,5.270360821965206,277.37104815478426,54.11111588708309,0.205087481259826,0.10772531725045384,C:\Users\Lee\Documents\AI_Training_Data\ai_norm_vid\19700121_0411_68f83384deb081919c1486e3abac9b8d.mp4,1
3.0293181207060877,0.05733365689302565,0.0007713934872299432,6.221232891775561e-05,7.410129165649414,0.165152927761821,57.302391052246094,1.6539455879952045,521.8147741070682,35.4226434376581,0.4207483050504356,0.24605672635031609,3.037346301966981,0.16362266814052293,0.0002759701892500743,3.982972132255545e-05,7.425303363800049,0.15360217188933337,34.64939575195312,1.346947363582922,209.82652679583913,48.301055170642556,0.3557985050385632,0.20509658055137542,C:\Users\Lee\Documents\AI_Training_Data\ai_norm_vid\19700121_0411_68f8339c2a448191886dd4db3b223b6c.mp4,1
3.144966924653157,0.06236549667938993,0.0004819948022486642,0.00021401287593847843,7.716332149505615,0.14463984219686882,52.13977203369141,3.5761804505181387,299.58079014641623,129.3104914860271,0.2706819016661196,0.3149816302405911,3.316717585777618,0.04606549365282148,0.00011789503478212282,4.4164259890239015e-05,7.729854583740234,0.125295109864662,30.433927154541017,2.611804385957436,70.04443657632368,22.683199541471655,0.23598454652761108,0.2594744601772914,C:\Users\Lee\Documents\AI_Training_Data\ai_norm_vid\19700121_0411_68f8339f6b0c819189ca5bcb838c878b.mp4,1
3.0033807890690207,0.1783640022971306,0.0005244425665296149,0.00029260956419333814,7.625045871734619,0.15722794191844675,42.21012153625488,9.341327684941216,415.50773962223593,256.9864085276265,0.44624803873475594,0.267061866384267,3.254226677930179,0.06987541430958813,0.0001752196718371124,0.00010278763875609093,7.639593601226807,0.15384455334049293,26.223678970336913,7.041202488497474,112.45323140252131,69.7226098052126,0.3773001359488683,0.22434011756093364,C:\Users\Lee\Documents\AI_Training_Data\ai_norm_vid\19700121_0411_68f833b8fb8c81918b4d9e1528f90f82.mp4,1
2.85211920286025,0.02573447563036533,0.0006366325309500098,5.16112223474716e-05,7.764649677276611,0.030277695654377528,45.451150512695314,1.133420724118526,540.3175964975933,49.59924362197976,0.33801257452442046,0.17048546396946765,3.1781863202830065,0.041387712251523476,0.00021888808987569064,3.0004610429399315e-05,7.77135820388794,0.021056697149532337,29.533032989501955,1.1051225784722432,145.64428984650812,22.70351452038126,0.2887944615250019,0.1449608037472171,C:\Users\Lee\Documents\AI_Training_Data\ai_norm_vid\19700121_0411_68f8349d53fc81919c8c98af3d4ae0d4.mp4,1
2.6977241454000973,0.08196449122795718,0.0016240171855315566,0.00022413428496456637,7.376715278625488,0.1321353644459618,79.58873901367187,12.251103535394035,1229.2027757947035,174.0860477058504,0.30714369140064357,0.2055513153733067,3.1859580316305602,0.01773972650573369,0.0004991921596229076,7.404911724389466e-05,7.394198703765869,0.1312215380742948,55.6600227355957,6.876585974944295,300.6229683630292,43.913635538875035,0.2974973049452897,0.1868702627468866,C:\Users\Lee\Documents\AI_Training_Data\ai_norm_vid\19700121_0411_68f838ab2eb08191b3886364bcd21832.mp4,1
3.2510971392551133,0.026832380493316897,0.00016511578724021092,9.305590866854274e-05,7.826625537872315,0.04944198648976018,32.19184761047363,6.008768793883062,102.60012659028583,55.06568463292566,0.5164560906143355,0.26720147668008454,3.2936466797673445,0.03708200669180949,4.45402431068942e-05,2.068162700273373e-05,7.846103954315185,0.04351701810487552,18.10700454711914,3.3042399789868138,29.624810908039848,11.665163172841941,0.41029395052728307,0.21669760211806452,C:\Users\Lee\Documents\AI_Training_Data\ai_norm_vid\19700121_0411_68f83a26d314819186f794e799f557be.mp4,1
2.732638901038335,0.17583483415845233,0.0015621730592101813,0.0006451697829624148,7.82610330581665,0.022265554519601764,74.90469055175781,11.063215647541938,1357.575802646889,659.8223343293984,0.6538192480943019,0.3298871164879598,3.00158862426508,0.09112130202989435,0.0006889037613291293,0.0003635190282603198,7.842383480072021,0.03922006585363719,49.192787170410156,9.88349307156236,485.07146980663254,260.69383978052537,0.5671325764354853,0.2885070409083863,C:\Users\Lee\Documents\AI_Training_Data\ai_norm_vid\19700121_0411_68f83d2869b881919af132b1bd8c37f2.mp4,1
2.7373925588896477,0.06847161203731382,0.0010652480530552566,0.00039055999165746097,7.621514797210693,0.0783971268435971,51.606442260742185,8.755928300145346,894.4207563898872,347.4285956608413,0.47500368393645614,0.2510937383343473,3.1275705889959093,0.0739977507959291,0.0003717605286510661,0.00014561869986755508,7.628251838684082,0.07332160917581189,34.15463066101074,6.733398645901219,242.97134683147888,97.06037393469408,0.3938557838822712,0.21224653186289405,C:\Users\Lee\Documents\AI_Training_Data\ai_norm_vid\19700121_0411_68f83eabf7c48191b84672954b61ce70.mp4,1
2.91413157968545,0.09668810889898176,0.0008805731282336638,0.00034752308884889246,7.763657760620117,0.09046297781034643,53.890585327148436,12.637202085856792,660.2054328821466,255.87501911703208,0.5718540923168074,0.2890112683354103,3.1388980662505133,0.044663670956230764,0.0002835656196111813,0.00010664400650024079,7.774853992462158,0.07784936566457723,33.44101791381836,8.674794341859139,189.76966318904627,70.39620149360427,0.4916306612184059,0.24901456192088803,C:\Users\Lee\Documents\AI_Training_Data\ai_norm_vid\19700121_0411_68f83ec38768819182cdc7da7e913d0c.mp4,1
2.7255920232048796,0.27988443749531616,0.0011651926673948766,0.000483933098563981,7.536318016052246,0.3109190739985755,62.470471954345705,10.52049519128265,998.1080930675677,558.2174346386776,0.5146472939467278,0.2872507965095211,3.054810420771804,0.20284861024210507,0.0005018855590606108,0.0003256810762037296,7.502130794525146,0.3883292595884387,43.87134780883789,12.896157216403243,356.22413549445207,257.6291675745026,0.45636523594808465,0.2616370936104688,C:\Users\Lee\Documents\AI_Training_Data\ai_norm_vid\19700121_0411_68f83ee4d36c819190d53434f7902985.mp4,1
2.994934049750022,0.13556128889742078,0.000977908243658021,0.0008687890716096013,7.832775688171386,0.016892569350841165,55.791403198242186,22.347587441526976,718.9138203265865,675.6524567895053,0.552105387265069,0.28551010378349256,3.1954446655551387,0.08179398054167396,0.0003209470203728415,0.00031318889790644657,7.847260475158691,0.028440606206041195,33.68753662109375,14.919641828103172,214.07026816064098,211.4434973449442,0.45102864188354425,0.23905192092625727,C:\Users\Lee\Documents\AI_Training_Data\ai_norm_vid\19700121_0411_68f83eea0f9c81919de7fa376baca041.mp4,1
3.0564035678612473,0.21893279469040508,0.0006046776848961599,0.0005151962322670035,7.713145923614502,0.040296247052702024,46.18469390869141,14.146914879935194,437.304810589873,421.3970897638247,0.5522588057202257,0.28012461386034265,3.1957846875585387,0.14827014977667044,0.0001923490774061065,0.0001933941711889975,7.725131320953369,0.05264775272410425,27.569839668273925,10.457105149069127,132.31655804809873,138.09681944845505,0.46023639157603335,0.23443915767863374,C:\Users\Lee\Documents\AI_Training_Data\ai_norm_vid\19700121_0411_68f83f4da4948191ba255fc4c19d5631.mp4,1
2.4797250068001837,0.07581521590790599,0.0024717522785067557,0.00013844802934519769,7.764327144622802,0.0346991098508007,85.51684875488282,6.752499169596647,2351.2985764025607,209.93737801456655,0.6127113593550728,0.3288900288080716,2.9475629509805747,0.0753145955357343,0.0011216182494536043,0.00019633018647545488,7.783067512512207,0.02391508253190656,68.76820449829101,8.652169024635372,779.6197844463352,161.27563100562801,0.5661281877467002,0.30431490760193675,C:\Users\Lee\Documents\AI_Training_Data\ai_norm_vid\19700121_0411_68f840ef38548191995b3400017633d9.mp4,1
2.9451241628296425,0.05649940966670151,0.0011843052227050066,0.00010137509474061101,7.734291362762451,0.07089202547167882,72.93159637451171,3.767783015077676,863.7506903384444,102.95975581182786,0.6217361492514043,0.3134137652443729,3.2333863421890285,0.050028605338701786,0.0003406538744457066,4.3170237201128316e-05,7.732024669647217,0.07340766808308526,43.9270637512207,2.018837080658952,215.38619720760047,29.482677536884328,0.5309347145804122,0.2674150074703819,C:\Users\Lee\Documents\AI_Training_Data\ai_norm_vid\19700121_0411_68f8412038cc8191857520255ac7121a.mp4,1
3.063851280779877,0.04292197418156026,0.0008760577067732811,0.00012192850659177083,7.790163040161133,0.023652524593187802,64.93946151733398,3.720646178784395,563.418795043794,95.16017787769886,0.325446737383222,0.1689919158578738,3.3091344514273806,0.03196600591581822,0.00021510678343474864,3.7024541873430156e-05,7.790188217163086,0.025875709986196035,39.01215133666992,2.901290504693444,125.72382196568878,22.784367928147994,0.2913612477302404,0.14961993536700344,C:\Users\Lee\Documents\AI_Training_Data\ai_norm_vid\19700121_0411_68f8412bd8f88191a7e0fb2a25d34fc0.mp4,1
2.9793985466814776,0.04990262466427781,0.00043250886956229805,4.2016329863113074e-05,7.798178386688233,0.0425717317883657,38.54443511962891,0.4951982872235212,323.7972428861987,40.69180582808745,0.2744575368424709,0.14955246127665295,3.2417755615358117,0.041771730701794456,0.0001402721638442017,2.285696409077221e-05,7.807255840301513,0.03128798665508153,23.05227394104004,0.5970782178292993,89.56691706543782,15.213676200692364,0.22482668235643696,0.11985066363501316,C:\Users\Lee\Documents\AI_Training_Data\ai_norm_vid\19700121_0411_68f8414075f081918bb34c39dcbec9e3.mp4,1
2.692976289989539,0.0492687988254985,0.0012805551290512086,0.0003039703992192667,7.827792072296143,0.04380642596574401,61.52371597290039,8.579010771320927,1111.0322325620252,284.65421745332696,0.5952883640154933,0.29827598312270925,3.0124233560148364,0.07978359569220701,0.000512735708616674,0.00015989891354277586,7.833652496337891,0.03956942932822739,40.63272209167481,6.00238713176129,361.0612235691308,132.11525987851442,0.5103889546375063,0.25613574200871114,C:\Users\Lee\Documents\AI_Training_Data\ai_norm_vid\19700121_0411_68f84141bc248191b0eb34e51b958776.mp4,1
3.0658068521926576,0.05331857622211737,0.0005236916593275964,0.00010627198613913721,7.856717300415039,0.04007591118871028,55.12624816894531,4.075967877780544,355.26199173533206,77.79557482776659,0.556606812570903,0.28070491307282724,3.243995957209613,0.040816894371704195,0.00014406162808882071,3.288379918065808e-05,7.868732070922851,0.020171654713650778,33.253099822998045,3.2390675208185558,93.41378455646631,22.22693055261987,0.4663387008115009,0.23510652206084778,C:\Users\Lee\Documents\AI_Training_Data\ai_norm_vid\19700121_0411_68f8416b9ff481918aedd30ea6618861.mp4,1
2.8214084377551294,0.035925954879110066,0.0013011326314881443,0.00014941524729964606,7.849023818969727,0.021905447096224988,73.05146484375,3.51303323095437,1004.53829149035,138.41199442683907,0.5897500132149511,0.29610341716911615,3.1597934957437404,0.051583217568268704,0.0004082903324160725,5.704949492899404e-05,7.876868629455567,0.011961594904185188,47.754591369628905,2.1395891910483473,263.07508281490465,41.91696157041612,0.5032023129822891,0.2523138282683631,C:\Users\Lee\Documents\AI_Training_Data\ai_norm_vid\19700121_0411_68f8417ecda881918ca96dcebc414147.mp4,1
3.0569722461987516,0.08939045619053285,0.0008032127167098224,0.00035170194012239443,7.59011402130127,0.1818227323379136,57.9629524230957,15.825797309200277,539.0302801467789,237.67827502259033,0.5790479691643526,0.2920065767340074,3.171918090552507,0.09263839314863676,0.00024128030345309525,0.00010835711023516135,7.60054292678833,0.18507942723796972,34.02809524536133,9.698924872917123,162.53123981559966,74.47069574885352,0.48441676571262776,0.24559973291485565,C:\Users\Lee\Documents\AI_Training_Data\ai_norm_vid\19700121_0411_68f841e9860481919f9a1b4208af7ec7.mp4,1
2.506271195389912,0.02585997776562777,0.004696609918028116,0.00026965719484983616,7.933231258392334,0.007333727375219684,118.103466796875,6.594535288144953,3709.0543585081496,187.83981390966795,0.5185261268238597,0.2599804545739222,2.844685242335516,0.08602402376815872,0.0020479168742895126,0.00022395619344431534,7.937996482849121,0.011289152396697595,86.20573577880859,2.668011027485666,1419.5312485461786,211.15855375329411,0.46792392425987367,0.23455997165599063,C:\Users\Lee\Documents\AI_Training_Data\ai_norm_vid\19700121_0411_68f842199418819180cd9fdb8f121fff.mp4,1
2.933504259036227,0.054787940332326694,0.002435514749959111,0.0002727128657213727,7.910519599914551,0.029867917081772177,119.47113494873047,4.129673318155468,1570.2227153797744,229.90863321217086,0.6591121112129876,0.3301003059304026,3.3140172046133274,0.03579594557391758,0.0005752451252192259,9.767403567127035e-05,7.945807933807373,0.016740596378744126,74.07100524902344,3.8245115719657785,315.8166559793651,59.5563597639357,0.5947117529465155,0.29770814556315767,C:\Users\Lee\Documents\AI_Training_Data\ai_norm_vid\19700121_0411_68f844e8a8ec8191a9b657f2754fafc7.mp4,1
2.959185386569266,0.09161962938804796,0.0011865315958857537,7.747960953550952e-05,7.884635543823242,0.024472248128973993,76.63165283203125,4.139774291633769,804.6565841709842,76.71778400988495,0.3353445577752769,0.17820242865012115,3.279622840178056,0.04092022572501698,0.000302680057939142,4.024870980377216e-05,7.899581623077393,0.003640153123782166,47.84573135375977,1.723296045216102,178.88444067462314,22.489916665121648,0.3095192565699785,0.16272671044878315,C:\Users\Lee\Documents\AI_Training_Data\ai_norm_vid\19700121_0411_68f8451d347481919538b052d96d2c29.mp4,1
2.7571403989560417,0.33737641790459433,0.0013459174195304513,0.0002743201585608347,7.51823844909668,0.20307194786243069,80.67662811279297,27.186714491403258,1057.0054555892286,205.30812882469922,0.6531713923997566,0.3371548597788349,3.1110501249760616,0.2302083495267343,0.0004554623679723591,0.00018984072689137696,7.510699939727783,0.2089336810469264,55.70311660766602,10.806788179597763,304.13344913595245,174.67660013302157,0.5872110383236143,0.3038914376569536,C:\Users\Lee\Documents\AI_Training_Data\ai_norm_vid\19700121_0411_68f84557f60481919ea96ddc1f0fe58c.mp4,1
2.947863137998101,0.0648693319275472,0.002538723638281226,0.0002333580734422069,7.909798622131348,0.019109303918761103,133.68904724121094,3.2729288877902585,1632.4726479050673,208.3826162503225,0.6353562535694663,0.3179434147514944,3.2502242496879505,0.06740148907552941,0.0006473393877968192,0.00010232148223856997,7.921313190460205,0.002298840859235018,83.69936065673828,2.300456177277609,380.73758343682266,73.13450974095184,0.6086857727179937,0.30442144860217407,C:\Users\Lee\Documents\AI_Training_Data\ai_norm_vid\19700121_0411_68f847e28c5c819180bfcdc6c2f4fa15.mp4,1
3.0438355202873746,0.09619692082173072,0.002005489869043231,0.0006233418139280559,7.535313606262207,0.24649166760715574,85.23191528320312,20.420023797915476,1266.7237480222307,417.98754181836375,0.5087963093732983,0.2730822834875352,3.2414128390779346,0.14417455768665557,0.0005071882100310176,0.00019588274605172125,7.534593677520752,0.24546481117060354,51.80046920776367,12.808156760015514,309.7261847215817,131.85271711070578,0.44667848278937294,0.23814609563933561,C:\Users\Lee\Documents\AI_Training_Data\ai_norm_vid\19700121_0411_68f8480b18d8819185f5c3334e1c9f37.mp4,1
2.799568825624286,0.14261004950959205,0.0011537870450410992,0.0003753201754863762,7.888204669952392,0.04446465032184721,65.93168563842774,4.357761763163511,860.7392902314839,298.16714130579084,0.4562244426180763,0.34712656526597263,3.1305486777646547,0.11830865266562059,0.0004106302716536447,0.00017584710658449267,7.897515869140625,0.04097894312726698,44.069898986816405,4.30335240031973,257.7257445929073,120.22776533233007,0.4184417756673252,0.3009332977221513,C:\Users\Lee\Documents\AI_Training_Data\ai_norm_vid\19700121_0411_68f8485f66c48191ade3e0b99604208f.mp4,1
3.0833563842985843,0.1107625823126749,0.0004352742398623377,0.00016219801766790087,7.764118003845215,0.04622517891496811,43.8966667175293,10.2943254807389,282.76462493542516,112.19682812859712,0.5443939603716418,0.28196122808876106,3.234594237964908,0.06080775666590346,0.00011731063859770075,4.538365822999193e-05,7.7758478164672855,0.05240076023709491,25.723450469970704,5.624416772093521,74.06073823489503,28.359017505685934,0.4272155333271302,0.22577402764653184,C:\Users\Lee\Documents\AI_Training_Data\ai_norm_vid\19700121_0411_68f849527b548191add0a69363ec6e37.mp4,1
3.098879736111948,0.12165355263569855,0.001599246251862496,0.0006747286424275613,7.761969089508057,0.06143450350264995,67.96895637512208,20.4889048296392,1034.8067990375162,463.88845838520393,0.40369382743678733,0.2783015494662585,3.2359130849925437,0.10848801023158305,0.0003929254948161542,0.00019007718270353367,7.7672676086425785,0.05048203885287541,40.13811130523682,12.119347658267039,243.95595496425736,123.9003017264383,0.33909691183355983,0.226138108901729,C:\Users\Lee\Documents\AI_Training_Data\ai_norm_vid\19700121_0411_68f84aeddfc08191b3221e67617ef10e.mp4,1
2.5885341818010366,0.02733331639832169,0.0013638627948239445,7.511157746890815e-05,7.585707569122315,0.019499929455223122,62.693537902832034,1.0909577827016548,1078.9937614298497,74.3041525718391,0.11577443988628892,0.07793812557828915,3.1589348987600143,0.023234737723681682,0.00046695437049493194,3.694560903785765e-05,7.59635820388794,0.010473581234903872,46.61891555786133,1.3223669426203517,275.6544615462882,24.108177328183814,0.13253624237002043,0.07833551909527767,C:\Users\Lee\Documents\AI_Training_Data\ai_norm_vid\19700121_0411_68f84b1f0e948191904e3c4d7c6761df.mp4,1
3.246962345341361,0.058266223877597334,0.00032659112475812434,9.813868663374864e-05,7.842394542694092,0.028966402920916807,48.22210006713867,10.203194883633314,196.4420726847531,58.420676682537064,0.2654206955070987,0.2519775394962912,3.3506608732042813,0.08074652236526257,7.362479373114183e-05,2.0897881535861486e-05,7.839907264709472,0.029197280121819685,27.126000213623048,5.508214506550852,45.00255517733162,13.757957742679153,0.23682687482769677,0.2116207702808987,C:\Users\Lee\Documents\AI_Training_Data\ai_norm_vid\19700121_0411_68f84b5ace6881918cf22eb53396555f.mp4,1
2.545185879847778,0.11152557989096874,0.002814917406067252,0.0004211801836824327,7.928881454467773,0.02227793738955902,101.59214935302734,4.350273644912556,2235.842897481556,427.2191265680024,0.5764191248734367,0.289080884768268,2.8900055443147536,0.16602618963909524,0.001332793105393648,0.0004179600897393717,7.944847297668457,0.009646929175212279,74.63562469482422,7.410766214107027,912.2937751532979,328.5624280842908,0.5339583960872248,0.2670556017014519,C:\Users\Lee\Documents\AI_Training_Data\ai_norm_vid\19700121_0411_68f84dc23a2c8191bec6286c3e5fcb8b.mp4,1
2.9804344314523883,0.06764225280469482,0.0006134271854534746,6.779902336187649e-05,7.8631823539733885,0.03507711287387799,49.16357650756836,2.353973438908819,418.5464790057745,61.37810835794531,0.1316073604519245,0.06786338971750355,3.230787761646674,0.07712112827197888,0.0002024059009272605,4.048455527581197e-05,7.879067611694336,0.024878659968945636,31.395303344726564,1.7312833125756835,122.62364160760285,31.172868930597385,0.1326020555624384,0.06761593409453787,C:\Users\Lee\Documents\AI_Training_Data\ai_norm_vid\19700121_0411_68f84ee3adac8191a96d26842f8d150d.mp4,1
2.8508417997659112,0.07849805520246697,0.0008680565049871802,0.00017498637939056545,7.773883056640625,0.02484305859404247,53.7556037902832,2.537445500495486,665.1531825596301,162.94420410629556,0.4001422377163779,0.31014318001452756,3.21128578233778,0.048055651276486304,0.0002905864821514115,7.895930726569519e-05,7.78884801864624,0.021054756614440662,34.07452735900879,2.5120123894707382,178.57574716137512,48.126110731778546,0.33686011177332564,0.2523808608808284,C:\Users\Lee\Documents\AI_Training_Data\ai_norm_vid\19700121_0411_68f84eef09e88191a81525dd9bb18230.mp4,1
2.942466525866004,0.06640479427159958,0.0005619660252705217,8.930866420351404e-05,7.888074779510498,0.0284064359703618,43.56092910766601,2.535087313814113,376.86572425938266,70.20220607018564,0.12446125221281279,0.06727306659317098,3.2240330866264,0.08690215248862346,0.00017788616387406364,4.548315920691722e-05,7.897638416290283,0.011156579121682652,27.377134704589842,1.8726134322075945,106.12549033585628,30.523078210914125,0.11271335257528725,0.0599183978913535,C:\Users\Lee\Documents\AI_Training_Data\ai_norm_vid\19700121_0411_68f84ff98b008191a6222b5b623f9ec3.mp4,1
2.936297241322901,0.059093787697538175,0.0011019203928299248,0.00015493667144625466,7.772609233856201,0.07262258897299007,80.21505279541016,8.268331555156424,790.605370291065,127.0941467935968,0.6773998975910359,0.33877441170570133,3.1579443329731323,0.05159724848154682,0.00033415572252124546,5.719158561478204e-05,7.7807861328125,0.07095217044353574,48.505088806152344,5.18616724034472,220.87373328947834,40.194066462425866,0.5786570374404436,0.2896832586355935,C:\Users\Lee\Documents\AI_Training_Data\ai_norm_vid\19700121_0411_68f851bf99d48191a131911d4b83405f.mp4,1
2.8009341265406777,0.1898073707859165,0.0028739341767504813,0.001461444536453959,7.753434085845948,0.0815146261173507,113.28846435546875,23.77334381757955,2173.077549652352,1335.9951741922318,0.4185903389480347,0.4025829858723434,3.0625356036259843,0.1409289771372406,0.0011651540989987552,0.0008245158066082357,7.790834712982178,0.10481358412278391,78.21497955322266,24.871852189959345,741.0477472843415,576.9274902104434,0.3974922539767326,0.3687649411639254,C:\Users\Lee\Documents\AI_Training_Data\ai_norm_vid\19700121_0411_68f8539acfd081919d9bda3921b69938.mp4,1
3.0212429785251813,0.04803791017989252,0.0018750289920717478,0.0002240201161119404,7.647639274597168,0.0349441030296746,115.30115356445313,4.231614233020346,1192.9851093408415,187.31656065779458,0.5199855410698719,0.3425114899582287,3.3648120833059956,0.029447174146062505,0.00041862810612656174,6.789792243037188e-05,7.666683197021484,0.02591391094971719,71.96037139892579,3.8679274278931617,228.36813891939096,39.4121402167259,0.4881815256676413,0.30542004402748435,C:\Users\Lee\Documents\AI_Training_Data\ai_norm_vid\19700121_0411_68f854f90f6c81919fe75a177572d3c9.mp4,1
2.885998053296757,0.07620297147027319,0.0024917414877563713,0.00014421083940354068,7.76999340057373,0.027627983215695293,120.54890899658203,3.1556776318922695,1662.8958698204508,153.6050348268102,0.5870867650598266,0.2943269335063193,3.3438045670777385,0.07663875511657808,0.0005470672098454088,6.580755243950731e-05,7.807205104827881,0.007003037214442776,80.47018737792969,1.7268879423090528,291.45626909871635,56.9103692795874,0.5447753909633798,0.2726932422762675,C:\Users\Lee\Documents\AI_Training_Data\ai_norm_vid\19700121_0411_68f8562949f0819182238691ef9cdade.mp4,1
3.1216126675092455,0.017553146691039682,0.00042539400747045877,2.714269922534306e-05,6.869012260437012,0.03953644285820122,33.15397720336914,0.6229552770949209,295.0042568996301,20.016940280974417,0.14532003966605594,0.07786152111462048,3.1393796824087232,0.050222923872815094,0.0001395838669850491,1.3140477956300393e-05,6.849191188812256,0.03903892648161328,19.35722541809082,0.4673401992974058,105.00871954164646,12.623441190542252,0.1258103059722749,0.06606347971093375,C:\Users\Lee\Documents\AI_Training_Data\ai_norm_vid\19700121_0411_68f85650e7fc819193e3b6d45996a276.mp4,1
2.9676793613782477,0.0773508159657249,0.0003216181677998975,6.459403819096634e-05,6.447923278808593,0.4431821595564911,35.2853141784668,0.9329798307978242,249.01339115227182,53.14802813254291,0.46347232047460496,0.27167437981818837,3.06134263947686,0.09871674873732958,0.00012480611476348714,3.1586390933673066e-05,6.446971130371094,0.450629602815464,21.173029708862305,0.6340074884799674,94.220602702388,27.942483242461492,0.39183044401193523,0.24186161895958835,C:\Users\Lee\Documents\AI_Training_Data\ai_norm_vid\19700121_0411_68f856882ee881919bb0e39ac44cbabf.mp4,1
3.0554065339559773,0.08058367783272236,0.0008093807497061789,0.00022751946431419037,7.704541969299316,0.1771192422685461,72.66138076782227,11.103175413961202,577.1908786761355,191.1690504553836,0.39323500251883414,0.33400423641610383,3.2311388448304355,0.02552135066489828,0.00023520812101196498,8.299574772180624e-05,7.7306139945983885,0.1809090162320303,43.89640235900879,7.575525664809929,154.9461342837041,53.49682129450334,0.36267986314552847,0.2770650658188234,C:\Users\Lee\Documents\AI_Training_Data\ai_norm_vid\19700121_0411_68f856e2301c819193f3e5ad8a635e0f.mp4,1
2.7182410404694743,0.1303557008058082,0.0019692456582561134,0.00044852179887917577,7.859498405456543,0.04113010400300836,89.40176544189453,7.510430358797404,1581.736510726319,467.22584410936514,0.6700001582371915,0.33594202282917085,3.121848000633221,0.09037730286718819,0.0006801127397920937,0.0002286064723762027,7.858818435668946,0.03952727150667658,62.19359588623047,8.700158986016806,436.91029113962503,164.72368963384577,0.6097941023204811,0.3067155507476988,C:\Users\Lee\Documents\AI_Training_Data\ai_norm_vid\19700121_0411_68f8571af89c8191a94dd92de1e935f8.mp4,1
2.8190926214446037,0.04085052617007833,0.0012895058840513229,0.000257578678986188,7.80199499130249,0.023027888093585344,70.57999954223632,13.372636488416427,936.9429800280737,173.54529190002376,0.6384628484476449,0.3217020079342393,3.0985862244749898,0.02451322606324059,0.0004175214620772749,6.450131316823639e-05,7.815792465209961,0.03028337984996158,47.20799026489258,7.933760087645563,270.0649032138169,45.22206440650755,0.5732477793459627,0.2889717040388087,C:\Users\Lee\Documents\AI_Training_Data\ai_norm_vid\19700121_0411_68f85729a800819193740bb0ef553e06.mp4,1
2.7265047104068705,0.06473129971321907,0.0015697470400482417,0.00025045484644746393,7.74094295501709,0.04721837131206822,58.65491714477539,13.616231134727004,1153.2535268452543,155.89512963272418,0.3834615137743791,0.22639388831653198,3.0504010243143993,0.04243052768181058,0.0004952770133968443,8.629708523418145e-05,7.775789833068847,0.037299918730970355,38.63234329223633,8.321699510661272,336.365132695671,71.86780844223986,0.3107043461305971,0.19097891272792222,C:\Users\Lee\Documents\AI_Training_Data\ai_norm_vid\19700121_0411_68f858fd1ba88191ad8abb04c417fb02.mp4,1
2.9882337291110965,0.046558208598483815,0.0014080760767683387,0.00010822577021025271,7.851084613800049,0.019928483445001678,82.18375854492187,3.0733350160180897,944.9517495751059,92.15220302076082,0.2899795705055627,0.1880699092043261,3.2730222635074755,0.034619478982328616,0.00038250467041507364,4.047383903958527e-05,7.862551689147949,0.006626944767623798,48.64427795410156,1.9161822467297878,229.35538429014167,25.956862184831365,0.270782145363025,0.16573451302353365,C:\Users\Lee\Documents\AI_Training_Data\ai_norm_vid\19700121_0411_68f859182c3c819185548b0967108c03.mp4,1
3.0391463324961956,0.11478875835532963,0.0008500187308527529,0.00013964900225127484,7.79758472442627,0.07072225104747538,67.02638397216796,4.857191259696918,548.1696191050249,119.49141620518324,0.5790329327216834,0.29064516652251043,3.2898052628590464,0.06402840917633609,0.0002111288224114105,5.120753849664919e-05,7.807615280151367,0.05736544849326676,41.08712310791016,1.8839143378463392,125.36773693564685,33.02169507891011,0.4883291705267233,0.24499400743571545,C:\Users\Lee\Documents\AI_Training_Data\ai_norm_vid\19700121_0411_68f85bc76abc8191aa407d3289c8150d.mp4,1
2.5050602782364164,0.10280202391942406,0.0021527920151129367,0.00040971871049522705,7.646288204193115,0.04868021231018471,67.78257369995117,3.126606867680046,1856.0832750369616,434.87176233515584,0.22734524457712166,0.11437430880531076,2.9222814635004073,0.1358927205847264,0.0009666468016803264,0.0003348273449372673,7.659255123138427,0.030784532585609686,47.341007232666016,3.8437877566614906,681.6521949726531,274.7831723955283,0.2049205695901862,0.10342523902460261,C:\Users\Lee\Documents\AI_Training_Data\ai_norm_vid\19700121_0411_68f85c310094819181c84aadd6ad64b9.mp4,1
3.0399533050680274,0.08708568481682749,0.0004673982650274411,0.00023523797502201396,7.834316253662109,0.08361021761677909,43.47007446289062,6.732532269631366,328.52171146012427,179.0487585283718,0.5570441529444783,0.27944270865485366,3.1442197115683017,0.11140171937788154,0.00015302415849873796,7.904912497109189e-05,7.844574069976806,0.07679991914212729,25.306011199951172,4.417802979021908,104.31952993532562,48.65117337914868,0.4472923546413874,0.2249382365323731,C:\Users\Lee\Documents\AI_Training_Data\ai_norm_vid\19700121_0411_68f85ff4482481919366ecf26651a088.mp4,1
3.08171615116111,0.04346077795270837,0.0010043767862953246,0.0001539806667703346,7.783041667938233,0.033423168801165054,64.18699798583984,2.541648573369387,602.1725099264249,94.37729805826623,0.15381216355136695,0.1522254875243039,3.3037968963988056,0.043370013922830006,0.00024201981723308562,3.717540258971273e-05,7.7913007736206055,0.03127916392444516,38.96398239135742,2.2333788441533318,137.14910891924904,17.431772872907224,0.14384806727222063,0.13200793488126503,C:\Users\Lee\Documents\AI_Training_Data\ai_norm_vid\19700121_0411_68f85ff6cab08191ade94cb855a1bcad.mp4,1
3.1445882106270657,0.04148266060469359,0.00021084774343762546,3.395246042145975e-05,7.567542552947998,0.03863913470112046,35.066522216796876,0.8192158230900455,140.64701332940754,26.403025045251113,0.3219908122438585,0.16435043645774342,3.261416747075463,0.03647333299114727,5.7407926942687484e-05,1.2491937550549126e-05,7.583988285064697,0.03711545993609489,20.668621063232422,0.5392181342842185,38.16132921473821,8.661211656832476,0.2547806459086479,0.12862718946274643,C:\Users\Lee\Documents\AI_Training_Data\ai_norm_vid\19700121_0411_68f860240644819183a7fee7e1c90cf3.mp4,1
2.8939130781997044,0.1463467659633302,0.0008420694153755903,0.0005435717596508899,7.805286502838134,0.07117490775109282,61.57356643676758,20.217105390072586,662.9064455708801,456.9163619079802,0.5256510399512353,0.31544477054811654,3.1811455002454774,0.05317872558794232,0.00029683035827474666,0.0002108672801172945,7.833396339416504,0.0815144580191583,40.34020233154297,16.207327379299986,187.99266936012248,128.88520772741688,0.4588566018089704,0.26296529627784837,C:\Users\Lee\Documents\AI_Training_Data\ai_norm_vid\19700121_0411_68f8607edde08191a2cadc34570ffb32.mp4,1
2.9467030617536523,0.054118101919831824,0.002509469538927078,0.00022532166751027858,7.733807373046875,0.039561206158325195,87.53343505859375,2.178404708182927,1529.9084220228665,174.60330213066823,0.2940205055266189,0.15019859176197525,3.084172437787398,0.12443743762878506,0.0006829785066656769,0.0001274219493968708,7.740830039978027,0.036464531502372666,55.42416763305664,2.137361787471687,441.1942521047034,107.65687529135187,0.26984345031048723,0.13638765143931098,C:\Users\Lee\Documents\AI_Training_Data\ai_norm_vid\19700121_0411_68f864477a3c8191a3c687d5f144db95.mp4,1
2.878776518859256,0.056263014798288144,0.001228779717348516,0.0002470803033935012,7.922224235534668,0.0206399370428608,75.93816833496093,4.786466832042119,917.7591041820449,215.73919845873968,0.643617107291276,0.3218435722111342,3.243861125370209,0.046255388595995026,0.0003404290298931301,7.97809175384521e-05,7.932033348083496,0.016161550577985222,48.38927536010742,3.4283611678083576,209.10500683315067,55.630023924479424,0.5479826159039702,0.27410275139348156,C:\Users\Lee\Documents\AI_Training_Data\ai_norm_vid\19700121_0411_68f864b8e9e08191b5a3b34f4f70ebe2.mp4,1
3.079811362716454,0.06352933249169665,0.0009682691539637745,0.0002154954772934552,7.786868381500244,0.024995639369311474,62.94430847167969,7.644895634697639,583.2678578336571,130.4490057802954,0.16463339087381418,0.15886639601835936,3.2874012100212093,0.04309087743289883,0.00024237259931396692,5.371182793872365e-05,7.791979598999023,0.017180111875795684,38.76757621765137,5.596992002617973,133.91773649982832,25.742127787041834,0.15487081776994227,0.13806754098567364,C:\Users\Lee\Documents\AI_Training_Data\ai_norm_vid\19700121_0411_68f866cd39f48191b3178f0b2434be56.mp4,1
2.856447545947477,0.10796683086479007,0.0007873187714722008,0.00037641224149967,7.37275447845459,0.32343650442742994,54.079098510742185,14.60862737531127,643.9506886344101,335.31116553245835,0.39908219472350115,0.27277775600355947,3.0637041197442687,0.17347115366974591,0.0002892297678044997,0.0001255760880729515,7.386386680603027,0.3316101989099621,35.21324157714844,10.341356726455412,204.54197187058622,82.0808234589549,0.3503855071233707,0.2368614040829167,C:\Users\Lee\Documents\AI_Training_Data\ai_norm_vid\19700121_0411_68f8673fe2e88191b2aabef4919589b3.mp4,1
2.9454521474436866,0.08425355758088024,0.0007773475139401853,0.0003032103085163253,7.808021068572998,0.0328810152171438,52.197444152832034,6.7339024922199,621.8261428081126,293.2007719956896,0.5886943626869584,0.2982866127505284,3.2047531987544104,0.05714927272929095,0.000235004021669738,9.548732611218695e-05,7.807353878021241,0.03167175321803334,32.56345481872559,5.185641705519199,154.0112097661657,67.32721047401978,0.4888598958542282,0.2484772247417195,C:\Users\Lee\Documents\AI_Training_Data\ai_norm_vid\19700121_0411_68f8677ddaa8819180e7794b86c3e6c8.mp4,1
3.154426913056635,0.03346964145468554,0.00026212852098979057,0.00011401485094026695,7.83366641998291,0.033643191251372113,41.10281753540039,9.540480613048612,179.84943071763558,69.80172687331356,0.5677001862845612,0.284741058072787,3.2162980431517854,0.03311919426181626,8.281070331577212e-05,2.8157900513920558e-05,7.853777313232422,0.05193481957265167,23.198183059692383,5.541628927441978,58.48449771994076,17.879791107504627,0.45600496000265645,0.22956514011934737,C:\Users\Lee\Documents\AI_Training_Data\ai_norm_vid\19700121_0411_68f869ef56f081918bd95c270fc68c60.mp4,1
2.8393336063614742,0.026642583360728098,0.001299591042334214,0.0004481289411899486,7.498725891113281,0.0133417866990071,77.6509780883789,20.024856989652257,958.3094642109118,311.8931261438098,0.49998817789863387,0.31195479674625204,3.0448918899927264,0.06477870479533743,0.00047071838635019957,0.0001446434951136221,7.522309494018555,0.011685950273381264,49.503011322021486,12.634210970982208,315.23046035871727,80.49283789677338,0.46143355338584924,0.27026627552589855,C:\Users\Lee\Documents\AI_Training_Data\ai_norm_vid\19700121_0411_68f86d0ad35881919a68777be523ea7d.mp4,1
2.8754132445508653,0.10919256774072686,0.0008516196627169848,0.0002155244485072316,7.848015594482422,0.029248896435948326,53.665278625488284,4.232822953973322,649.8454707981392,197.5526218473226,0.15514060597167445,0.09109103511766012,3.186674209261178,0.06111744594939393,0.0002767512632999569,7.964465752928427e-05,7.869893169403076,0.010321941471969173,34.097460174560545,3.8518447766423654,176.80573001392162,51.157040764467645,0.14671275482662857,0.0845828291493807,C:\Users\Lee\Documents\AI_Training_Data\ai_norm_vid\19700121_0411_68f86d90026881919f8c1cba65a0b13b.mp4,1
3.0060089610074634,0.13576888642545834,0.0017159598181024193,0.00041251846643066206,7.7376096725463865,0.18589010457850288,62.50517272949219,13.879855753998827,1127.5821458939524,300.08070108158506,0.4502394710397821,0.3085792478799732,3.1139468050469743,0.146088008602233,0.00043134635780006647,0.0001816686869092088,7.737847709655762,0.19769576337979142,37.386138916015625,7.809944153805769,273.1523308013319,136.7136595708238,0.38052467241716376,0.25266381386100345,C:\Users\Lee\Documents\AI_Training_Data\ai_norm_vid\19700121_0411_68f86eeab610819195d759d9d52d5309.mp4,1
2.924037044834775,0.10897550602306286,0.000699405069462955,0.00013211547890142032,7.5471776008605955,0.2072916212629068,50.912523651123045,3.5613511189751095,468.87634095065005,109.49063913111236,0.5136505006387072,0.25765579313238374,3.0508391052246466,0.19923711049003945,0.00024087329802569002,9.874918174222104e-05,7.53296480178833,0.2248586584498586,30.683664321899414,1.9544951156677082,172.43500867050017,87.55281201392623,0.41726118583438315,0.209816888478763,C:\Users\Lee\Documents\AI_Training_Data\ai_norm_vid\19700121_0411_68f86f7f8af481919977951e90684daa.mp4,1
2.9439625043057602,0.11688768377495874,0.0006197539216373116,0.0002490276507718283,7.664893531799317,0.04219841751130892,57.65414047241211,6.324540843058475,489.5609900300754,235.993718387626,0.5554600880152072,0.28977381985720485,3.100922914141578,0.10215014942469368,0.00021426334278658034,8.506335855326287e-05,7.682380199432373,0.03242854966932708,36.065853881835935,5.728009145280157,152.26846831649783,53.262758310374274,0.47283522140089473,0.24942546508109215,C:\Users\Lee\Documents\AI_Training_Data\ai_norm_vid\19700121_0411_68f87091da0c8191a7fa77044cbded53.mp4,1
2.8743038153272003,0.11220636154690526,0.0015885142143815755,0.0008788011729055815,6.813049602508545,0.019919110110875538,71.11602630615235,14.492941689559789,1130.217282021893,676.046654616409,0.39844009072132663,0.2583866074427752,3.1610226669219843,0.10005354157495666,0.0007029317959677428,0.0005519148684183377,6.814586925506592,0.012001873051391146,47.107268524169925,11.551029975724687,439.67017266719995,352.0456482205448,0.36132870274015233,0.2247220076607483,C:\Users\Lee\Documents\AI_Training_Data\ai_norm_vid\19700121_0411_68f8761af34481918bdd52d348597868.mp4,1
3.156293245022192,0.028667785142973284,0.00042762105586007236,5.607751025372195e-05,7.766422367095947,0.03466482039359303,50.43202667236328,2.0836080882326478,279.0756464727275,42.415683796055504,0.4999537165021626,0.24999472232539727,3.266205847053554,0.06370184861540612,0.00011804325040429831,2.523892222864748e-05,7.771262359619141,0.03293370882439937,28.80231285095215,1.1424454630809031,78.09774302593677,20.57956924808452,0.3990362449667499,0.19954842652015065,C:\Users\Lee\Documents\AI_Training_Data\ai_norm_vid\19700121_0411_68f87670c2d88191865747a34feddb0b.mp4,1
3.288431119975391,0.16478473956168524,0.0003438179730437696,0.0001104120721593097,7.703608798980713,0.22417066683570758,61.72695770263672,8.888843522818862,216.52789623649505,108.71445321498001,0.5027790217381796,0.27489401415843506,3.3077814777637604,0.1228719165831839,9.151131816906855e-05,4.423038793381506e-05,7.7245893478393555,0.23384615606840148,34.03211135864258,3.2301535890679802,63.11080338232673,31.965695890194336,0.4290838106195903,0.23453863458263222,C:\Users\Lee\Documents\AI_Training_Data\ai_norm_vid\19700121_0411_68f87ae41b488191b36b0f04aa2358f6.mp4,1
3.1973362809368293,0.0671410918390323,0.00021585381182376295,4.494270163443429e-05,7.73156328201294,0.06693744882159339,35.673204040527345,4.667169102703033,141.46232236071415,28.179115316646808,0.4600662535254247,0.24990344866625064,3.2600832686740304,0.10469861949243665,6.183963705552742e-05,1.0418308042133667e-05,7.734663581848144,0.06854759997513261,20.151028060913085,2.5496335941601043,42.75072780183456,9.628466514176873,0.352471431488834,0.19381548797819426,C:\Users\Lee\Documents\AI_Training_Data\ai_norm_vid\19700121_0411_68f87bec5e7c8191ba6efe1e545cc4c7.mp4,1
3.0758984742365767,0.13322360399991856,0.00043554049043450507,0.00015723329928887152,7.86336612701416,0.03199303625256037,47.68307266235352,8.393135069678882,303.8874483561953,111.70064224639951,0.3943357174146259,0.2439010220798262,3.313591475975149,0.08035971846705987,0.00011767851974582299,4.00414012061357e-05,7.86614761352539,0.031091219290208,28.552252960205077,5.4253052434264415,73.02556482450274,22.675469819605148,0.3261056876894659,0.19310405888166235,C:\Users\Lee\Documents\AI_Training_Data\ai_norm_vid\19700121_0411_68f883bd15d081919d520df5c71529d4.mp4,1
3.0293403550366804,0.08291560194641565,0.00045700547634623944,0.00021376795739718856,7.739890480041504,0.09762610603104817,46.81284866333008,7.1357465109300415,327.1035508359879,154.49694590039053,0.5601599617724066,0.28127446144506313,3.247299737595257,0.049706105436220095,0.000127806281670928,4.955925733654154e-05,7.737629699707031,0.09872626734471736,27.65782814025879,4.516476095188751,81.18835256340816,28.950642237498396,0.4524151063875671,0.2282461551541373,C:\Users\Lee\Documents\AI_Training_Data\ai_norm_vid\19700121_0411_68f885a188ec819183699b5cb639f40e.mp4,1
2.9901372336920913,0.06088422889127955,0.0008626747177913785,0.00025855668691462724,7.7040589332580565,0.1887563889767987,63.403132629394534,9.59915155407292,608.475475783854,191.10820003282265,0.4768685258030015,0.3154219052160796,3.210714549860147,0.10486103693256474,0.0002518378256354481,7.927656593753493e-05,7.706147861480713,0.18394076388440617,38.59931907653809,5.782972971753727,163.75412358565887,57.73569394364978,0.41939945163576303,0.2660233432410078,C:\Users\Lee\Documents\AI_Training_Data\ai_norm_vid\19700121_0411_68f8864e290c81918a8f629c6b88fe06.mp4,1
2.9662965192107684,0.0416611769264088,0.0007286617998033762,0.00015406399456281626,7.842622756958008,0.05645533827646893,49.45093841552735,8.269535367108304,557.7451367614251,144.58294142596847,0.544391221972712,0.2767013055748759,3.2189064107091125,0.023164065800110847,0.0002316147874807939,5.9991064573963935e-05,7.851412582397461,0.057818274793470126,30.01585922241211,5.775531414586589,150.71743518154483,42.255170476548344,0.45429717182426843,0.23128920579584106,C:\Users\Lee\Documents\AI_Training_Data\ai_norm_vid\19700121_0411_68f88669c1448191be46a5f3f3039fcd.mp4,1
3.0622902939900496,0.07774059365447097,0.0004220073751639575,0.00012307544032195308,7.749638462066651,0.11704102558855813,49.6172607421875,4.579358424350524,294.2952316692762,93.43925542761355,0.5185432007687719,0.2608138059471213,3.198015242321877,0.08728064725372167,0.00012730292946798726,4.606552680210431e-05,7.758482265472412,0.1052174042217991,30.477668380737306,3.1456813177423,87.3796675839779,35.0329248902446,0.4277693759703176,0.21545798891829113,C:\Users\Lee\Documents\AI_Training_Data\ai_norm_vid\19700121_0411_68f8883900ec8191b28ab5171ec799a3.mp4,1
2.9824097660736,0.08214018932532116,0.0004449510423000902,8.399690681593601e-05,7.331713676452637,0.2099655730138115,46.351496887207034,4.739339637370173,324.31008763950456,68.64575746718782,0.19561060901256683,0.11380900086595744,3.175276010760557,0.11338937191297138,0.00014227469509933143,2.5193105303078653e-05,7.335884952545166,0.20718907219953697,27.91649513244629,2.5771483850022316,96.51984687018951,19.56940052486452,0.1706626323249937,0.09960649838873756,C:\Users\Lee\Documents\AI_Training_Data\ai_norm_vid\19700121_0411_68f88dc15fb08191b9215c687229cabe.mp4,1
2.9141394529759928,0.12452799905679018,0.0008197924413252622,0.00025389139844328814,7.8655437469482425,0.028011640226171624,52.152154541015626,6.1256352416992,620.9015948601059,218.96394667638725,0.13015621478261968,0.08178584085896148,3.175443454345385,0.06782980547752453,0.0002723354686168022,0.0001074074372179106,7.874943256378174,0.01336315704618287,32.42984962463379,5.339626874030681,176.8583240318735,71.03457378607767,0.12442498889397227,0.07421637047818307,C:\Users\Lee\Documents\AI_Training_Data\ai_norm_vid\19700121_0412_68f8a2cb6d708191968b10477b1ae7e0.mp4,1
2.712966725252285,0.019014998129607746,0.0011471230303868652,5.873572482180115e-05,7.765081405639648,0.01515853005809463,67.349072265625,2.2073168461164743,898.9185065264062,44.95950454459138,0.4468337561106706,0.2515514062595152,3.1179266073809293,0.05140325081240461,0.00040698734810575845,3.627363657767727e-05,7.803656959533692,0.003571202686338759,46.866371154785156,2.6090444289363286,257.2312317717686,24.43189273986719,0.41762264441522684,0.22330970155454857,C:\Users\Lee\Documents\AI_Training_Data\ai_norm_vid\19700121_0412_68f8a51ca9088191979f4279741a17ce.mp4,1
2.8614497532007297,0.11615121501329194,0.0008935077697969973,0.00023035631483137373,7.833580493927002,0.03448551530638307,53.33430938720703,3.8909769466829816,695.517887246708,214.17886099650494,0.1327382647746777,0.1141659937835203,3.141537456433467,0.03337587320107542,0.0003113522136118263,9.667694493506964e-05,7.865764427185058,0.01631503218766573,34.16906471252442,4.156374057137882,203.2450875283714,61.63378845847787,0.13422560676629375,0.10553013251365538,C:\Users\Lee\Documents\AI_Training_Data\ai_norm_vid\19700121_0412_68f8a9f7e42c8191b5dcd35aaf1c0ec9.mp4,1
3.0415481114522125,0.1175896974974088,0.0004709512199042365,0.00035644038633485194,7.757918167114258,0.05311952762450436,50.66891708374023,14.589599140384236,363.81935944969337,279.9584355575841,0.3726160314843564,0.27582553891173356,3.138150924846999,0.06493214879519564,0.00016672056663082912,0.00011690080578261347,7.7692512512207035,0.04453123852063084,29.43389015197754,9.350028485038154,119.53360731155162,76.65273556028465,0.3158776079749549,0.23024947473823362,C:\Users\Lee\Documents\AI_Training_Data\ai_norm_vid\19700121_0412_68f8acdbbb488191941291d35d282171.mp4,1
2.9598286460162777,0.05616241105133008,0.001035054330714047,0.00031097491270332784,7.864588451385498,0.06898735785552275,66.85208282470703,12.27412271437551,685.6141742290898,222.70805698796352,0.6117875775680243,0.30719552401639466,3.230853825879695,0.05394771136932566,0.00028188914875499905,7.9815355864659e-05,7.873131942749024,0.06651618088282604,40.2903751373291,7.707503695358653,169.51437907813605,44.31709112432777,0.5258934000057438,0.2648059768241467,C:\Users\Lee\Documents\AI_Training_Data\ai_norm_vid\19700121_0412_68f8b0c857388191b4ef90fc6c2df1a6.mp4,1
3.0099436584841675,0.06147008436725158,0.0003543531522154808,0.00033743134717378057,7.630078506469727,0.14226275359515722,36.94951972961426,16.29367438157911,256.13020136798093,230.23635108560748,0.4732404146602172,0.24367985363170697,3.1159460834907122,0.14191741044530715,0.00011726265802280977,9.13891760876159e-05,7.640738010406494,0.1269958434763872,22.460104751586915,10.292664587673794,79.51588431240215,50.64186855164507,0.3760524941661055,0.19702621245328578,C:\Users\Lee\Documents\AI_Training_Data\ai_norm_vid\19700121_0412_68f8b987742c8191b1910f28f5f03f22.mp4,1
2.829712948943129,0.060530434172623826,0.0009333817171864212,9.006351035146952e-05,7.803170776367187,0.026659651383098244,58.73207550048828,2.362560562461598,754.0103602291766,98.31770810010275,0.5605398456824027,0.280298820839445,2.9785404827435746,0.10653158942206276,0.000404440111014992,8.564365264671035e-05,7.824373054504394,0.013696383781496572,35.28353500366211,1.63181562667712,299.6690127643665,76.55021330625635,0.46029580375426493,0.23020485823107895,C:\Users\Lee\Documents\AI_Training_Data\ai_norm_vid\19700121_0412_68f8ba4527d8819196d3347a99cbe444.mp4,1
2.8225905667812246,0.0751619130668907,0.0009121593553572893,0.0002361588330885349,7.79711799621582,0.07793201093615892,59.275411224365236,11.957681701800812,696.5181690114731,173.03142464938796,0.59435887387107,0.2986167474063235,3.1506116876181,0.044531988515789614,0.0002890313393436372,6.436045414817938e-05,7.807870483398437,0.07440658758013959,37.7671012878418,7.370568111699892,185.6545567011146,40.63136788954443,0.4982722454662271,0.2509230908849982,C:\Users\Lee\Documents\AI_Training_Data\ai_norm_vid\19700121_0412_68f8ba4caeac8191a83ac2de6ca316eb.mp4,1
2.9470657494285546,0.04724671678234369,0.0012274225475266576,0.00024126202797215008,7.832951068878174,0.0191816161334466,75.46079788208007,8.663795624899672,855.3506463014735,186.00160639019825,0.5337102346900287,0.28438953013963786,3.3094831477143076,0.030000901705716558,0.00030744513496756555,5.327387099455404e-05,7.844678974151611,0.007684920655501084,48.6867919921875,6.138518201762697,175.30867628049083,33.233755131531595,0.4884395520047546,0.25533224657853615,C:\Users\Lee\Documents\AI_Training_Data\ai_norm_vid\19700121_0412_68f8baa1cb908191bafbe4ae0d1f691b.mp4,1
2.9085076530819416,0.01522764897929546,0.0013536139391362666,0.00010054749117729266,7.907784748077392,0.03668054630507117,66.77463912963867,3.401553807586455,919.7543965564862,64.44857940547375,0.12485085636037138,0.06975147639807888,3.3358088637828436,0.050319050023880235,0.00031458672019653023,2.246080798623708e-05,7.912139511108398,0.023131893786251134,43.770983123779295,2.4832993890926423,172.15011737331048,17.495220209851503,0.12581753047205366,0.06766406918940772,C:\Users\Lee\Documents\AI_Training_Data\ai_norm_vid\19700121_0412_68f8bb279ee881918644afa13fc25402.mp4,1
2.8564635991165965,0.03673741877796055,0.0003316275193355978,1.2683036066999502e-05,7.666491413116455,0.04251208497493863,33.13493270874024,3.516353106074082,286.7710191803813,22.05361320025071,0.3327984458994032,0.22061873852013916,2.9231722410378245,0.0678730141260428,0.00015214009617920966,2.2363952414488014e-05,7.682248115539551,0.042292916700140355,21.17136001586914,2.4381383756924775,127.7329581848567,26.071200764931497,0.2789934140133623,0.1806432245982521,C:\Users\Lee\Documents\AI_Training_Data\ai_norm_vid\19700121_0412_68f8be7336a081918fa75ff11e836488.mp4,1
2.9710139382867533,0.20202945308966536,0.0009554379299515859,0.0007704210609053143,7.569950008392334,0.19959567368772582,63.1535026550293,24.35345520531121,703.727345463035,568.4925711905055,0.6748914726263414,0.33846042745794863,3.154144964709311,0.08071943169768102,0.0003063746131374501,0.00024109392679257558,7.598946952819825,0.18433718924658227,39.09541206359863,17.88656961112692,200.19808412006634,145.76966742620073,0.5933559288071295,0.29927273045010633,C:\Users\Lee\Documents\AI_Training_Data\ai_norm_vid\19700121_0412_68f8c7988de88191b0e2968ffe53aabb.mp4,1
3.0723343268465557,0.01741192264191744,0.0002655439602676779,9.43766616846016e-05,7.721240520477295,0.05516754282798642,33.88568649291992,4.590431922513357,193.84181346554345,62.327747624477745,0.19345946009496667,0.25247314080904726,3.1744074738040546,0.05503099104306376,8.763341247686185e-05,2.472672175310827e-05,7.733724212646484,0.04358342234737125,19.4152042388916,2.4023820861618743,62.207428983487105,15.764902741953764,0.16574974682496924,0.19828441513690995,C:\Users\Lee\Documents\AI_Training_Data\ai_norm_vid\19700121_0412_68f8cc32314c8191990367521839f10e.mp4,1
2.827676233505851,0.15124676089140526,0.002464328333735466,0.0010999368960038195,7.809342288970948,0.12122086987974011,110.09043884277344,17.693942228065392,1721.768591596619,866.504710414293,0.38379742853173376,0.4250113054577831,3.1675322067466163,0.17462408551882683,0.0007858493481762707,0.00044013956192705294,7.810662269592285,0.11630670148200152,72.46395874023438,16.932054340194263,470.7283377341002,271.976060545901,0.36181929624009684,0.3873683178466278,C:\Users\Lee\Documents\AI_Training_Data\ai_norm_vid\19700121_0412_68f8cc680c008191ab4c50372c00c827.mp4,1
2.884806528356605,0.12891069399485824,0.0005019036470912397,0.00013353822192655493,4.885843276977539,0.041797333094609805,36.18155517578125,2.6826834325271363,399.4011098469458,131.92744926618906,0.1254336714400385,0.07379988568520042,3.2119963579696615,0.06682098173202101,0.00015614881849614903,4.8536957473123956e-05,4.8786571502685545,0.03816010631801918,23.298472595214843,2.286211973362315,100.13812903282361,32.77339279226887,0.11892502298362213,0.0674362890999389,C:\Users\Lee\Documents\AI_Training_Data\ai_norm_vid\19700121_0412_68f8cc8e1c3c8191ac6eb5f8c5c320ef.mp4,1
3.1225989378375134,0.11133719538934668,0.0009419615264050663,0.0003316005265120352,7.803481864929199,0.128823075977707,71.8419677734375,1.147614567451222,591.7771897647148,228.91634297817137,0.49017169988704634,0.27722931602382384,3.359503245512788,0.044909630323493425,0.00021788860904052853,9.316935194818807e-05,7.813816356658935,0.11582698894929003,42.62346649169922,1.8672254297770696,123.9642235442492,54.186730518517,0.4310671086635466,0.24049403801470426,C:\Users\Lee\Documents\AI_Training_Data\ai_norm_vid\19700121_0412_68f8d3f8247c8191b13a7a5872a2f8e7.mp4,1
2.5421025920570526,0.06757335970140732,0.002773280441761017,0.0005499534829964152,7.927144718170166,0.027406921125593765,99.92819061279297,5.392347252254698,2270.5427821051226,508.5011329558655,0.5354287354768861,0.28641675346686285,3.045466576170387,0.05279564666465058,0.0010332853067666291,0.00018318652404906768,7.944696617126465,0.01227459808011981,75.95123596191407,5.141667636724823,635.1883113243442,111.45746271269206,0.4917809109573092,0.26009991974065416,C:\Users\Lee\Documents\AI_Training_Data\ai_norm_vid\19700121_0412_68f8d8068ef081919b9331fe914d8db4.mp4,1
3.1139866091518975,0.06258815317663174,0.00024687634286237883,9.484104064252513e-05,7.748018264770508,0.11436535931812732,36.00733413696289,7.235781468537265,169.88569206207177,65.23660613077703,0.45605600782907024,0.2342459635321919,3.240851414409568,0.049169269057767834,7.309268330573105e-05,2.8468557123931386e-05,7.759687423706055,0.09756624037889568,20.748399543762208,3.9300806290399417,49.465551413610875,18.94018739316987,0.3466369904203184,0.18085885005370947,C:\Users\Lee\Documents\AI_Training_Data\ai_norm_vid\19700121_0412_68f8d909f5208191b291e64d59a099f7.mp4,1
2.883148403970279,0.12389069102110484,0.0013123718439601363,0.0005036571810495544,7.836751461029053,0.08632572897159833,75.22040710449218,10.400210669267361,1002.9488693535392,428.22670261640855,0.6563503734429068,0.32883573491041296,3.0677160024183054,0.12822243315646203,0.0004742271441500634,0.00023461301949524133,7.84772481918335,0.07654037518648293,46.562049102783206,8.107264114772958,343.62284960711185,189.37107281040585,0.5644835728196173,0.2831965212013644,C:\Users\Lee\Documents\AI_Training_Data\ai_norm_vid\19700121_0412_68f8dbabae748191bc5f5129d7ac7678.mp4,1
3.0328967748693754,0.03987505920393313,0.0006302986672380939,0.00025625345009290263,7.835908126831055,0.029173414049626197,56.356143188476565,13.128854715483882,438.16831841791856,177.0634316441558,0.6244902129281819,0.3123862374636099,3.2097392256113637,0.07240150359777497,0.00018016101603279822,6.658061487927204e-05,7.865411949157715,0.01935459114882684,33.58486671447754,7.675228853729605,115.79653984663756,41.45620132420893,0.5242530957474663,0.2623069531366391,C:\Users\Lee\Documents\AI_Training_Data\ai_norm_vid\19700121_0412_68f8dbe2ee9c81918420fd45f930ca35.mp4,1
3.1852326382667635,0.0968382126727938,0.0004030889802379534,0.0004428230943466508,7.797134017944336,0.06360626302235015,49.49941864013672,21.602713017665543,262.9655340317403,273.1051029404822,0.5880187957500693,0.3050647389284884,3.274806588676733,0.08387521995781519,0.00011196099840162787,0.00011081218703139773,7.8211180686950685,0.059584102213818144,27.81493682861328,12.929377417086398,72.30547461421062,65.86828734643032,0.47277996989658433,0.2535045933481864,C:\Users\Lee\Documents\AI_Training_Data\ai_norm_vid\19700121_0412_68f8dde532dc8191876c7b257abd2984.mp4,1
2.8881149749688477,0.1084349653672645,0.00035613478685263543,0.00010520283595312088,7.8266730308532715,0.03587580899475771,36.88238296508789,4.9741962680318235,267.9728441687385,83.379963424701,0.4879459370833688,0.24799355109844046,3.146264828270632,0.0627939220154174,0.00012359226675471291,4.58130987003113e-05,7.845772552490234,0.014946389556693428,22.662089920043947,3.596066722372201,79.21443732142194,29.696594417783142,0.38742287141905135,0.19989993374110943,C:\Users\Lee\Documents\AI_Training_Data\ai_norm_vid\19700121_0412_68f8df338d048191adf8a085d2ecc946.mp4,1
2.7350651959356167,0.3949889127981697,0.00929072042927146,0.009574964584905676,4.389281594753266,2.883371307566298,115.36490325927734,74.81845379619439,7679.9438117649,8102.753334727344,0.6146071298192151,0.35463259151927284,2.894821628811239,0.4569303179412998,0.00529247709127958,0.00588355508343648,4.3887211918830875,2.9065565974344847,68.24016952514648,47.26213387147413,4326.269115882549,4975.829526203851,0.5467336988938535,0.33033888961626257,C:\Users\Lee\Documents\AI_Training_Data\ai_norm_vid\19700121_0412_68f8e0fea0608191b467afedbb016ff8.mp4,1
2.9821113388236067,0.06516123961787443,0.0014134163269773127,0.0002412882262680249,7.722700500488282,0.030373012150729288,83.9371322631836,5.116016550512551,932.8201490140839,188.41328504330897,0.1713273291249125,0.08716551589692513,3.359458260696292,0.01731887512088524,0.000332408826216124,6.324211263831318e-05,7.73639669418335,0.016255028118583502,53.71486892700195,3.901466261870027,182.0298790529236,33.53342445439953,0.17809832368548426,0.09041940602491595,C:\Users\Lee\Documents\AI_Training_Data\ai_norm_vid\19700121_0412_68f8e18c34e08191b3850ae98c781ebf.mp4,1
3.2021103309273196,0.027710146684970596,0.000286921820952557,6.0013417160307555e-05,7.74000768661499,0.058121689490135325,46.558413696289065,4.544201229064496,187.8649874177785,37.499710867999035,0.4290429807152677,0.23637058612963546,3.271761010324618,0.049494249137016104,8.785993486526422e-05,1.9692586626676242e-05,7.730227756500244,0.06984158909030207,26.72518424987793,2.7782467400061,58.86096627815438,13.494530867925707,0.34186126205683437,0.18610378203675484,C:\Users\Lee\Documents\AI_Training_Data\ai_norm_vid\19700121_0412_68f8e249149c8191a2a05832551aa76c.mp4,1
2.889411202917839,0.06079906855576269,0.0008155693765729665,0.00015383117771145135,7.841458702087403,0.015675957825099566,46.207470703125,4.958292593908357,614.9101850451356,141.6833802091021,0.15950463872595788,0.08516727274263637,3.1477092533078035,0.03334755478998338,0.00026560063706710936,4.636025365256068e-05,7.851283264160156,0.017989677240119614,28.638303756713867,3.660899933191579,172.43777291676483,30.7464935848481,0.14530853592370271,0.07770700960752266,C:\Users\Lee\Documents\AI_Training_Data\ai_norm_vid\19700121_0412_68f8e47e3b148191bf78afe941a8ce3c.mp4,1
2.8451855626384788,0.04497827061309228,0.0009214510791935027,0.00014868604245552993,7.822572803497314,0.0642008917309316,63.9429214477539,5.259598015820413,720.4907908741975,136.22304955002855,0.5209088383599628,0.2660347169234063,3.1443212732951635,0.05574997382224348,0.0003250392124755308,7.81883010886476e-05,7.836402225494385,0.052170841912021274,42.692351531982425,4.8329832984266865,214.75127137255475,57.213233084433966,0.4645716422203291,0.2348040751496178,C:\Users\Lee\Documents\AI_Training_Data\ai_norm_vid\19700121_0412_68f8e4ec4bd08191890081b68ac57882.mp4,1
3.059547830046164,0.0769428584752753,0.0004479634546441957,0.00022230900991263318,7.414464855194092,0.6734389244836385,47.60895767211914,14.918421870699314,294.3378066595782,142.32063996745313,0.6292149044453764,0.31575589008962934,3.1866719043718463,0.0989503835824045,0.0001279551892366726,5.233402476899404e-05,7.405583381652832,0.6878117726561209,28.434639739990235,9.08588843745914,86.52665479897115,34.40442059882283,0.5452407713463264,0.2735911138957499,C:\Users\Lee\Documents\AI_Training_Data\ai_norm_vid\19700121_0412_68f8f0b9f8bc8191afab29d30842420b.mp4,1
2.922084442479172,0.07222020074293746,0.0007333075045607984,8.928125731052101e-05,7.596058368682861,0.016448579632629624,49.140324401855466,1.4760653406230941,511.73449722896174,85.49030626838915,0.3903343349099537,0.259695441736622,3.212043545073186,0.07471753127127323,0.00022172855387907474,4.670054099562313e-05,7.593244171142578,0.019937256653810166,30.11494255065918,1.2553329322721787,138.03690040090316,32.62356154233531,0.32954368732332445,0.2106955698013148,C:\Users\Lee\Documents\AI_Training_Data\ai_norm_vid\19700121_0412_68f8f0eaabfc8191bc60d60b4ea480bc.mp4,1
3.011590869220237,0.056996672278187166,0.0008077690581558272,0.00036768081109645324,7.67199821472168,0.17164918866428464,59.506256866455075,16.731246302035068,501.36780015075874,221.64459791061702,0.5710311106399992,0.2891259493222395,3.169448231012594,0.09480019766320409,0.00021331000607460737,9.073622468538379e-05,7.693644428253174,0.17924974912467015,34.89804267883301,10.018655334035904,133.1341609876218,56.126546583605595,0.4741339497128513,0.24170753588318136,C:\Users\Lee\Documents\AI_Training_Data\ai_norm_vid\19700121_0412_68f8f2ce87ac8191ad9822841f8fd16a.mp4,1
3.038656424639891,0.05578324015894739,0.0008179638301953673,8.55746437942793e-05,7.852873516082764,0.030953805008691423,71.6490966796875,7.118009339411243,554.1236018342171,58.39038225080205,0.36907431165925436,0.289786125957095,3.212504753781326,0.05503188507245294,0.00023473472101613878,2.2842421972686677e-05,7.863188362121582,0.028827892148376104,41.45428695678711,3.621317086084642,157.64223996292563,19.79646214929319,0.32363655349858594,0.2427538435061677,C:\Users\Lee\Documents\AI_Training_Data\ai_norm_vid\19700121_0412_68f8f41e3bcc8191bf96fc85f0f401ce.mp4,1
2.8427453029209233,0.037968717453767016,0.0011965960264205932,0.00010932659062191978,7.842726325988769,0.016495111187593243,72.15172729492187,2.24369319911989,906.4717529389596,101.53685458573628,0.43600315891013697,0.21823558123463546,3.1129923401739155,0.08178303433457897,0.00038755680434405805,5.8695990734158476e-05,7.840267181396484,0.022924088326390115,47.429107666015625,1.6106518289452985,269.9199527567036,58.13940659708028,0.41009649860530895,0.20515741551190464,C:\Users\Lee\Documents\AI_Training_Data\ai_norm_vid\19700121_0412_68f8f7dabeb081919b56929d6a3e3294.mp4,1
3.117946114863235,0.07649358151507728,0.0002592952732811682,0.00012729076828118748,7.354976463317871,0.4074614099524344,35.77575035095215,5.482061028554831,178.80871406107923,90.80664901939934,0.5582945240401413,0.28001185190960604,3.1531421809120688,0.129138533420745,9.005520987557248e-05,5.2687784932710835e-05,7.368213558197022,0.4086303700046409,20.592974853515624,3.494585891882919,66.79863161765977,43.509437853692546,0.4534281404105368,0.22801239092930378,C:\Users\Lee\Documents\AI_Training_Data\ai_norm_vid\19700121_0412_68f8fa20adf081919e9da0091a2bd93f.mp4,1
2.9242794533245804,0.05890195767492892,0.0006246354663744569,9.599257161155067e-05,7.857220649719238,0.021415996923321075,45.50964889526367,2.546452585953941,472.45228800417965,90.86041238428149,0.18826994403262784,0.13657590101316927,3.1969026317200298,0.03541423142034593,0.00019349076901562512,3.296840401080675e-05,7.867212581634521,0.009435995580379256,27.73361701965332,1.8048704464736804,125.93039663142524,23.71655233753877,0.16131828516532745,0.10972863868902671,C:\Users\Lee\Documents\AI_Training_Data\ai_norm_vid\19700121_0412_68f8fb8de29481919dd7d108f5a0f838.mp4,1
3.0733964473392716,0.09820976471166143,0.0005754025536589324,8.000100770952102e-05,7.671160411834717,0.16218951225807623,54.8260139465332,5.417319896233529,387.2859395633445,64.7761812932623,0.35129705099451014,0.2588938609159624,3.270255691799001,0.06647566046873671,0.00016662809648551046,2.8318367177126945e-05,7.681065559387207,0.1727528540337599,31.75010414123535,2.308195644623873,104.68059372322105,20.05011360079205,0.30534915265868556,0.21665388495338986,C:\Users\Lee\Documents\AI_Training_Data\ai_norm_vid\19700121_0412_68f8fd6216148191a3f8df2472cbd08d.mp4,1
3.092314210543561,0.06382927289867768,0.0005215472774580121,0.0001598654397812373,7.7934250831604,0.05964241239596657,49.98966979980469,5.687972486924867,363.019051451268,119.00529560513777,0.43474464033023097,0.3000222895887225,3.2241360320206467,0.05729487559890938,0.00015564676723442972,5.071233522655098e-05,7.807110977172852,0.03872886853491358,28.6400936126709,3.4651653709511976,105.12979665711005,35.95384965563655,0.3590137635872489,0.2495085297047465,C:\Users\Lee\Documents\AI_Training_Data\ai_norm_vid\19700121_0412_68f9010dcde081919c942bfe90e2aaf1.mp4,1
2.590578219601184,0.010671941320295268,0.0013261286076158285,8.124623139672009e-05,7.795616722106933,0.02396647241537894,52.604338836669925,1.6867854073793163,1137.4742792349236,69.85211243611089,0.12693065091459022,0.09757883010417229,3.240574058594775,0.019414151163640196,0.00043705395073629917,2.700357494786997e-05,7.828136444091797,0.0068503390237300505,38.71182403564453,1.369238376666316,253.82694636976447,15.673315346506707,0.12990837294984747,0.08874508379994692,C:\Users\Lee\Documents\AI_Training_Data\ai_norm_vid\19700121_0412_68f901e4da308191bfdcd350bbf40c79.mp4,1
2.7976280571314747,0.4126716641476862,0.0005035390116972849,0.0003198196566973037,6.069955892860889,3.0041397389249562,44.16831064224243,26.98772574012805,349.0245097758765,179.25302532021996,0.5593218762761054,0.28303191141168893,2.867343359879493,0.5890384266888907,0.00020003641402581706,9.513070556796651e-05,6.0903514444828035,3.014807299337353,26.53155620098114,15.736075208629366,171.84231963439782,130.69358290382647,0.4684132042459567,0.23668860278700896,C:\Users\Lee\Documents\AI_Training_Data\ai_norm_vid\19700121_0412_68f905924f3081918b759874ff756876.mp4,1
3.0296810429800423,0.13025854536295156,0.0003817916411207989,0.00018125323026281994,7.822752380371094,0.06305692671027242,42.932647705078125,6.760330617585406,266.1485609194698,142.3430173742384,0.5084246124919354,0.2553728602993912,3.221196697283409,0.04423480943838142,0.00011301204431219957,5.590433750325397e-05,7.834636974334717,0.048349170676646736,25.606490325927734,4.737553078737277,71.75806571779759,33.567531979841256,0.39549385690071626,0.19955112569084213,C:\Users\Lee\Documents\AI_Training_Data\ai_norm_vid\19700121_0412_68f905dc75dc8191ae80f93a614727f0.mp4,1
2.539532165947784,0.14365879919538813,0.0013731342041864991,0.00039226946852602835,7.760603523254394,0.031400437314997864,78.49465789794922,7.461563609098244,1229.8421970753225,368.7742197261209,0.6049910929625856,0.31130092385407837,2.871317034452247,0.1789028761022018,0.0006613802048377693,0.0002895893288445405,7.770375156402588,0.023481891101991486,59.101036071777344,11.154689223634287,477.84779532775184,229.750621374554,0.566760839274835,0.29040161281595595,C:\Users\Lee\Documents\AI_Training_Data\ai_norm_vid\19700121_0412_68f907de6e288191a9c3b9ee17ac72b3.mp4,1
2.8524939563647607,0.05309220397498802,0.000339469822938554,0.00011035065878029896,7.799621868133545,0.04537317975895653,31.425381088256835,3.481594694040424,286.16608038842327,101.31097414355854,0.32543412342499783,0.1750406441848259,3.074939875485578,0.07197012294943843,0.00012676934857154266,5.153885627937404e-05,7.809449195861816,0.034837886026461,19.93207702636719,2.854078519446228,93.3926418430525,41.88302326976665,0.2494511268373901,0.13222525065214613,C:\Users\Lee\Documents\AI_Training_Data\ai_norm_vid\19700121_0412_68f9100089e481918a8b307dc189dfdc.mp4,1
2.872840810130408,0.04164790214175937,0.0017561772372573614,0.00020154174634288454,7.889886569976807,0.022811649011057183,101.64290161132813,4.328665268609489,1284.7602054627773,160.14002876388065,0.6016221777406537,0.30600317907122704,3.328096532309856,0.04980966110892896,0.00044078686623834075,6.170412629921427e-05,7.904207992553711,0.009286136535700663,68.98765106201172,3.882200640582245,245.64447709385348,35.66197948642389,0.5648240183605239,0.28430832619507834,C:\Users\Lee\Documents\AI_Training_Data\ai_norm_vid\19700121_0412_68f9125ae77c8191a9dae825fe5dc4ba.mp4,1
3.1279824789429114,0.047968941879118404,0.00031220511009451003,6.762787276600035e-05,7.808508968353271,0.043656007343224466,37.785379791259764,4.260545935126949,192.54774656797917,43.350029334414494,0.4187518682637205,0.21002872009907245,3.2984550046835905,0.027186251900981066,7.738827844150364e-05,1.708453787677628e-05,7.806818008422852,0.04553112753167004,21.920273208618163,2.5468771893582813,47.09368589455433,9.802098650766206,0.32103915271578537,0.1610452757789239,C:\Users\Lee\Documents\AI_Training_Data\ai_norm_vid\19700121_0412_68f9133cdfbc8191a6c817bb440716b7.mp4,1
3.161828512671709,0.11756357759972186,0.00021985027560731397,0.0001761266039530069,7.638460922241211,0.22848581317309632,38.959841918945315,6.742878003167089,154.43741860731376,125.30396665124219,0.42761489322783974,0.2575188181001171,3.2036212774321,0.08970064007403718,7.090927902027033e-05,5.2137478693703375e-05,7.633738040924072,0.23156930974594309,22.312644958496094,5.022194426317239,50.34602803538088,33.11902854326859,0.3368006321366664,0.20655736914221315,C:\Users\Lee\Documents\AI_Training_Data\ai_norm_vid\19700121_0412_68f918b987948191bd9fd07b2c40f8cb.mp4,1
3.0386443756720185,0.05176071823305657,0.0004782882460858673,0.00013986857287855232,7.5894646644592285,0.0953945419702147,41.67056045532227,5.6172523430999375,340.2774635761077,106.676727937367,0.5583360414508357,0.28085666171641105,3.1932513562077554,0.017367367748236422,0.00014383564121089876,3.983290292696657e-05,7.593038940429688,0.0844590884495342,24.521486663818358,3.540125519168128,95.65621356137424,22.57491631958148,0.45152193462841816,0.22834864469544827,C:\Users\Lee\Documents\AI_Training_Data\ai_norm_vid\19700121_0412_68f91a974fd88191ba54847f6d59a8b5.mp4,1
3.1228882655408396,0.0642650914659413,0.00048022643895819785,0.00014535692879631817,7.754168891906739,0.06563557769694517,48.18274078369141,3.3070296645899937,306.16128016258375,91.50881829351981,0.5224038197074657,0.27259132576914474,3.223601349950364,0.07953694011132627,0.00013820190215483308,5.906974660723995e-05,7.765371990203858,0.06296372750412581,27.627011108398438,2.1226616087061005,90.56824156242463,39.98467821545019,0.4266101570715848,0.222588745703555,C:\Users\Lee\Documents\AI_Training_Data\ai_norm_vid\19700121_0412_68f91fc0bfb88191b725d1d8d1171d7b.mp4,1
2.745085335593282,0.05293367907174558,0.0013238172163255514,0.000233569827693478,7.794160461425781,0.02823586825391749,60.46055908203125,6.499799258204778,1023.6106209331344,201.90529776669956,0.25613141720061366,0.1529512568446804,3.2621477131176264,0.027961124364674364,0.00041382384370081127,8.831568985166106e-05,7.80465669631958,0.01692568667823181,40.74001770019531,5.506368746617538,236.7868583404108,47.29516195591711,0.22560983488045938,0.12682304987316326,C:\Users\Lee\Documents\AI_Training_Data\ai_norm_vid\19700121_0412_68f92685cd5881919cfa5e6703b65a90.mp4,1
3.0642045788235945,0.08197869489943742,0.0003805214015301317,0.00022247565557393306,7.788031101226807,0.11183037610375958,38.41498565673828,9.883762215280369,273.48749259824996,158.31033764376676,0.5298979472062495,0.2709654511495078,3.212649733578273,0.05540066919127682,0.00011568986155907623,6.460048691671074e-05,7.808969306945801,0.09548094844523322,22.51589698791504,6.05308754742858,77.05277094523578,40.75298687953328,0.4344531395082035,0.22455000106819692,C:\Users\Lee\Documents\AI_Training_Data\ai_norm_vid\19700121_0412_68f927cd7bb08191a91e5f4a21535113.mp4,1
2.4215967260671833,0.08352688699468738,0.0013032604241743685,0.00020412438596097127,7.680424785614013,0.02545499644943955,45.84462661743164,1.4476690903854337,1243.402413644712,234.7586268032869,0.04953359712775644,0.025538860568127573,2.807323791248183,0.1399168721737023,0.0007380926457699388,0.00019650438826755574,7.685101890563965,0.015431100449115371,33.69860000610352,2.301364872808378,569.8310007193936,177.8219033755202,0.05636235538694745,0.02872016402016155,C:\Users\Lee\Documents\AI_Training_Data\ai_norm_vid\19700121_0412_68f929d88988819193658bd37ea8ea0b.mp4,1
3.1126159272146934,0.08484091008918797,0.0006921651307493448,0.0004435117680072584,7.810866355895996,0.09283146389160132,59.363318634033206,17.216083418497934,459.69827624639294,285.6551314634569,0.6323296920110721,0.3178383603696155,3.264236915722963,0.06195571493468788,0.00018958199507324025,0.00011065460255933377,7.821471881866455,0.09068608394064084,34.51884841918945,11.160809195600958,120.87854046095586,63.17994634832354,0.5279563394470116,0.2660496811094204,C:\Users\Lee\Documents\AI_Training_Data\ai_norm_vid\19700121_0412_68f92a946660819187ab2f8c4912930c.mp4,1
2.858036421955631,0.04613341471887542,0.00223440732806921,0.0002981534929830245,7.80823917388916,0.007036069282803172,93.64722290039063,7.295549995567635,1418.5830949322976,205.54628398308668,0.14998645943269764,0.08843161619890946,3.2712955052470543,0.026915509102526488,0.0005718844477087259,7.787638550049497e-05,7.799435615539551,0.010530369075280308,58.38181915283203,4.874143617656938,304.68260897452427,35.63684260610633,0.1603903236118086,0.0895232621526493,C:\Users\Lee\Documents\AI_Training_Data\ai_norm_vid\19700121_0412_68f9313f60748191bc38ed05a1a9caa3.mp4,1
2.9909533918130875,0.030074323770614645,0.0006957526493351907,0.0005218661736733677,7.604028415679932,0.13664059989872968,54.45402526855469,21.411200722794806,501.09543621644326,362.26607966052217,0.3364755647661315,0.2650405817437975,3.1925008997593136,0.0662361183612432,0.00021210990962572396,0.00014587217527010403,7.610154056549073,0.12781905307884167,32.74705085754395,13.146557803237787,136.97535782342476,86.75473736620462,0.30267977753579184,0.22308000350316148,C:\Users\Lee\Documents\AI_Training_Data\ai_norm_vid\19700121_0412_68f936f69d348191b849213b036ee304.mp4,1
2.902810855847118,0.05813806508531701,0.0013526648981496692,0.00015521851827616755,7.699610328674316,0.020686711823426338,66.15534362792968,3.716492103039369,916.1196396981646,111.24401476335743,0.17027078463388812,0.10448790809075058,3.1241918078141606,0.0967543442486596,0.0004463226301595569,7.606277757802036e-05,7.726948833465576,0.02015649157862862,40.18773880004883,2.2345950451114653,290.84613274273494,56.12544356022234,0.15620232070526768,0.0923846890213686,C:\Users\Lee\Documents\AI_Training_Data\ai_norm_vid\19700121_0412_68f939405fb88191a1312cff2402fde3.mp4,1
3.0388326941157398,0.08203703336775905,0.000581100193085149,0.00028497133460409245,7.812322044372559,0.06333000012708127,45.32507858276367,9.887276618931484,416.8593600552875,223.84986936285352,0.23480273353511644,0.16406830824590662,3.2620324248648354,0.06640277230158925,0.0001734045770717785,0.00010469093859298869,7.832421398162841,0.04799741046746374,27.63178482055664,6.619684141825158,110.76092359231063,69.74661062998165,0.2096445592531162,0.14155572899750163,C:\Users\Lee\Documents\AI_Training_Data\ai_norm_vid\19700121_0412_68f939d0859881919b79e47baa2770d2.mp4,1
3.0645095562208047,0.05463092344328661,0.00034826145274564625,4.3469400668727044e-05,7.80845193862915,0.02897392886014379,33.828392791748044,1.1378753048606054,231.46233294343946,32.28618624301085,0.4010804665434873,0.22612540517168153,3.282769157931542,0.059449366677459856,9.274493932025507e-05,1.4366537723156625e-05,7.817186450958252,0.019670671620547427,20.187876510620118,1.3325870615503588,56.90646594440024,10.101080455732706,0.31837170400155945,0.18081460908744942,C:\Users\Lee\Documents\AI_Training_Data\ai_norm_vid\19700121_0412_68f93c884ba081918f315df0871d8a68.mp4,1
2.46769635477677,0.021975346289319055,0.0016087746946141124,7.001713076993983e-05,7.7296710968017575,0.0349281132797941,62.482791137695315,0.7003977515118172,1377.1055792460165,68.66324080164136,0.06973973263830727,0.03860720593538107,2.775793382045339,0.07119098758298427,0.000807323947083205,9.840234896028886e-05,7.752126789093017,0.017358175360863176,43.88718719482422,1.085912552128789,643.896895302879,108.17235823411464,0.08078194280083577,0.04227077273395686,C:\Users\Lee\Documents\AI_Training_Data\ai_norm_vid\19700121_0412_68f94273f4348191b2d726bf2f767239.mp4,1
2.4168701134805244,0.01187240436824439,0.0023343877866864203,3.2761307836748e-05,7.814189910888672,0.029325271453698513,84.34444885253906,0.42973597861584484,2060.6076242998424,39.7711576156481,0.12178470782912368,0.06161340469666515,3.0397802369928257,0.018645402522859574,0.000946183199994266,2.823272125018387e-05,7.83038969039917,0.016493210669344543,71.08236694335938,1.0803385152618399,599.8251004079481,24.304839596676974,0.17666957178388037,0.08890228689354246,C:\Users\Lee\Documents\AI_Training_Data\ai_norm_vid\19700121_0412_68f945b19d64819186a470fb916db3f9.mp4,1
3.041859199876591,0.044534508459435344,0.0010785304359160364,7.589949039067894e-05,7.693610000610351,0.025649552429578025,75.26717987060547,0.9709095110589813,688.1849350591878,64.96871904340232,0.17879657851942526,0.09726763161044419,3.254973895431406,0.0463898080580572,0.00028716413944493977,3.079439395860073e-05,7.703023910522461,0.010375055498376458,44.23498611450195,1.051692711206439,174.735062528876,21.99810193356635,0.17335210008932986,0.09122081552963004,C:\Users\Lee\Documents\AI_Training_Data\ai_norm_vid\19700121_0412_68f947de118c819180c1d04bfc984d5f.mp4,1
3.1674276383652353,0.019863641082592268,0.0003048035112442449,0.00012006549079681155,7.809947872161866,0.0937689297839563,41.74490814208984,10.67416779448545,190.58021037905078,71.08651063131542,0.2097886664255534,0.2294719430265379,3.256775486293307,0.04103459487278712,7.915463866083882e-05,2.741691061075542e-05,7.8089673042297365,0.09691198504543552,23.708281135559083,5.985344914063027,51.42051148677986,16.096764187989887,0.17474869725872327,0.17690224691869777,C:\Users\Lee\Documents\AI_Training_Data\ai_norm_vid\19700121_0412_68f94d6e865c8191b4d8d54d08dc5f88.mp4,1
3.1626989416649764,0.03602916224613344,0.0006906802882440388,0.00047409262256365635,7.877082252502442,0.028378853402144237,69.15470886230469,24.80518523469293,430.1827235208747,281.23510018462844,0.5458119125886534,0.2968311865173229,3.34395403539869,0.029470050420656885,0.00015712896347395145,0.00010151441798288362,7.896384143829346,0.006908115666609666,40.96538162231445,15.54558153344238,88.4984234480404,50.30499581676627,0.47661525051535636,0.2583813978485382,C:\Users\Lee\Documents\AI_Training_Data\ai_norm_vid\19700121_0412_68f94e428d688191ad2aacadfd0dfead.mp4,1
3.0894207447707833,0.057027421529769654,0.0005094746651593596,0.0001001926310068001,7.63569917678833,0.043521109578209226,38.7709243774414,3.0265008275992518,338.0662787526508,73.02175325427876,0.3349931789606931,0.16971846838092594,3.2076740894438864,0.06735845545117257,0.00013704459997825323,3.25666595356217e-05,7.642373180389404,0.04286751598953306,22.892295837402344,1.8403641332848513,90.7305494850719,23.536143444940446,0.2582664778196163,0.13085250316571873,C:\Users\Lee\Documents\AI_Training_Data\ai_norm_vid\19700121_0412_68f9636a9be081918975adf8213ff07a.mp4,1
3.2404215147713957,0.03064977719783664,0.00016739614802645518,8.460348106293171e-05,7.661006450653076,0.006251573347126078,34.98582649230957,7.513655548376065,107.73079137245591,52.311511045836745,0.4140561437691431,0.2645011392399923,3.2275684797572297,0.06947925148570962,5.359047390811611e-05,2.8813928231088652e-05,7.67745418548584,0.02479761014741344,19.225774574279786,4.0173551038180335,41.130967495267015,23.702260654781426,0.3250435005966497,0.208460857306984,C:\Users\Lee\Documents\AI_Training_Data\ai_norm_vid\19700121_0412_68f968d615688191867f6aecf1e88af6.mp4,1
2.9580487655923253,0.1377196747570052,0.0002769862156128511,0.00013678969286891812,7.736013031005859,0.10166870314828848,35.35703315734863,14.598705749351886,197.01671139564746,82.44521569609627,0.5027822582427166,0.2585542616568027,3.1430606338950158,0.09393881104338743,9.108285958063789e-05,3.841293935285937e-05,7.741919422149659,0.09574887249355336,22.037205314636232,9.075843364465554,59.68820467112198,22.33086220314583,0.42568175003008035,0.21748156879344613,C:\Users\Lee\Documents\AI_Training_Data\ai_norm_vid\19700121_0412_68f97913f87c81918d522e1f410fac7b.mp4,1
2.99062298133848,0.19956789082244564,0.0008743941260036081,0.00043238538826061347,7.846323394775391,0.05898568449809122,66.33725204467774,3.1634141893440724,589.9363717242297,301.8468194850569,0.5032375896842597,0.31261608396839485,3.173505713973574,0.0822365567253591,0.0002744540513958782,0.00014367449320804823,7.862150955200195,0.058958853724241665,40.34697799682617,4.452459224316362,176.7350473238701,86.43708771639457,0.4299286949780868,0.26329757664415177,C:\Users\Lee\Documents\AI_Training_Data\ai_norm_vid\19700121_0412_68f97914fb108191b74c3e44ad689808.mp4,1
2.832022309929537,0.1666161265954699,0.0031087588518857955,0.0016510877094077306,7.918922328948975,0.018164969985586598,111.18628234863282,26.177835362822144,2156.71448148725,1313.849255609221,0.6512873631055143,0.337148413700952,3.2366930859059737,0.10703159073138455,0.0008013216487597674,0.0004939897805977083,7.927706146240235,0.014221342193050728,75.4043815612793,22.478951311700698,463.6030143403885,298.90152281835447,0.591984029669144,0.3061006983081589,C:\Users\Lee\Documents\AI_Training_Data\ai_norm_vid\19700121_0412_68f9791530e481918adf202f8a5085bb.mp4,1
2.6812044535220765,0.08730110698377874,0.0031635093502700327,0.0006762277550574147,7.926932430267334,0.0032471562871405294,134.4046371459961,10.759743880582143,2407.1819829348583,594.6423427564503,0.333045368160778,0.18219984621159485,3.276803775188384,0.040506113293167265,0.0008687964640557766,0.00022010319032666204,7.928321075439453,0.0027337789750729834,96.62735290527344,10.432693963785345,484.9768406415151,123.59064185093985,0.4023262073787106,0.21208769931635726,C:\Users\Lee\Documents\AI_Training_Data\ai_norm_vid\19700121_0412_68f9791675c8819182635a7fe3a98df4.mp4,1
3.0681541456170414,0.17121176609712457,0.0004896164522506296,0.00010467183887720108,7.676304817199707,0.15020687909238728,51.166510009765624,2.9913727844968205,354.60331846301534,121.47014869456106,0.5612737475023029,0.313594832265113,3.216110807496394,0.1324242653529395,0.00015525440394412727,7.322233175491516e-05,7.676380920410156,0.14929357220896247,30.228459548950195,2.1547388562285446,106.5593850872353,57.53502389204803,0.47253552951297595,0.26787807668802427,C:\Users\Lee\Documents\AI_Training_Data\ai_norm_vid\19700121_0413_68f97f1944d08191822734fdbf07ce6a.mp4,1
2.985513195525043,0.12748275498254502,0.00047237306425813587,0.00025618157239900083,7.543497943878174,0.11770097434292273,37.000413513183595,7.360778568237595,341.1661239629624,175.49107523845842,0.4991483944440038,0.2549170587173449,3.144784092242202,0.10016905541841847,0.00015671935470891186,7.408847596994946e-05,7.558904361724854,0.11670649180375349,22.281349182128906,5.10020764662901,108.0082457122318,46.90479913828203,0.40932755711519875,0.21150477517863478,C:\Users\Lee\Documents\AI_Training_Data\ai_norm_vid\19700121_0413_68f97f1957608191bafae2e5b4c3b696.mp4,1
3.0656672164192544,0.05348295424926151,0.0005357959191314877,8.315308216244949e-05,7.628600406646728,0.021920479167601457,52.915401458740234,3.147233645076159,351.8595760220538,60.723344815590636,0.49649000482100886,0.24944745898632903,3.2680811692290996,0.05034924467482282,0.00014266755460994317,2.5737922044477785e-05,7.651783275604248,0.0058774519065691,30.73712272644043,1.906544339218683,89.53990848830423,18.24283370436582,0.39666859070669835,0.1990871095573553,C:\Users\Lee\Documents\AI_Training_Data\ai_norm_vid\19700121_0413_68f97f197b38819192bbb62e4c01cf2d.mp4,1
3.177879195932227,0.05476548030462278,0.0002649387693963945,5.687109066367153e-05,7.102893733978272,0.6396085986616366,36.6155948638916,6.687896378969429,182.09302864236216,38.375200107935704,0.43315017398816913,0.3486174055934039,3.3193849715041566,0.019018871386523556,7.203142668004148e-05,1.8497139945024626e-05,7.101113510131836,0.6444409404354564,20.46562843322754,4.0130668495548285,47.15373626462771,11.381056151721932,0.35580365641923556,0.2899354784196238,C:\Users\Lee\Documents\AI_Training_Data\ai_norm_vid\19700121_0413_68f97f199dac8191af5b8141086a4659.mp4,1
2.9082165449085573,0.06752545447436331,0.0005081348470412194,0.00014646455325677455,7.800922203063965,0.05279848610869884,39.62450637817383,4.342139419775388,376.2519133726062,131.44057063766385,0.44968892814885947,0.23189196012676486,3.1454691753814004,0.05037355922362994,0.00016550941945752128,6.042559936634117e-05,7.811183166503906,0.0374797744290686,25.774407577514648,3.273779919178165,109.65372873900758,42.56008404027158,0.37346417494364753,0.19506230935959842,C:\Users\Lee\Documents\AI_Training_Data\ai_norm_vid\19700121_0413_68f97f19a6148191a2be94c755b139d8.mp4,1
2.8824610519142118,0.157443316708534,0.0011485017195809633,0.0005196553665050594,7.875402641296387,0.04695490139828655,66.04798736572266,14.056603346140557,839.6387457084287,426.6052726760761,0.6073436594756279,0.30925629121590037,3.205514877884378,0.06768530299270535,0.0003244845836888999,0.00016716783019267388,7.879121208190918,0.054949447923112335,43.60118408203125,11.80028150495067,198.39505445329908,98.87606454376422,0.5286409423089843,0.2730816522232634,C:\Users\Lee\Documents\AI_Training_Data\ai_norm_vid\19700121_0413_68f97f19a9708191b7d1158cfd16c43f.mp4,1
2.9924702629107363,0.047101856615993545,0.0005963276547845453,0.00010101295819132898,7.876422500610351,0.023420396851014456,55.94273681640625,3.025516000296646,427.73824701657225,94.12906169883821,0.437000937923275,0.28162689291732906,3.3515194980918097,0.03689122163659557,0.00015147528174566104,3.1238023830933396e-05,7.887599468231201,0.004185451654495555,36.10345306396484,2.6808323628898076,87.08813663505757,17.884199596293627,0.4057810608064685,0.24280107388130254,C:\Users\Lee\Documents\AI_Training_Data\ai_norm_vid\19700121_0413_68f97f19aefc8191b354c30fd7b2415b.mp4,1
3.0564182886294646,0.13595287750368787,0.00010979655671690125,6.508054405714566e-05,7.60623140335083,0.042231436109813024,14.598670959472656,1.5049403426772636,85.60828852626764,53.325407065485145,0.13184487632707217,0.06830656381029422,3.0919170416542094,0.15884145342228845,4.243369357936899e-05,3.0249108370075078e-05,7.6063579559326175,0.041744566424733766,8.966201210021973,0.9181983321623831,33.66992965575821,26.468158446576048,0.09014782389729639,0.04666778501685935,C:\Users\Lee\Documents\AI_Training_Data\ai_norm_vid\19700121_0413_68f97f19e6c08191a4f5e436eb2e21bb.mp4,1
3.182005024644293,0.08244996269731225,0.00018804612045641989,2.3810955213097657e-05,7.634107494354248,0.07221639332468531,27.43016242980957,3.1326899693646246,126.15993359622944,20.369153182341975,0.4169516024317844,0.21139819904491308,3.226627659526043,0.1254889678609185,6.007829433656298e-05,1.5920404107255417e-05,7.636168098449707,0.06976053919986239,15.317382621765137,1.709207229568341,44.10637193909496,15.826958613218254,0.32616057781645813,0.1661399129817923,C:\Users\Lee\Documents\AI_Training_Data\ai_norm_vid\19700121_0413_68f97f1a0bec8191a5089ceba22f1117.mp4,1
2.8544509534497693,0.06207192061535817,0.0027180361561477185,0.00035612892649855034,7.5729673385620115,0.05139163928666934,97.05343627929688,4.54578005849898,1765.7220992531497,283.7003644544955,0.6078426739831416,0.304441503505365,3.131380171332205,0.10267253908931212,0.0008282755734398961,0.00021820047262715713,7.547179126739502,0.05656984467819946,59.35289611816406,2.7369274171907185,512.0571741958381,160.5762760357764,0.5204754447731877,0.26074505260790204,C:\Users\Lee\Documents\AI_Training_Data\ai_norm_vid\19700121_0413_68f97f1a197081918b808b76d685d0c5.mp4,1
3.1759150621720553,0.060694141217064006,0.00028984189557377247,3.510760699256956e-05,7.764613342285156,0.028524757236969518,40.16002578735352,0.5354243973232582,192.86883226241974,30.9354979667266,0.09399551206824681,0.07002566421409537,3.2877851111866327,0.0578801547273967,8.338557163369841e-05,1.5996006062190017e-05,7.76878719329834,0.016142150153267188,22.530409240722655,0.47802952309754354,55.16730910837488,12.156919949840894,0.0898387037680715,0.06014366925177731,C:\Users\Lee\Documents\AI_Training_Data\ai_norm_vid\19700121_0413_68f97f1a40a881919b49b8fa0f089d1b.mp4,1
2.6767734314602,0.0199770642660789,0.0012053071986883879,2.7221011181131612e-05,7.654782009124756,0.05792747081972507,60.402931213378906,0.88402232304907,935.0892485643675,28.569989216906432,0.09666498568502986,0.049774318822862325,3.210925196181693,0.02215877896687521,0.0003671377431601286,2.0853508762347435e-05,7.6579080581665036,0.04565044889176313,42.98972930908203,0.5981031564814836,214.44861103180133,13.133189316198969,0.11364303907441584,0.05843628626574722,C:\Users\Lee\Documents\AI_Training_Data\ai_norm_vid\19700121_0413_68f97f1a431c8191b80e068fee4720b5.mp4,1
3.1086781231616643,0.05031594153180955,0.0005454847065266222,4.937025383817392e-05,7.498735237121582,0.012348760131247794,55.74283218383789,0.9370167082325225,352.81910576330677,43.66634503457685,0.2450100179878712,0.13692116612414484,3.305356307488855,0.04210021848408252,0.00014003916876390577,2.0707021964320943e-05,7.510679626464844,0.018863520181398957,32.25556335449219,0.8273579498405021,87.76085210421665,16.955189122516238,0.22776237427711457,0.12164699972092709,C:\Users\Lee\Documents\AI_Training_Data\ai_norm_vid\19700121_0413_68f97f1a4e008191b98d594eb769a6dc.mp4,1
2.8652956425495946,0.2841751960699693,0.000899875775212422,0.0004504666791077799,6.801717853546142,0.44186072135506577,54.9118034362793,8.02402815334091,686.6208978981308,410.49994623481814,0.5544725577946539,0.2828381766059409,3.0178222111746775,0.29077112589546994,0.00039834014023654163,0.0002948201117156801,6.78916654586792,0.4609339992664373,35.30972023010254,6.679782305591748,305.3330766573402,256.133962605768,0.4735065257047246,0.24042081031108617,C:\Users\Lee\Documents\AI_Training_Data\ai_norm_vid\19700121_0413_68f97f1a58ec8191adc0e1db596f9a43.mp4,1
2.846388998923455,0.040499109079932934,0.001491192588582635,0.00016722601924332872,7.783145809173584,0.025809952743515684,90.92411956787109,5.027943780703179,1210.9524295683836,155.08586059756814,0.5850351510571835,0.29549131374969295,3.252027063245143,0.02568424563106326,0.0004173368331976235,6.116506134068993e-05,7.798400115966797,0.016288227131855935,62.39997482299805,3.914673692405537,250.4199358403931,36.95487930798454,0.5376698209270006,0.2698441444543731,C:\Users\Lee\Documents\AI_Training_Data\ai_norm_vid\19700121_0413_68f97f1a75dc8191b1c25a3110d00bdb.mp4,1
2.9872272723741977,0.09450488388283682,0.0007360971416346729,0.00019706185850340154,7.694553565979004,0.034913429558533444,63.46255874633789,4.367503816873294,504.9790003856213,161.5103339282559,0.4356475741951053,0.26372420799114465,3.1588694956636862,0.07500617593636723,0.00022505090164486318,7.911879228781447e-05,7.703370380401611,0.04434136392609883,39.59285125732422,3.9206330737845665,149.14904458487916,55.19723540061607,0.38822419188163304,0.22421772459635655,C:\Users\Lee\Documents\AI_Training_Data\ai_norm_vid\19700121_0413_68f97f1a7f588191b19ba3d410293a71.mp4,1
2.822915246579187,0.06731054942267495,0.0018135434482246637,0.0001759766517823697,7.84332504272461,0.024779610744271666,98.90674743652343,1.89915622926428,1305.5191083470668,170.81038762430083,0.6125809165596454,0.3063985588086718,3.304947733787104,0.06475644005879751,0.0004447346378583461,6.120194361313121e-05,7.847081851959229,0.01659720489595549,67.63697052001953,2.0080859468460805,248.52303101950525,48.48909611037828,0.570698328029222,0.2853854989532228,C:\Users\Lee\Documents\AI_Training_Data\ai_norm_vid\19700121_0413_68f97f1b00cc81919c0aa1f15afe8c99.mp4,1
2.8149049127317562,0.3706616563612452,0.00127622903091833,0.0007637620619958593,7.450453662872315,0.3808328033586432,64.04312515258789,8.51191867319669,1156.3931461202615,900.5253775756587,0.3416415228467358,0.2670954111460923,3.20065634479205,0.21251168923584823,0.0004923675878671929,0.0004191794217437929,7.449725723266601,0.38350781999496136,44.76716995239258,14.639064158597956,330.671650399982,301.68704140888354,0.32513191368792865,0.24217480145884468,C:\Users\Lee\Documents\AI_Training_Data\ai_norm_vid\19700121_0413_68f97f1b032c819189411a4c92fefd2a.mp4,1
2.951534372347864,0.2295524813151993,0.0007777584134601057,0.0004231203651510828,7.782820129394532,0.05006173151453553,53.75466690063477,7.998504463536888,629.9665957408354,374.13853909338695,0.4407349736182202,0.28558376052678247,3.218719970652855,0.13138359409943623,0.00027625268849078565,0.0001683149140559158,7.80078353881836,0.03125194253357858,33.38050575256348,6.5654677482021935,181.4011050304989,112.2526542283835,0.3778963400420751,0.23114589296167648,C:\Users\Lee\Documents\AI_Training_Data\ai_norm_vid\19700121_0413_68f97f1b12b48191adb7f6d8733689fe.mp4,1
3.09993175794878,0.07320997786834645,0.0008307115698698908,0.00021058275714952774,7.87055139541626,0.03530668069373851,71.56211013793946,13.257639879938619,499.3035992193198,123.14077793428953,0.6293887049604711,0.31486493944836824,3.2773671426694335,0.0916276118515211,0.00019617586222011595,4.181802991450725e-05,7.867531490325928,0.037051353448629865,42.94170722961426,8.231193568111319,115.07544341411639,23.343769155421175,0.5437410489125347,0.2722700694376824,C:\Users\Lee\Documents\AI_Training_Data\ai_norm_vid\19700121_0413_68f97f1b325c819187a67e9dfec9cc78.mp4,1
2.5392287339404227,0.06536980956950147,0.0048741412349045275,0.0004517448086243223,7.890981006622314,0.022897992981682068,134.60919799804688,3.101119671435786,3779.1093063194057,453.30389326084656,0.5844564564044686,0.2924153484010498,3.2705763164463315,0.05377861611853826,0.0014106376096606255,0.00022320108081596562,7.889486503601074,0.013841411370191282,103.53753662109375,4.690142298493518,747.795927549042,138.05867233394397,0.5437811226292473,0.2720597616894919,C:\Users\Lee\Documents\AI_Training_Data\ai_norm_vid\19700121_0413_68f97f1b38a48191875773657eab94b1.mp4,1
3.1029131721722067,0.0590896250607404,0.00038409484550356866,7.990725721754036e-05,7.18384313583374,0.06975733175748822,40.41199798583985,3.7569261810256265,275.5005174873028,63.40644119777651,0.5098625769391626,0.2614045541801985,3.281706734788299,0.051259406488519704,0.00011546795867616311,2.9976920394187188e-05,7.1792679786682125,0.06969280567931462,23.04990921020508,2.0147139904334934,74.84847520090989,20.753175608718355,0.41608481404445935,0.21432605988504205,C:\Users\Lee\Documents\AI_Training_Data\ai_norm_vid\19700121_0413_68f97f1b47748191a15ca47157f3240f.mp4,1
2.6949880615858133,0.3771722663718005,0.0009386780904605985,0.0006497887051934673,6.707857322692871,0.810570064489839,40.855316162109375,11.251080480360145,732.0703613571286,521.7469163039374,0.4473258546924492,0.25528840925985985,3.0296490073733198,0.23295297619021904,0.00040489886232535354,0.0003070674083181186,6.70789680480957,0.8077257391959389,30.50423469543457,12.117339269169552,252.9088430192763,190.69377937851337,0.3850389965880785,0.22984762866580055,C:\Users\Lee\Documents\AI_Training_Data\ai_norm_vid\19700121_0413_68f97f1b6adc819182e4f8dd45c63ca0.mp4,1
3.2627919284800804,0.05559061238244279,0.0009581439895555377,0.00021277054000502907,7.686727714538574,0.06833086440085091,61.21425170898438,3.1303461091844533,525.9209369008938,108.42366705566978,0.36631484885196,0.2543751429006001,3.3488949422336787,0.05448715222416337,0.00017660486628301442,4.723303219120682e-05,7.702068328857422,0.07875916270789933,35.76658248901367,2.509145496166558,104.05708565488814,29.826230976660945,0.31052635029283226,0.22236233107023382,C:\Users\Lee\Documents\AI_Training_Data\ai_norm_vid\19700121_0413_68f97f1b84f88191aca1162fe2762813.mp4,1
2.926130041658915,0.05152861954035249,0.0005446680239401758,6.813758409111356e-05,7.81886739730835,0.02257963772505337,39.60425033569336,0.9719865049459107,373.51804320369075,56.74494151582946,0.2106271562572795,0.1338585565077708,3.2593365139495916,0.04094780028616507,0.00015297975187422708,2.364371614611849e-05,7.828465270996094,0.010956658338675465,24.573855590820312,0.7654107952505453,89.20279728745993,15.99858122314128,0.1869441085704135,0.10934333901673766,C:\Users\Lee\Documents\AI_Training_Data\ai_norm_vid\19700121_0413_68f97f1b8bfc819185b331230b56b3a7.mp4,1
2.8562053974986323,0.07280811775410286,0.000971852894872427,0.0001564845438619778,7.7824359893798825,0.10808057044664153,55.21528930664063,2.290014104320023,738.0997097690524,132.71572085283273,0.507318683654584,0.3051713965657865,3.1256646335263207,0.0811240196849797,0.00033457772515248506,8.788080085479783e-05,7.788746547698975,0.09630330099727409,34.844549560546874,1.7066443028512566,219.98749863165895,56.19971015291501,0.42726967748988265,0.2579584550842309,C:\Users\Lee\Documents\AI_Training_Data\ai_norm_vid\19700121_0413_68f97f1b8f0c819196cbc37b6d66ef75.mp4,1
2.9810874262079894,0.10018555079191324,0.00035272285749670117,0.00013545269109450095,7.657577705383301,0.0896137873382902,36.01554908752441,3.3389307785060134,285.93445967955057,120.04573974231978,0.3943309499588854,0.26990987168629416,3.1169099237351707,0.13461482300452676,0.0001415684680978302,7.646395456360447e-05,7.655211925506592,0.09036318795433235,22.324980545043946,2.5112800503128976,112.41523550761224,71.28794355140145,0.3131396457859429,0.2051218045055644,C:\Users\Lee\Documents\AI_Training_Data\ai_norm_vid\19700121_0413_68f97f1ba57c8191885e22ea74a1285a.mp4,1
2.747821896331116,0.09448096449623813,0.0016147251590155065,0.0006530735739619216,5.109162712097168,0.07046008611634508,57.279763793945314,12.234347744672144,1147.8979558295207,419.5369740026278,0.22887077248647153,0.18893645652288016,3.0359835950079224,0.06944157478851799,0.0005461273831315339,0.00018568607548204844,5.107238864898681,0.06976583927391046,37.27862396240234,8.227759874843093,355.3448380587789,94.09760525235522,0.21283691900254356,0.1635791380123833,C:\Users\Lee\Documents\AI_Training_Data\ai_norm_vid\19700121_0413_68f97f1bb8d88191bc94ce1c1f3fce7a.mp4,1
3.0168726546411033,0.05465958251193481,0.0010383902001194656,0.00012090631645167483,7.892189311981201,0.028880535368121872,83.91473388671875,1.5433178246960408,735.2587233973239,108.60007414111386,0.15093257912772987,0.09848241344900707,3.3126674104964335,0.038138445786063825,0.0002841479901690036,4.454208300599784e-05,7.912970638275146,0.004818523807344615,50.69886245727539,1.2372391847509394,171.68209283052863,30.691376480679747,0.1641055216238681,0.09771095382673806,C:\Users\Lee\Documents\AI_Training_Data\ai_norm_vid\19700121_0413_68f97f1bc6fc8191a0f3f78a3f0d80d1.mp4,1
3.110938229401973,0.03134022338149044,0.0004930378578137607,4.7929461235577084e-05,7.621135425567627,0.022310986240739936,47.03169250488281,1.444525977863243,318.4196922679513,35.012230132901735,0.2269963121518689,0.11695818079039141,3.310019960435283,0.02118737267333791,0.00011910823814105242,1.064553940441855e-05,7.622988700866699,0.007912489584070289,27.609817504882812,1.1345075726002463,73.67049724901844,6.733119901429102,0.20382182733204207,0.10434441006216957,C:\Users\Lee\Documents\AI_Training_Data\ai_norm_vid\19700121_0413_68f97f1bd5148191a22492f11fd8febc.mp4,1
3.0656125682181954,0.05936913848754891,0.0003373912302777171,3.550343813021667e-05,7.620474433898925,0.04175408748463187,39.26092529296875,0.6841363260762586,239.17222120156038,34.63242631921931,0.18214393293637096,0.10472342932773074,3.2143274413207514,0.06776851080321242,0.00010296443942934275,1.7361933151684066e-05,7.6236451148986815,0.030012877595007155,23.894386291503906,0.7906494539710157,69.7377837157584,14.161126022782618,0.1753983166367712,0.09845688449021124,C:\Users\Lee\Documents\AI_Training_Data\ai_norm_vid\19700121_0413_68f97f1bdfe48191ba293de9054feea3.mp4,1
2.6085882587069342,0.007338836774550613,0.0013818215113133192,4.1371717195016186e-05,7.813706874847412,0.029383652771479203,56.8149528503418,0.9375967164988974,1075.6340451371302,30.36107200307108,0.14177637402651092,0.07193143293135967,3.141570334768776,0.017892087646726302,0.0004611585347447544,2.9202980336862587e-05,7.829787063598633,0.010515797753788681,39.316795349121094,0.6844024677466696,272.74051427287384,18.53484913910878,0.1326459078409841,0.06725452705436272,C:\Users\Lee\Documents\AI_Training_Data\ai_norm_vid\19700121_0413_68f97f1be1988191855c8ea24c9bad8c.mp4,1
3.0925031571533284,0.05978841559571989,0.00032362388155888767,4.6667903137531245e-05,7.86902379989624,0.023544208074578535,36.81924591064453,1.963503928546329,216.28404422081795,36.97578428608083,0.39865566832786103,0.2027708100169865,3.3305051488839,0.029403844241645136,7.951494117151015e-05,1.4882806191200692e-05,7.87762680053711,0.011212760807897921,22.345237731933594,1.4232437152615383,47.261648043137036,9.380102082257588,0.31857357312149126,0.16137425828299604,C:\Users\Lee\Documents\AI_Training_Data\ai_norm_vid\19700121_0413_68f97f1be5488191bd75093a77902c25.mp4,1
2.976670127370249,0.07547825855901126,0.0009528603870421648,0.00012653368171451577,7.7042662620544435,0.03429868667906236,66.73533477783204,1.3553224909944015,665.7198396241587,121.82896066945877,0.09177039903821023,0.05513195813781585,3.2355405189027606,0.07391119345639816,0.00029323583876248447,7.035865026387331e-05,7.719524478912353,0.01641243907599652,41.43020095825195,1.6635481613469443,180.57777445150813,49.55092288234111,0.10327231687920828,0.05920016893751214,C:\Users\Lee\Documents\AI_Training_Data\ai_norm_vid\19700121_0413_68f97f1bebe08191a6d9956f8e14d20c.mp4,1
3.0945104836477144,0.10402945225710891,0.0004063545580720529,0.00018502027837661612,7.815011692047119,0.09102993816772154,44.88306655883789,12.895314906698678,268.98033562939287,119.41603280472589,0.34337905791111256,0.2872933282271659,3.2724979732259003,0.0683012820117386,0.00010914286685874686,5.474999186836401e-05,7.8157203674316404,0.0931090060292701,27.341229248046876,8.210434888362697,68.4344957082074,33.28018398514509,0.2959086276114499,0.23655370699902467,C:\Users\Lee\Documents\AI_Training_Data\ai_norm_vid\19700121_0413_68f97f1bff40819181291f397b6c2d50.mp4,1
2.8744243612087703,0.05010842091292333,0.0012788932770490646,0.0001116437217109079,7.6894172668457035,0.03350097683829419,61.793721771240236,1.0415656860616032,913.4031193009807,103.33689580229297,0.19616312908903333,0.12101751385195979,3.2576588505540736,0.040884317118559076,0.0003529875189997256,4.7454526490714866e-05,7.7008522033691404,0.029044480206223234,38.60204086303711,1.4197581983828214,207.3490358933554,27.799019267885175,0.19124531668700054,0.11184649575647036,C:\Users\Lee\Documents\AI_Training_Data\ai_norm_vid\19700121_0413_68f97f1c42a88191a2ed2dd6a2c2ed62.mp4,1
2.6306439289192074,0.02404093805301221,0.0028460567817091944,0.00028664505846779856,7.885560321807861,0.015552440230942637,116.82144622802734,7.465218600439905,2141.76288209426,189.7950339005939,0.5214906275679756,0.30033028140500384,3.2852745818217612,0.031497813233869965,0.0007614594302140177,5.423562545467794e-05,7.878092479705811,0.013208888156710402,85.32808227539063,3.6145389602419553,412.2148835443546,36.377318537998356,0.5318620585511971,0.2980091897022778,C:\Users\Lee\Documents\AI_Training_Data\ai_norm_vid\19700121_0413_68f97f1c565081919c891bb1e68cd8f3.mp4,1
3.0526850019064136,0.04938827785391822,0.0006341351952869445,0.00024428091051503364,7.823460292816162,0.03677087090165758,62.68904113769531,3.0327843980432116,458.20116739363675,183.1718650868725,0.5451501104502336,0.31262058345228244,3.2529150250400916,0.0598460781515733,0.00019503869261825458,9.002789366836508e-05,7.83599214553833,0.030531279321858344,36.68392333984375,2.147925235637324,128.47717802447272,61.803321250394866,0.4691095648576387,0.26761224097578395,C:\Users\Lee\Documents\AI_Training_Data\ai_norm_vid\19700121_0413_68f97f1c5b188191972671c1d747b0ce.mp4,1
3.076099615739075,0.18528726551960015,0.0006064812187105417,0.00033212859841262794,7.882198905944824,0.02968797722515198,53.014810943603514,11.78892437866006,426.6996498942884,257.43326131624406,0.32864881753916764,0.25373142018448175,3.2949243920133666,0.07247877847842105,0.00017814937746152282,0.00011177648395668428,7.890526485443115,0.010023146068520146,32.16793670654297,8.338726870720798,107.97785734156298,67.1392372373839,0.28290040899987695,0.21251775132438885,C:\Users\Lee\Documents\AI_Training_Data\ai_norm_vid\19700121_0413_68f97f1c6d2881919b10ed4b75447eb4.mp4,1
2.838374151181946,0.21202654579072752,0.0006595414539333433,0.00026559967779374424,5.471153116226196,1.9301834059577367,37.973043823242186,7.665098690483829,530.8602219891669,256.9521206849063,0.22849169186305254,0.35405088021992476,3.1719590544838026,0.05357260491282486,0.00022399953741114587,0.00011778248864024012,5.485878419876099,1.9541164076782351,23.996258544921876,2.543100281694852,143.3354406913241,76.16790608878426,0.22229957555241664,0.3339270335977648,C:\Users\Lee\Documents\AI_Training_Data\ai_norm_vid\19700121_0413_68f97f1c7d708191bba3154621e26824.mp4,1
2.9993917073037393,0.10749230139489908,0.00031249445746652784,6.386622775492476e-05,7.392208766937256,0.320849726556675,26.00251235961914,2.064455540524537,222.19242660911567,56.06763999670352,0.2858644340186983,0.14315422789026536,3.0734916745036887,0.16453368354900536,0.00011011204333044589,3.9169616085151445e-05,7.401964950561523,0.32615834218784323,15.3169095993042,1.2664763368618106,83.35205929444089,36.3850108957693,0.20559656918432578,0.10325049341704234,C:\Users\Lee\Documents\AI_Training_Data\ai_norm_vid\19700121_0413_68f97f1c88dc819195118b65cd616015.mp4,1
3.1246106075176803,0.03192804227300776,0.00042648605303838847,6.548976907078012e-05,7.820695209503174,0.031768411764311756,37.41370468139648,5.41727824746244,291.67009278175226,34.164026517305366,0.3890385036828331,0.2438406161438704,3.2995839050577613,0.014888973024765492,0.00014957092062104494,2.126025900076818e-05,7.824736213684082,0.02671574586904915,22.078824996948242,3.26644563907907,94.16890335532443,14.903539355404808,0.3183962918040989,0.19707405591086524,C:\Users\Lee\Documents\AI_Training_Data\ai_norm_vid\19700121_0413_68f97f1c90cc8191b6a6be02ab29ea30.mp4,1
2.3347864911943126,0.08404614142664625,0.0038821303751319647,0.00048687202720268423,7.704400539398193,0.03827829300860832,87.15535583496094,2.950437803486563,3357.3699881139974,520.0487704238013,0.12956777577253403,0.0698575882386453,3.039664258474068,0.04986175854716768,0.001488858216907829,0.0002960404082788692,7.721179580688476,0.042073262236254134,70.00257720947266,5.036126857950627,901.6002110661944,185.59046939633274,0.14557801935992393,0.07791865590987317,C:\Users\Lee\Documents\AI_Training_Data\ai_norm_vid\19700121_0413_68f97f1c9f1081918f4ae39463841e28.mp4,1
2.5644618951383764,0.11711941112793425,0.002884276723489165,0.0004434481108130702,7.848402690887451,0.0496849417981048,114.7531723022461,12.675055098058063,2619.1548006205285,557.3294149958915,0.7141759827623045,0.36123057918748713,2.9311478107791986,0.05236755201442873,0.0013056227704510092,0.00020705603419252853,7.862269878387451,0.04498579436550241,84.72264709472657,14.482203518077135,913.6281566446044,143.93651531602012,0.6842519695051379,0.3443108957857843,C:\Users\Lee\Documents\AI_Training_Data\ai_norm_vid\19700121_0413_68f97f1ccb2c819190a2bdc9fadb529e.mp4,1
3.1165124757138614,0.048337056450947116,0.0010731012909673155,0.0007026274813900885,7.787430286407471,0.04024372082795544,81.56251068115235,38.51665892532268,674.5597107221756,439.30057352657394,0.638846342871764,0.33046151252758404,3.2746862851691128,0.05810980888144189,0.00027227909304201604,0.00018496635471767782,7.7975303649902346,0.022755467263365168,46.73589096069336,21.654751415898534,176.1107455507259,126.41483561851953,0.549143911673614,0.2947629607589134,C:\Users\Lee\Documents\AI_Training_Data\ai_norm_vid\19700121_0413_68f97f1d13cc8191bb47da2b49eacee5.mp4,1
3.1335444861450616,0.05328522795983032,0.0002243591981823556,8.128697693983246e-05,7.856111717224121,0.04953343540488771,35.781599807739255,8.542840982451615,149.29266893726873,54.17191942354358,0.4855806494473506,0.26317748226229115,3.196046018083548,0.058096658483305856,6.78538726788247e-05,2.2856544134445587e-05,7.865354824066162,0.04015792609001237,20.222114944458006,4.8328570095087215,48.01159677619478,16.73731499559912,0.38070368241152563,0.21323014174240226,C:\Users\Lee\Documents\AI_Training_Data\ai_norm_vid\19700121_0413_68f97f1d463881919c770c759c27141e.mp4,1
2.9979999619380275,0.028559463931872,0.00035433367593213917,4.2881531976198286e-05,7.648604488372802,0.09631833195298803,36.920423126220705,5.463051961568414,302.20556516328674,31.498989821228555,0.42289434286609173,0.2345526158007255,3.006599717629749,0.15840014310127104,0.00014985256420914085,4.016443082866634e-05,7.659591388702393,0.10170512318228239,21.904272079467773,3.1265414093203407,140.782806114119,63.10906661001142,0.3333618814375454,0.1881865799259779,C:\Users\Lee\Documents\AI_Training_Data\ai_norm_vid\19700121_0413_68f97f1d9bc48191a692241cc582ed01.mp4,1
2.902853891022823,0.06560276117700586,0.0005180541309528052,4.176143460467352e-05,7.785418701171875,0.034075653279129516,38.124026489257815,1.4387178658367297,353.91155269251294,37.40085475795147,0.4148110282366607,0.20924980887904782,3.0672268076854285,0.05605292255392913,0.00018895278335548938,2.3247738652828613e-05,7.780743885040283,0.03257506584209093,23.14837989807129,0.6247826708921432,123.84035699603294,17.987769682860993,0.30477300442299426,0.15431256081542702,C:\Users\Lee\Documents\AI_Training_Data\ai_norm_vid\19700121_0413_68f97f1dd22c819199a6c6706b2ad819.mp4,1
3.171544353301271,0.09790522760674934,0.0001344328687991947,6.811318781403252e-05,7.795024585723877,0.039928245805472086,27.75643844604492,2.881224221966486,92.7329912698846,55.20749940960564,0.1459400875130265,0.09229520947546244,3.1596623881568098,0.15858961001135388,5.190765950828791e-05,3.7630615444053695e-05,7.803426074981689,0.02613354168899422,16.30852699279785,1.8560823826052695,41.865807145784764,34.056956510200145,0.12091583872378583,0.07429445731244502,C:\Users\Lee\Documents\AI_Training_Data\ai_norm_vid\19700121_0413_68f97f1dd614819193eab21eb22cd664.mp4,1
2.907836551791391,0.1947253730117148,0.0013294622767716646,0.00020983583842562053,7.852860450744629,0.05762506887650268,79.31565551757812,4.549302480356345,964.1876209808895,320.4353671238071,0.3371952801153114,0.3097276699905626,3.2609283601912034,0.05637679052600694,0.00035770777612924575,8.907766954434872e-05,7.870690155029297,0.03860415045313441,50.57464447021484,5.1884422297445045,212.00530228652943,58.14468102943704,0.3206592313314306,0.2774400752695018,C:\Users\Lee\Documents\AI_Training_Data\ai_norm_vid\19700121_0413_68f97f1e54008191af1cc253ae862390.mp4,1
2.942997451360734,0.1160165063966827,0.0007448833668604494,0.0004440268890575431,7.857574558258056,0.08544742465764778,55.02340393066406,18.433794285525714,571.0761868937382,372.61757515836615,0.5163654110980413,0.3536893484676885,3.1856700627492787,0.09817398355729692,0.000257159311149735,0.00018214909426032849,7.85393180847168,0.07926110432458912,35.502632522583006,15.411146767387818,167.40608889991353,116.21805068808331,0.4581248053525579,0.3101328319269919,C:\Users\Lee\Documents\AI_Training_Data\ai_norm_vid\19700121_0413_68f97f1e6af481919e9c73e493cd9382.mp4,1
3.063856697249311,0.06261522088346963,0.000628089893143624,0.00011125372288026236,7.792107105255127,0.052728883990642156,48.33309555053711,2.2540026709460457,415.8522052370163,79.98405089635651,0.2555414641859056,0.25144285537354366,3.315648556093687,0.047598722669836085,0.0001644205825868994,3.641255700541143e-05,7.796843242645264,0.06764166249334543,28.212936401367188,1.814107576103706,98.37667528488464,23.497153031965663,0.2264150722233806,0.206235602182335,C:\Users\Lee\Documents\AI_Training_Data\ai_norm_vid\19700121_0413_68f97f1e6b0c81919cf59108fe922037.mp4,1
2.4070548794103845,0.02511721088913273,0.0011203422909602523,6.830433541096283e-05,4.6031999588012695,0.030934758324110304,35.46969985961914,1.6468407401432514,1133.2072162850334,55.64089098817571,0.05983603899734442,0.04115815335555589,3.0537401802731408,0.025297411519039605,0.0004998739226721227,4.583126177327161e-05,4.597526359558105,0.017378630803911044,28.759630966186524,1.3602731743157495,321.2049407444084,28.29361503568607,0.0687205462126241,0.04450246792802033,C:\Users\Lee\Documents\AI_Training_Data\ai_norm_vid\19700121_0413_68f97f1f182c8191bad325a8de362974.mp4,1
2.953432033230649,0.12960504989358076,0.0003353095118654892,6.929250819735033e-05,7.131626033782959,0.1762808509966948,41.536655044555665,6.176950746646576,253.7780342022849,57.63375380957028,0.5940262729286354,0.2980816745942246,2.9361944710892702,0.1721422847046942,0.00014907233853591605,3.829777618951794e-05,7.144013118743897,0.17382033030553953,24.264352798461914,3.20083452454526,122.13312987602646,38.704801314538415,0.49305826584060125,0.24786492777751634,C:\Users\Lee\Documents\AI_Training_Data\ai_norm_vid\19700121_0413_68f97f1f37d481919232dcaf8477c03b.mp4,1
2.8058705146761835,0.14388008259673313,0.0012765456980559976,0.0005202785106464151,7.8487261772155765,0.02784599288505973,69.48553161621093,18.38360878583302,1026.7930736539006,425.2817036803956,0.2368030106471597,0.27568955617040775,3.0999814272895385,0.041518311419554955,0.0004610764342942275,0.00019544874569542796,7.862099075317383,0.02572905369135495,45.02392158508301,13.496107668233659,308.54437551237004,128.17950273092902,0.22519395106016163,0.22168869779759087,C:\Users\Lee\Documents\AI_Training_Data\ai_norm_vid\19700121_0413_68f97f1f37e481918e961e0f2fa3ace3.mp4,1
3.1623947876514054,0.09589999371152205,0.00037601827789330856,0.0002328099830989994,7.72855281829834,0.1128893265247942,47.565633392333986,11.148793933749541,250.74951655290215,140.11960715639586,0.5744681395255402,0.29103723807646564,3.16240522591623,0.1401764343322679,0.0001537877367809415,7.998732011252533e-05,7.758000659942627,0.12240540438915062,26.90701332092285,6.532720447499437,114.77132619707875,57.95670831575957,0.46688567908423784,0.23764856766837314,C:\Users\Lee\Documents\AI_Training_Data\ai_norm_vid\19700121_0413_68f97f1f44948191bf14188828f149b1.mp4,1
2.700149042985971,0.07850721280022091,0.0016073158709332346,0.00017662091999996697,7.710459518432617,0.18677533016749692,63.55466003417969,4.3078046619826225,1231.9443783423806,193.51644763295664,0.32447806539031826,0.3242908770104957,3.0037283372112906,0.0999523874450736,0.000591911026276648,0.0001449806896639638,7.715513134002686,0.19692581551619476,42.84540634155273,4.4454141908211176,401.1384816755168,118.83323456460137,0.290650618753046,0.2774168672589433,C:\Users\Lee\Documents\AI_Training_Data\ai_norm_vid\19700121_0413_68f97f1fca1c81919795ee2ab9e6dfbd.mp4,1
2.8695402728840587,0.0733618617882774,0.0005357736721634865,0.00010888338990078614,7.266645431518555,0.12215911599317525,41.66443710327148,3.1644716564434856,420.9366923719722,84.54053498680453,0.3765016935241583,0.26881745463906315,3.0893392908244315,0.09211905178258376,0.00019110409484710545,4.929437679583124e-05,7.2795182228088375,0.1250020557228471,27.211042404174805,1.1888568701143585,136.9809640369891,41.516574142038635,0.31738095478422407,0.21741357148278265,C:\Users\Lee\Documents\AI_Training_Data\ai_norm_vid\19700121_0413_68f97f1fd0b48191941c2ba8383645bf.mp4,1
2.989587149833887,0.06716553487013496,0.0012398190330713988,0.0004807015898997553,7.888947772979736,0.03289547736411845,84.63081359863281,13.57735981620368,808.6876830241952,350.4818238680255,0.6651253660499241,0.33457897058466957,3.166041575138268,0.047041801254110595,0.0003304229147033766,0.00013202405971429846,7.8955096244812015,0.018496749574510637,52.87464981079101,10.212323921524971,209.0514644651365,83.84559089216174,0.5877764886300987,0.297510769110809,C:\Users\Lee\Documents\AI_Training_Data\ai_norm_vid\19700121_0413_68f97f1ff0d48191a8fcb985370a9136.mp4,1
2.7014690736700007,0.11393007590983655,0.003553774207830429,0.0004741739193674876,7.830472850799561,0.0038942679043904864,123.2587677001953,3.1796654960505975,2661.9924376532754,520.7885793402722,0.3130559763009618,0.22971157951506543,3.2369570083539303,0.03406757404591788,0.0009275249671190977,0.00019825634189759813,7.828796863555908,0.004116456902540724,86.05079956054688,4.809334443109585,528.2193274343188,115.30188074030939,0.33648114774309407,0.22157918220814257,C:\Users\Lee\Documents\AI_Training_Data\ai_norm_vid\19700121_0413_68f97f2003788191824878a2d6ad9fc3.mp4,1
3.210799967234921,0.10619311520946312,0.00032182109789573586,0.00024648878133727987,7.677121543884278,0.06303308338782791,45.24657363891602,14.230379475613532,222.71444007835754,197.26342013022727,0.529818420157206,0.2890092826624893,3.2616327178434936,0.09823709427506137,9.523065164103172e-05,8.273709463702648e-05,7.688806533813477,0.06289785029193196,25.980185317993165,8.635348589662724,67.75987606621206,62.07855056420415,0.43807314033179673,0.2385101867341488,C:\Users\Lee\Documents\AI_Training_Data\ai_norm_vid\19700121_0413_68f97f200e588191bb45bac8995d0651.mp4,1
2.8036005741300083,0.1976077768850615,0.0008369564544409514,0.0006115879406082378,7.78985481262207,0.06703626828258688,46.41175537109375,12.798008614999313,697.1448117489853,501.2867897522067,0.5677789985275747,0.2876467432898872,3.082117889247948,0.048730207131289345,0.00031599386129528285,0.00023878559727895246,7.792945289611817,0.07191777826959611,32.193152236938474,12.238153428960972,204.9051359044135,135.16106109205253,0.4834610985719808,0.24877573600400696,C:\Users\Lee\Documents\AI_Training_Data\ai_norm_vid\19700121_0413_68f97f2041588191ac47096b2552e1c2.mp4,1
3.0668141267381888,0.10431059508165752,0.00039218298043124377,0.00017038153822991972,7.668442344665527,0.08501606928216565,43.79315719604492,7.730289207712726,265.485744614935,117.38259897770524,0.490784912505189,0.2576964852381872,3.264495403022523,0.031949584496246665,0.00010618171872920357,4.444167886750652e-05,7.672474002838134,0.06485127181465662,25.809450912475587,5.608783510960085,66.82689296894215,24.12073414032875,0.4033595859205626,0.21277423894015332,C:\Users\Lee\Documents\AI_Training_Data\ai_norm_vid\19700121_0413_68f97f2056348191a73aaa90b9353f60.mp4,1
3.0910669543291553,0.05428895219362003,0.00047507950803264974,5.066872572333896e-05,7.7004903793334964,0.03135311421265506,52.72498779296875,0.9768967736506692,321.60604623360507,44.496721746548694,0.18566668158018584,0.10301540694594206,3.245562166536184,0.06178872277350987,0.00013302504958119244,2.2638711345961467e-05,7.721301460266114,0.0040191175609896644,31.25469398498535,1.1139359444975996,87.13828966628758,17.608001562466708,0.18834359411191423,0.10080336705086228,C:\Users\Lee\Documents\AI_Training_Data\ai_norm_vid\19700121_0413_68f97f2057f08191bdf676f094383c91.mp4,1
2.7661272643361507,0.25217030935629153,0.0021284081623889504,0.0013739207986162689,7.877971553802491,0.04470506063237932,98.22817993164062,30.01214132631671,1732.461891179067,1279.9897289755188,0.5215189441504895,0.3599295725409188,3.108319614778702,0.06113632500124103,0.000719170123920776,0.0005383771409996498,7.901854228973389,0.0328768580233408,66.72775344848633,26.663265323412862,466.6983013585321,348.99479927698025,0.49552981493617637,0.315154840818621,C:\Users\Lee\Documents\AI_Training_Data\ai_norm_vid\19700121_0413_68f97f207e84819185873cbdfc2f6f13.mp4,1
2.7951914861715883,0.0298018982426314,0.0014849702827632427,0.0002279620775087462,7.822503280639649,0.05671459841188824,89.72818908691406,7.6389285495167805,1131.6605584599008,137.71899214214827,0.26937809681436636,0.3122671310059366,3.0541533180137046,0.07019010267219161,0.0005144911410752684,0.0001092090699931696,7.834052276611328,0.05070460881079301,57.23741989135742,2.7839814089708956,360.04317142432245,94.32853927784646,0.272881749063649,0.2708018962479722,C:\Users\Lee\Documents\AI_Training_Data\ai_norm_vid\19700121_0413_68f97f20e1b4819184eb9b913fae0fcb.mp4,1
3.019733311440022,0.11761092260832628,0.0009612431051209569,0.00041938685928829384,7.774595928192139,0.042571217203532935,66.25584182739257,9.30916574195515,691.4913378542869,332.74224048401373,0.5458480066510778,0.28549215714839293,3.2223852762686276,0.08378990805645287,0.0002916320692747831,0.0001545841340400166,7.7854033470153805,0.03846659806714871,37.85218734741211,5.856890857188204,191.78161630187827,106.58810234977369,0.45165936148325,0.23698103362846168,C:\Users\Lee\Documents\AI_Training_Data\ai_norm_vid\19700121_0413_68f97f2116608191bba00622d088b08f.mp4,1
2.6529252201658027,0.07321016558414312,0.0005273713846690953,0.00010551746514397984,7.8968840599060055,0.02404799193065058,42.494388580322266,2.6140974633907668,482.7783278175543,118.46001598653007,0.37289489977222506,0.19051386649194588,2.9540357425633155,0.06943651198166051,0.00026288392837159336,5.204545399415532e-05,7.90786190032959,0.009531226821032369,32.265096282958986,2.712824343987693,183.35073674796632,42.677483557463546,0.3381536697686889,0.17229252231359637,C:\Users\Lee\Documents\AI_Training_Data\ai_norm_vid\19700121_0413_68f97f211e548191b9cff016b9c1edf2.mp4,1
3.141755957036114,0.08216969510050197,0.0005929597595240921,0.0001935892665283378,7.803080749511719,0.09498188907181523,59.88085021972656,12.694995423257435,386.56616276988467,132.73569505711419,0.6192106925755955,0.31392008798543836,3.308824771156509,0.0698746658345241,0.00014852516760583968,5.075573758940357e-05,7.801457691192627,0.09531030556071206,35.30717468261719,7.8011437072675225,92.07202163693047,30.351701664745498,0.5329959361559471,0.2734763831875359,C:\Users\Lee\Documents\AI_Training_Data\ai_norm_vid\19700121_0413_68f97f2120048191a63004e08e1c8084.mp4,1
3.0139178749578526,0.019437785962127353,0.0007158520165830851,3.71759063805813e-05,7.73374376296997,0.03165168362079408,55.32435607910156,0.8762917084089189,504.693807508225,32.04573634188731,0.145934433991109,0.15027963932303917,3.3557592026784375,0.010898549922922706,0.00018823161080945284,1.486702984320225e-05,7.735647296905517,0.014800643871124205,33.06559295654297,0.9240523654793025,109.7330602186358,6.9784493896837505,0.13397644857767696,0.12427413021706506,C:\Users\Lee\Documents\AI_Training_Data\ai_norm_vid\19700121_0413_68f97f215f4c8191a85166db55f7380d.mp4,1
3.2390086915059895,0.06464001094144978,0.00037049158127047124,4.776910888472093e-05,7.814607620239258,0.03575397576445094,46.10305938720703,1.0197837608196867,227.38796637035475,41.410858480903435,0.2993143137042075,0.18212220132628318,3.3090470297633963,0.09349575661854836,9.347033337689937e-05,2.25911344726144e-05,7.824329376220703,0.018950557348552534,25.778566360473633,0.7034748002552511,61.29478819676315,19.018779181424428,0.24436985727774108,0.14024533661667996,C:\Users\Lee\Documents\AI_Training_Data\ai_norm_vid\19700121_0413_68f97f2166c48191870c1404be7249be.mp4,1
3.1479914761981678,0.03693007563436976,0.00035602630232460796,3.300068606221684e-05,7.833404541015625,0.00396727004873627,48.731204986572266,0.93541361322507,234.04667304835462,27.98154322542446,0.1616597668905591,0.1518898595441149,3.2654860160870234,0.04483020652608758,0.00010125031694769859,1.5603731405813698e-05,7.824516677856446,0.006973492752525314,27.688732147216797,0.6772573754562434,67.41935022332967,13.091074613960147,0.15296491556650066,0.12947994056264192,C:\Users\Lee\Documents\AI_Training_Data\ai_norm_vid\19700121_0413_68f97f220d108191be2a28e5cb93137d.mp4,1
3.0834841128699173,0.0449003587047917,0.00026638506387826054,1.947867178315427e-05,7.45039930343628,0.016936849666033465,35.42276306152344,1.5562710426069486,203.5034824265167,21.312813347923328,0.3552982342084271,0.18337550655850482,3.197904735502887,0.07407578181061845,9.409439662704245e-05,1.629759897861439e-05,7.464338779449463,0.006427357374907487,20.70303077697754,0.9679685458721103,68.22108906471838,16.265093563128747,0.2811437814883324,0.14433466459263844,C:\Users\Lee\Documents\AI_Training_Data\ai_norm_vid\19700121_0413_68f97f220fb88191b4b7e39e5349cf29.mp4,1
2.5329578962994175,0.201703840001425,0.0036983643425628544,0.0024962360858707964,7.090895748138427,1.3883695982783097,95.73422470092774,34.84355331382722,3543.40300512752,2568.1955724947047,0.5942236112367967,0.32644780511993204,2.783494988192211,0.32464658411292685,0.0023966873297467826,0.002389339118152026,7.063882446289062,1.452241113048928,68.27889480590821,30.360931440131647,2243.0970572205456,2671.42091557867,0.5297082226386889,0.30217129297595174,C:\Users\Lee\Documents\AI_Training_Data\ai_norm_vid\19700121_0413_68f97f2220a881918aaced1b7e72c462.mp4,1
2.542430604288577,0.16587937016403984,0.0016310781240463257,0.000254195028242211,7.749917602539062,0.06932192003011778,61.20328598022461,9.41833948080461,1505.118174436117,407.30241290729225,0.6202578279658322,0.3185015650132919,2.9192487253148705,0.15706356030391555,0.0006889318581670522,0.00016442624260022966,7.756578540802002,0.07340222993623109,44.12080307006836,11.050336887679384,503.6788851465646,144.00305664785665,0.5369809372624423,0.2829961678288784,C:\Users\Lee\Documents\AI_Training_Data\ai_norm_vid\19700121_0413_68f97f2222f08191ac422d4405c14f1a.mp4,1
2.904497886039934,0.053065661670847454,0.0003297097166068852,2.5543036754388926e-05,7.870420169830322,0.02236422348254786,38.752733612060545,0.5239131815576074,255.96115553800465,28.769332516410508,0.13430977920764728,0.10591228843353019,3.298119492640673,0.021984127541138786,9.598287870176137e-05,1.1713882587282434e-05,7.8808238983154295,0.007489051861012749,25.00319709777832,0.8612981403145626,57.7824844446739,5.9233827528529135,0.14010798074016279,0.10329182333246607,C:\Users\Lee\Documents\AI_Training_Data\ai_norm_vid\19700121_0413_68f97f22325081918d6c9eec53f62cdf.mp4,1
2.9646336782001397,0.08310111620684864,0.0009713742765597999,0.0002939176645916785,7.6838218688964846,0.04219761463780581,59.07356719970703,15.165320443548813,670.509221682905,196.84104635114878,0.524639656239213,0.2697410193639641,3.1624503774171058,0.07092877400150617,0.0003005895239766687,8.61089185078334e-05,7.6953741073608395,0.03400780629372057,37.32270774841309,10.882327424743846,199.16287482416203,60.743340409399714,0.4749987614345006,0.24421800909639668,C:\Users\Lee\Documents\AI_Training_Data\ai_norm_vid\19700121_0413_68f97f2258c081919cf85b5f5933852f.mp4,1
3.0603173642058343,0.03862981945848925,0.0004646968620363623,2.9706845926864032e-05,7.85821008682251,0.019794745485982257,42.897264862060545,0.3805600534690856,324.1871460833583,32.55912859926832,0.09369734852480668,0.05020865429138901,3.327067161778964,0.005080186956588387,0.00012250304571352898,1.2451543431966324e-05,7.866215991973877,0.0063106158273900205,25.614094161987303,0.47644826938603924,72.49971641739367,6.715033585818699,0.08362033680095379,0.04410482723773949,C:\Users\Lee\Documents\AI_Training_Data\ai_norm_vid\19700121_0413_68f97f2268c88191a435c0c501e97b2a.mp4,1
2.704380279641277,0.153268207724336,0.0012833859538659454,0.00039095578997381153,4.649590969085693,0.11894941345037914,56.07434844970703,6.741142629222916,1037.9418040716896,371.7703625466572,0.18384950973443587,0.11244020582876851,3.2064588095226214,0.05714398921500689,0.0004200783441774547,0.00015134510763887958,4.619291114807129,0.14110400615811694,39.12317008972168,6.201316059633194,251.3745197483212,91.01393848050343,0.19183685005598933,0.1111436312245198,C:\Users\Lee\Documents\AI_Training_Data\ai_norm_vid\19700121_0413_68f97f2271b48191a5378dcf177702a7.mp4,1
2.8614435480767826,0.06384859485357108,0.001659694011323154,0.00023232742291286648,7.8241785049438475,0.01798276521849974,86.11308135986329,3.6350452375228106,1229.4205904566775,210.46946298331716,0.5384113259057705,0.27152807930574885,3.3161452899397204,0.05141017409029804,0.0004432028625160456,7.369661278111516e-05,7.830717849731445,0.012753218708120797,56.24925079345703,3.3340542486196725,252.74867458857207,47.91114518089534,0.4799965773547382,0.24095781328850271,C:\Users\Lee\Documents\AI_Training_Data\ai_norm_vid\19700121_0413_68f97f228ad08191964a0566d581539a.mp4,1
2.685707344204391,0.03226210929198416,0.000805864972062409,2.3761547453333556e-05,6.72715654373169,0.06466600897487278,46.79222030639649,0.570386265200861,681.6771211243279,28.716791297710778,0.27371812878562196,0.14801159482093593,2.6645131349429887,0.04890761446045924,0.00044360702740959824,3.0354250373454006e-05,6.7308189392089846,0.0446482589774254,30.43546142578125,0.5572156920162024,388.8659445204207,41.16244688344898,0.25418519786334814,0.1328029145392109,C:\Users\Lee\Documents\AI_Training_Data\ai_norm_vid\19700121_0413_68f97f22987081918cf9873cdfed3eef.mp4,1
3.1240359397641555,0.04438698869542961,0.00030646234517917037,3.638339503948391e-05,7.806354522705078,0.042816165942467545,37.98202896118164,0.4797483384167483,219.23402665129024,29.477372723614433,0.2228885553599985,0.2524461881057997,3.231330385991998,0.04766863744405568,9.124791686190292e-05,1.53911245323183e-05,7.8153739929199215,0.025554432870822017,21.470509338378907,0.7975948888058477,63.55641831312787,11.005564585301864,0.18889336237414434,0.20573900513682836,C:\Users\Lee\Documents\AI_Training_Data\ai_norm_vid\19700121_0413_68f97f22a22081918f409b23283e7a2e.mp4,1
3.171621284391183,0.03679004919374459,0.00023223173920996487,2.8887349019359715e-05,7.810953140258789,0.02000669485889921,42.248043823242185,2.4352327228217594,153.30773991690367,20.634333270062523,0.5604296598628877,0.302952199591256,3.3055552750227664,0.04333000438477718,6.265775300562382e-05,1.109355734044381e-05,7.824063110351562,0.029135079799668864,24.53418312072754,1.955393322680354,40.80215135034068,8.987300981055776,0.46827154409481364,0.2552051867078337,C:\Users\Lee\Documents\AI_Training_Data\ai_norm_vid\19700121_0413_68f97f22aab08191b631e3b98f7b8e65.mp4,1
3.08776620413417,0.03196090680846346,0.0004050419142004102,7.203731937998271e-05,7.839547824859619,0.03061187653234761,39.720343017578124,2.5449668064882345,259.36203763697546,46.63755971788725,0.2915099008094471,0.24721111939542334,3.284106639038041,0.03448313378042735,0.00010458515462232753,1.6804801586892136e-05,7.852201366424561,0.012812378669304347,23.33340492248535,1.3132333942090109,64.45046866767163,10.88852460562601,0.23555747507173724,0.18978515051113318,C:\Users\Lee\Documents\AI_Training_Data\ai_norm_vid\19700121_0413_68f97f22acb08191b7ad015d65d62be8.mp4,1
2.9303571438230085,0.04524171120911011,0.0005911861720960587,0.00013235572657804677,7.826448059082031,0.01480003345129854,42.6949161529541,7.3400881683497685,421.3710548493091,96.35165026617439,0.4938022672836401,0.253986608855944,3.2479409046503265,0.015672708791228077,0.00016900030459510162,2.9163836774417516e-05,7.834106826782227,0.026476530915234327,26.90745735168457,4.828299410169849,102.82859595636641,16.205472752348285,0.4200023747217533,0.2147322337501885,C:\Users\Lee\Documents\AI_Training_Data\ai_norm_vid\19700121_0413_68f97f22b7988191905bc2b7145da3dc.mp4,1
3.1427426545984587,0.04606938595444482,0.00030622140038758514,5.0754438061479454e-05,7.87101936340332,0.029057859041241307,32.31110305786133,1.1374883545001044,200.60878856506216,35.590472354577166,0.2850795129357814,0.14265096382284354,3.227314058838238,0.042013857465996174,8.936142403399572e-05,2.040763351491556e-05,7.883288383483887,0.01307750466775941,18.370172882080077,0.8580628640803317,60.502039722499696,13.92265659135449,0.226658135823945,0.11345177104922594,C:\Users\Lee\Documents\AI_Training_Data\ai_norm_vid\19700121_0413_68f97f22c5a08191bbeb5d7a3d2ea48a.mp4,1
3.021630024539289,0.0763281812278474,0.000992662599310279,0.00024662147969487284,7.892672348022461,0.027537292303057966,69.80634155273438,7.266317408866839,675.5527292811242,182.34866623209467,0.49837848631224546,0.26023467715288384,3.186486455484919,0.08177559394131417,0.0002788808575132862,7.475415217427632e-05,7.907956314086914,0.008973105043705448,41.04768600463867,4.433545161521783,187.07219760862438,55.03448419774195,0.43678803892999013,0.22410688213739244,C:\Users\Lee\Documents\AI_Training_Data\ai_norm_vid\19700121_0413_68f97f22f150819182dbef451af5856b.mp4,1
2.4355033055368986,0.13723898335714219,0.0015097742201760412,0.00011987598536441371,6.015214920043945,0.02559419828375936,47.300812530517575,1.0379170095338521,1384.6818606182806,303.21135353200896,0.21317782843502703,0.18158112856249153,3.011843764098721,0.10612126006553192,0.000651860167272389,0.00015705394243116668,6.015545749664307,0.02486141015507397,36.9871109008789,3.4466206567997437,422.9071583210196,141.93767031944535,0.19808314367497384,0.15692532936045064,C:\Users\Lee\Documents\AI_Training_Data\ai_norm_vid\19700121_0413_68f97f23184c81919df81776a9250eac.mp4,1
2.4485379476911726,0.01819870635610662,0.0043512735515832904,0.000750530571495499,2.9879319190979006,0.14199559523790548,66.44966735839844,11.85288987657046,3873.701113003905,615.0725523112802,0.30421417356967767,0.15683300000843262,2.4369063147725414,0.0587328815617745,0.0028333952184766533,0.000501355799856256,2.990979290008545,0.12700077976341917,39.98588256835937,6.473856460994295,2573.9203954968484,486.9428537073722,0.22070333114779678,0.11400618584266814,C:\Users\Lee\Documents\AI_Training_Data\ai_norm_vid\19700121_0413_68f97f236568819198dee62e257359ca.mp4,1
3.091305310984474,0.08007605318344618,0.0004338207596447319,3.8459523032915276e-05,7.4368335723876955,0.10064777322567738,42.10370407104492,2.9451843485791374,294.2060572749679,44.21693401722559,0.2650802751887582,0.218936208665292,3.1424649717504556,0.11948670661349621,0.00014113438810454683,3.0519800638321026e-05,7.43453950881958,0.10321069660971703,23.645839309692384,1.7045368644575418,106.0869944347817,31.193390762945906,0.2174993728345521,0.1760820837664602,C:\Users\Lee\Documents\AI_Training_Data\ai_norm_vid\19700121_0413_68f97f2375c08191ac01ca17a6e283a4.mp4,1
3.0819877976662426,0.12012652816869338,0.0009792729979380965,0.0003146603123832135,7.72093620300293,0.10563446586507004,63.42353057861328,12.858160353309598,636.4307534976854,212.57184579853867,0.5791302167358062,0.3073164938883105,3.2637370913483297,0.10502392143751535,0.0002631556591950357,0.00010533615713503596,7.737959575653076,0.0950758265017285,37.080816650390624,8.529798641257297,161.58917017149992,71.99643464524215,0.48684005918106327,0.26500038479613863,C:\Users\Lee\Documents\AI_Training_Data\ai_norm_vid\19700121_0413_68f97f23ba108191b4aa26647e705e37.mp4,1
3.1109271356546855,0.076256014844316,0.00116445186722558,0.0005458021080945339,7.767760848999023,0.04059435812525389,78.64036178588867,26.438162981837753,735.9336372934137,361.50220116796817,0.6037253804287109,0.3208739390207446,3.284242575724156,0.04758485187016923,0.00030961283337092025,0.0001606219749826206,7.793547439575195,0.03342629179308242,44.626940155029295,14.852019554037216,190.54753673326252,99.64813056043701,0.5144085006128168,0.27904703871202785,C:\Users\Lee\Documents\AI_Training_Data\ai_norm_vid\19700121_0413_68f97f23c6b48191bcb3bc8449286e5c.mp4,1
3.07307753491994,0.3237474890309422,0.000536867334449198,0.0008116982862057403,7.359365463256836,0.6968348352519265,36.100782775878905,14.682974951471797,481.1759546313771,788.6858922364534,0.3106769565982546,0.23332816346928362,3.095624702475951,0.35755612779897594,0.00034374420902167914,0.0006037996296957332,7.321969318389892,0.76412484344522,22.529010009765624,12.309088343081436,344.6070595059202,627.8755166779823,0.25185942560021857,0.1974451489595489,C:\Users\Lee\Documents\AI_Training_Data\ai_norm_vid\19700121_0413_68f97f23d038819182f944af6a27932f.mp4,1
3.0161146247184396,0.03188086100833612,0.0011691844090819358,0.0002097773627513166,7.907072639465332,0.027527972468848624,84.08153533935547,6.730680508959274,830.7792188314177,139.15266807067664,0.6350257894516744,0.3190067978073341,3.311737371318113,0.00810202950309243,0.0002874843485187739,4.414058550362788e-05,7.921540641784668,0.010600643046578382,54.13426971435547,4.931003277824308,166.94079670902605,23.09174894827264,0.5586567656669008,0.28102108309276586,C:\Users\Lee\Documents\AI_Training_Data\ai_norm_vid\19700121_0413_68f97f23db508191a3bd9acf717f975d.mp4,1
2.9730376630661848,0.13689844376701965,0.00046141907514538614,0.0001796869576133697,7.718695449829101,0.18554805870687346,40.128976821899414,4.810264426973729,347.38471975526056,145.39386886563608,0.4115079708609475,0.2387650500723136,3.2093515138884383,0.05755445339619965,0.00015091673340066335,6.809366760043952e-05,7.737359809875488,0.2055510117061484,25.742367935180663,4.422967441942793,97.17996941274689,42.46034020682695,0.3474092963633842,0.19971119865445863,C:\Users\Lee\Documents\AI_Training_Data\ai_norm_vid\19700121_0413_68f97f2403b4819197cd59f86d0e182f.mp4,1
2.7886014434279587,0.22553723883869617,0.0018666937481611966,0.0011058078547473561,7.8602336883544925,0.03921033329054767,83.48402404785156,12.52432285288732,1490.9253511388513,1073.151275901297,0.6355635927881184,0.33104976536473796,3.116633114038753,0.18081020964073427,0.0007655589841306209,0.0006868411511063146,7.8839164733886715,0.034428366772867515,57.24013977050781,16.05138688561236,499.44543996101856,489.9209582920929,0.5713358321588234,0.29944919476041476,C:\Users\Lee\Documents\AI_Training_Data\ai_norm_vid\19700121_0413_68f97f2435208191ba31fd8ec771b9fe.mp4,1
2.82055106119786,0.21554915016541437,0.0014537191469571552,0.0007191960097904128,7.755440902709961,0.0798961255970604,83.85960540771484,23.53938658517891,1200.3251380912723,614.7754479153183,0.5187559632250209,0.2936088226685066,3.24756531345558,0.026377053264863993,0.0004634658886061516,0.00023533204702201233,7.766940402984619,0.06831272224426904,58.35530891418457,19.3003380539613,273.64689536756515,135.7144684741334,0.4977472453811842,0.2651752228720251,C:\Users\Lee\Documents\AI_Training_Data\ai_norm_vid\19700121_0413_68f97f2459188191835fccb3d0670d66.mp4,1
2.8961299007951578,0.07545685100012627,0.0006516808236483485,0.000129867898150278,7.1298338890075685,0.06536253585691962,42.635355377197264,2.7671342546846414,495.3795061950961,114.13513911657824,0.1846339100316786,0.09700725545439712,3.268300007725184,0.0297297213837812,0.0002017432823777199,4.795583852489818e-05,7.1239293098449705,0.06857098383429759,27.34290466308594,2.2907923177572735,120.63330770303173,26.436323332351257,0.1619134628809058,0.08466407015490278,C:\Users\Lee\Documents\AI_Training_Data\ai_norm_vid\19700121_0413_68f97f245ac88191b782c9fec5ff3dde.mp4,1
3.0699062629924843,0.09893664322827307,0.0009000645921332761,0.0005443680453822965,7.8354521751403805,0.06219796062820233,60.95593147277832,30.05253455504665,542.6408467232217,320.08383861324467,0.5889733456947541,0.3109811573434228,3.1619489580787445,0.10350081505378143,0.00024629235158499794,0.0001347426358807019,7.84337043762207,0.05573849656090913,35.15301914215088,17.162376555040144,151.97017358580035,81.63100116334326,0.5057822022599195,0.267653322990313,C:\Users\Lee\Documents\AI_Training_Data\ai_norm_vid\19700121_0413_68f97f245bc0819182791916986476c9.mp4,1
2.814905230841354,0.14484494759291547,0.0008267561730463058,0.00036116733954561484,7.876603317260742,0.017428727115808524,48.670691680908206,9.2154892637817,686.0599295923013,346.3211660891201,0.3634818610921754,0.2738017186177711,3.1014605726628184,0.10097949536372813,0.00030932949885027484,0.0001463333191064434,7.878635215759277,0.017597248841004238,33.13156509399414,7.35643858414572,203.42857532276292,96.08616978201236,0.3248460126415184,0.22891264425736968,C:\Users\Lee\Documents\AI_Training_Data\ai_norm_vid\19700121_0413_68f97f247794819180f7b81661ad3d70.mp4,1
2.9040592292026775,0.1309966096537707,0.0010581576148979365,0.0005820945459430868,7.04258451461792,1.0012933192086597,50.41578979492188,11.608320740560353,759.1579307510503,430.6928928064192,0.48363596571032497,0.32893368985309424,3.158192073651345,0.07013834649745693,0.00033708444389048966,0.00018304931006567186,7.0231610298156735,1.0036040862370355,30.365824508666993,7.707296684043455,215.51632005411352,113.00049650524116,0.4177682875479004,0.29672335302870895,C:\Users\Lee\Documents\AI_Training_Data\ai_norm_vid\19700121_0413_68f97f2483c0819197c8d5d4b4e64cf3.mp4,1
2.967309503188725,0.1282129185828116,0.0006652255775406957,0.0004142696613140494,7.812501525878906,0.061377809718556706,55.06003341674805,14.787673499896613,493.8010418988397,301.85432401168634,0.4747614301239483,0.2970798217532969,3.1481946274605592,0.055471911729897155,0.00020364458614494652,0.00011819670322512762,7.822776889801025,0.0454536153134076,34.73315010070801,10.317816908293802,134.32282630255523,74.63667205460705,0.4053934834853717,0.24573126384233737,C:\Users\Lee\Documents\AI_Training_Data\ai_norm_vid\19700121_0413_68f97f248bf48191a85cf33b99b0b504.mp4,1
3.0905767275720217,0.04731605759302947,0.00044733767863363026,4.3193381257914885e-05,7.795984077453613,0.02977765028798712,50.53089294433594,0.611462664503701,310.3588156730122,40.93233634232051,0.3389382069447832,0.1929150217527918,3.299754702904604,0.04806439826013806,0.00011629110958892852,1.914973664015644e-05,7.802236557006836,0.01685026729655831,31.064587783813476,0.846351396470492,73.63364823975469,14.476898096893029,0.302882627987327,0.16739687811464474,C:\Users\Lee\Documents\AI_Training_Data\ai_norm_vid\19700121_0413_68f97f24a344819184908284b1383949.mp4,1
2.8978627613372345,0.11429741294818196,0.00046290752943605183,0.00022523828288487896,7.277799129486084,0.251159500759922,46.528759765625,10.14545858346249,390.58001011365104,201.7120058814914,0.5611279672463102,0.286203680734392,2.7758751251311358,0.1464450488861927,0.0002710896049393341,0.00014586323647265988,7.263190841674804,0.25248220964528434,29.155724334716798,8.512723152003895,256.4473796643261,147.08860434921428,0.4682551234033035,0.24148663025863282,C:\Users\Lee\Documents\AI_Training_Data\ai_norm_vid\19700121_0413_68f97f24aab081918fec74f1b1c6b3f5.mp4,1
2.60738988749081,0.12741753249875834,0.0004659027967136353,0.0003079229180249306,7.346657943725586,0.34986950259385785,36.02878074645996,9.41203101944398,484.3288716421836,333.1181450944589,0.3799062609812006,0.25020564002635626,2.699125685373506,0.2008957933418115,0.00031886997749097645,0.0002055795560520612,7.383502006530762,0.3683045488531261,24.271765899658202,7.135693909697185,298.21632687957236,187.60339060288882,0.3079575371947315,0.19126930033751846,C:\Users\Lee\Documents\AI_Training_Data\ai_norm_vid\19700121_0413_68f97f24ae9c8191a66f085a971b178d.mp4,1
3.2191732766609404,0.05938526205576397,0.0003513607196509838,0.00010101402965213331,7.855867958068847,0.01042969804703098,44.28631362915039,4.144133727919818,216.25498399335748,68.30061340211775,0.49402982357006087,0.24947152884359317,3.365938411068188,0.04500452301149675,8.16480715002399e-05,2.7573874096485776e-05,7.855094242095947,0.009949175247499074,25.545102310180663,2.5312111214768755,49.19094456802908,17.599752881065747,0.3927008536583167,0.1982943701729254,C:\Users\Lee\Documents\AI_Training_Data\ai_norm_vid\19700121_0413_68f97f24bfd0819193918c2c9c058928.mp4,1
3.1629586098222533,0.049970311534083864,0.0004216020985040814,4.942727643055606e-05,7.753215980529785,0.04595489443589377,43.101742553710935,1.1233774311734448,264.5506161837041,38.68341009600662,0.3467363164813554,0.17361660390463676,3.2927221108684472,0.03195223171006386,0.00010632757766870782,1.4449401491984177e-05,7.762512493133545,0.03321381218509888,24.472327041625977,0.8985585295647578,66.63001155866398,8.571954327801885,0.27893775391251957,0.1395849800588209,C:\Users\Lee\Documents\AI_Training_Data\ai_norm_vid\19700121_0413_68f97f24c70081918249e9cfa943fd61.mp4,1
3.0102565053922667,0.050796671319465664,0.0006771863321773708,7.667558016610184e-05,7.819607162475586,0.01879468153665744,56.61586227416992,2.1438719622960902,450.54189051789416,62.73785954115071,0.3673194261395816,0.21337741111628764,3.34668941631139,0.03770393504778932,0.00017801744979806244,2.4960280546592496e-05,7.829752826690674,0.010020616318312716,34.887474822998044,1.5163884483161816,102.72412814061815,17.578765044369057,0.3229283602656171,0.1787385505506309,C:\Users\Lee\Documents\AI_Training_Data\ai_norm_vid\19700121_0413_68f97f24e7cc819193789f15b7d4e7ad.mp4,1
3.1185518708565043,0.06345876255186708,0.00020993170037399977,9.79108524531283e-05,7.618396377563476,0.2519882505273353,29.272147750854494,5.8853973571460765,147.21323101511342,65.1916986085394,0.4898624105493755,0.2511904948357899,3.168901780656097,0.08740425314020957,6.783531716791913e-05,2.6414081320064467e-05,7.621847629547119,0.25613692069899585,17.12525863647461,3.294095084356209,48.53348302839389,16.36561207435457,0.38919674760676565,0.20126459379834372,C:\Users\Lee\Documents\AI_Training_Data\ai_norm_vid\19700121_0413_68f97f25239881918eaa7212798043c2.mp4,1
2.9177452672825153,0.14333474948111435,0.0006608849973417819,0.00016098463148790613,7.909536266326905,0.009898032457278806,50.15668869018555,2.3629027348347447,494.4741874769528,188.61368842324083,0.3641799806311973,0.28182835544095813,3.178913792742351,0.08472789627673143,0.00022451080149039627,0.0001120781738101147,7.914065742492676,0.013877260672960185,32.674382019042966,3.279502027878541,141.75914637104324,75.94793214029865,0.3180342916234138,0.24198553850592633,C:\Users\Lee\Documents\AI_Training_Data\ai_norm_vid\19700121_0413_68f97f253fe4819187709bdd1cb8fdea.mp4,1
2.8271336903288136,0.20617568250587084,0.0013271619216538965,0.0010743709941543086,7.8059040069580075,0.08583946412438508,64.9217643737793,25.821719744945174,1073.2663720007386,1033.4207511338666,0.6262132410728205,0.3181467980098267,3.131333785551944,0.10186503761529804,0.00044380306935636326,0.00041575869178743063,7.812399196624756,0.07446284997938465,43.52581901550293,20.599394617455314,281.5427164466013,268.99159138616113,0.547972008663759,0.28085951445957075,C:\Users\Lee\Documents\AI_Training_Data\ai_norm_vid\19700121_0413_68f97f2546d88191bb36af1335cfbc8f.mp4,1
3.111077758591292,0.08606277283152128,0.00022104870004113764,3.1321397822663335e-05,7.80499906539917,0.034299458986890935,39.651346588134764,1.3804256488404063,157.55961731970572,30.123029376463645,0.40120899613580113,0.23273983546247945,3.211166053277367,0.09571891216822143,6.972207629587501e-05,1.6708901779550776e-05,7.825735664367675,0.016946641091081082,23.616917037963866,0.42486162746672784,50.552422180284985,14.523584385785094,0.3252436543766546,0.18390039542129719,C:\Users\Lee\Documents\AI_Training_Data\ai_norm_vid\19700121_0413_68f97f2575a48191b00e69a10e2fc27b.mp4,1
3.153894695989796,0.19081033971151543,0.0009533142438158393,0.00043357244623531174,7.7338920593261715,0.10127432885492886,80.00908203125,9.260919338985452,647.8546062750042,400.5811291514784,0.5572342374786461,0.2937619770941153,3.3948355917401516,0.11716035670641985,0.00023487253638450057,0.00016652004850316993,7.733608627319336,0.09225720164999768,49.125257110595705,10.415784012129796,137.66787214414046,110.7503093313493,0.49523124757640674,0.26227377567088583,C:\Users\Lee\Documents\AI_Training_Data\ai_norm_vid\19700121_0413_68f97f258d4c8191abbee4d31277ab4d.mp4,1
2.9232696420202138,0.07155594431528627,0.000972133781760931,0.0002531842939156377,7.400936126708984,0.37527069614703185,61.75237350463867,12.429993543504919,702.9501109130678,157.82970387729665,0.4855237242550531,0.33126967960513426,3.0993712883772337,0.14238094023524,0.00033823318663053217,7.771540415303395e-05,7.40876874923706,0.3868389330390837,35.771162033081055,7.022297591282058,234.05082579673552,57.14940162505058,0.41250877485656756,0.27194989586172835,C:\Users\Lee\Documents\AI_Training_Data\ai_norm_vid\19700121_0413_68f97f259a508191bdf1b55183b848a9.mp4,1
3.003633724219667,0.04275569004459602,0.0006267673801630735,5.8150394939486494e-05,7.87865571975708,0.02685598299871169,53.91886825561524,1.7229314755822391,438.6322303405633,50.23488032015316,0.24223529522994638,0.1403373213580572,3.311483947793332,0.020797356964687062,0.00016937522159423679,1.8881074878564874e-05,7.888561248779297,0.014571918259871294,32.45184516906738,1.5901264695447406,100.2340336456881,10.004762602771546,0.23117168772908406,0.12637718346279614,C:\Users\Lee\Documents\AI_Training_Data\ai_norm_vid\19700121_0413_68f97f25b5f081919e13b2e4db1f8063.mp4,1
3.117643116536576,0.05397899333055528,0.00047385366051457824,3.580202579007669e-05,7.786416244506836,0.019681041651062433,49.90140228271484,0.7146501942009875,322.2063286768413,40.25444417271825,0.3600324184511449,0.18408007539196714,3.265706748597664,0.05828921990296579,0.00013621001999126748,2.217613111669038e-05,7.7806077003479,0.017548918610285236,27.90705337524414,0.6014615987331073,91.76403012561173,19.537437988471925,0.2972498418047124,0.15057313895812618,C:\Users\Lee\Documents\AI_Training_Data\ai_norm_vid\19700121_0413_68f97f25e8ac819182522de08cdb1ccb.mp4,1
2.6347983485351554,0.05500841563554513,0.0024904692312702537,0.00027764304612419566,7.05232048034668,0.11026724257843587,81.8776351928711,2.3128172271731042,2073.1303418719845,283.0208231316672,0.4919510326398009,0.24618805746278508,2.966646234683979,0.07003966108753579,0.0009638528106734156,0.00017419872236366934,6.972786712646484,0.07213429525022437,58.64737777709961,3.6220888843319625,687.9320036818619,146.45427724312688,0.43127798573965387,0.21577256748820586,C:\Users\Lee\Documents\AI_Training_Data\ai_norm_vid\19700121_0413_68f97f2604e88191a2e60dad58bea66a.mp4,1
2.8905343827038705,0.07721976651789096,0.0009186307433992624,0.00012102522578436157,7.851281833648682,0.023115774771333815,58.500379180908205,1.4432147876619137,687.4524376183728,119.93367468206267,0.2563316378967048,0.12994847129584486,3.2324761849721257,0.042794976922623504,0.0003096387605182827,6.132167450293905e-05,7.8620682716369625,0.008381991480052725,38.26927719116211,2.343517908920156,186.54438438204286,34.31661254453068,0.22783289858872804,0.1150198488341826,C:\Users\Lee\Documents\AI_Training_Data\ai_norm_vid\19700121_0413_68f97f2639c88191b9eba8d4bf57b100.mp4,1
2.980125705397568,0.025433583827911194,0.0006589689874090254,8.511450435114132e-05,7.818568992614746,0.02282311558320317,43.55681228637695,2.1886825940300434,480.2338328894455,70.2826539961975,0.32519782458998076,0.18393026199295257,3.220599132562114,0.039806392993329685,0.00020548171305563302,3.322976601002632e-05,7.826897811889649,0.017230674447020252,26.76832504272461,1.6131924526040209,133.04811982364737,20.813792074446372,0.2767717797012761,0.15325560695512622,C:\Users\Lee\Documents\AI_Training_Data\ai_norm_vid\19700121_0413_68f97f2654888191804d46b8c9c43baa.mp4,1
2.9681085186938807,0.05131018238330181,0.0013747671619057655,0.00011578562676534383,7.647408676147461,0.021785856114529264,79.11833190917969,1.0783750298770851,985.9319449077238,121.4312832546969,0.03517003359223989,0.018546499161691415,3.217508619136068,0.03198602373895825,0.0004045375215355307,6.424968156341717e-05,7.663691425323487,0.0014700217050665728,47.33068618774414,1.5576216998539412,256.9686959186412,43.94431724798093,0.05332933022503008,0.027862488939909853,C:\Users\Lee\Documents\AI_Training_Data\ai_norm_vid\19700121_0413_68f97f26af208191a6577042a8ff1c9f.mp4,1
3.104642571657467,0.04293081908041415,0.0006106340792030096,7.140747800151607e-05,7.871917724609375,0.009519533622717655,56.451576232910156,1.496462910269076,385.3781532516495,51.56827848930582,0.31781657928954554,0.16128856129797964,3.366788269094922,0.008327763696635695,0.00014036409847903997,1.9456784157531007e-05,7.875262832641601,0.0077840500800841214,33.84725341796875,1.5065499732415286,76.43252331591404,8.452403648424212,0.2867980749649515,0.1444910919742404,C:\Users\Lee\Documents\AI_Training_Data\ai_norm_vid\19700121_0413_68f97f26bddc8191b2bf3bffb8c06d7d.mp4,1
3.120674617912186,0.056741644651424984,0.0003374586463905871,0.00010523174512436069,7.711320781707764,0.13278441087125806,50.13559494018555,8.027643524741142,230.39199177188925,64.87158974362723,0.6070914611020326,0.30753446111923827,3.0908025680774998,0.15728275515156243,0.0001235779418493621,3.842334021946653e-05,7.717085552215576,0.14874558648842712,28.942940139770506,4.878969565009989,98.15620008565163,37.586167025892294,0.4996022391327191,0.2556107901383105,C:\Users\Lee\Documents\AI_Training_Data\ai_norm_vid\19700121_0413_68f97f273c488191b4bd18b2b6337739.mp4,1
3.2210989772192016,0.015662770699323245,0.00032641624566167595,1.8780600831350055e-05,7.694199848175049,0.037309761329715536,48.71786346435547,1.7932924769076157,207.786853794717,12.776645049235764,0.2831896519064814,0.15035174137676424,3.2837219132233706,0.02286063787784226,8.875840139808134e-05,7.578284386457623e-06,7.718149566650391,0.01660484576782519,26.94372444152832,0.8647066996209506,60.10305023327711,6.516727599359979,0.2314184911401517,0.12198898969710584,C:\Users\Lee\Documents\AI_Training_Data\ai_norm_vid\19700121_0413_68f97f2776908191834a8bc59ca7a356.mp4,1
